graph,input_cond,seed,node_id,activation,injected,score,distance_A_und,distance_B_und,is_shared,in_top8
F,I1,1,cobblestone,0.0,False,0.2,2,2,0,0
F,I1,1,crafting_table,0.0,False,0.1111,4,4,0,0
F,I1,1,deepslate_iron_ore,0.0,False,0.1111,4,4,0,0
F,I1,1,diamond,0.0,False,0.1111,4,4,0,0
F,I1,1,diamond_ore,0.0,False,0.1111,4,4,0,0
F,I1,1,dirt,0.0,False,0.1111,4,4,0,0
F,I1,1,furnace,0.0,False,0.1111,4,4,0,0
F,I1,1,grass_block,0.0,False,0.1111,4,4,0,0
F,I1,1,iron_ingot,0.0,False,0.1111,4,4,0,0
F,I1,1,iron_ore,0.0,False,0.1429,4,2,0,0
F,I1,1,oak_fence,0.0,False,0.1111,4,4,0,0
F,I1,1,oak_log,0.0,False,0.1111,4,4,0,0
F,I1,1,oak_planks,0.0,False,0.1429,2,4,0,0
F,I1,1,raw_iron,0.0,False,0.1111,4,4,0,0
F,I1,1,stick,0.0,False,0.2,2,2,0,0
F,I1,1,stone,0.0,False,0.2,2,2,0,0
F,I1,1,stone_pickaxe,0.0,False,0.1429,4,2,0,0
F,I1,1,wooden_pickaxe,0.0,False,0.1429,2,4,0,0
F,I1,1,健康,0.0,False,0.0,,,0,0
F,I1,1,可采资源,0.0,False,0.1429,3,3,0,0
F,I1,1,实体:dirt,2.5,True,0.0,,,0,1
F,I1,1,实体:gold_nugget,3.75,True,0.0,,,0,1
F,I1,1,物品:cobblestone,0.0,False,0.2,3,1,0,0
F,I1,1,物品:crafting_table,0.0,False,0.1111,3,5,0,0
F,I1,1,物品:furnace,0.0,False,0.1111,5,3,0,0
F,I1,1,物品:iron_ingot,0.0,False,0.0909,5,5,0,0
F,I1,1,物品:iron_ore,0.0,False,0.0,,,0,0
F,I1,1,物品:oak_fence,0.0,False,0.1429,3,3,0,0
F,I1,1,物品:oak_log,0.0,False,0.1111,3,5,0,0
F,I1,1,物品:oak_planks,0.4167,False,0.2,1,3,0,1
F,I1,1,物品:raw_iron,0.0,False,0.1111,5,3,0,0
F,I1,1,物品:stick,0.4167,False,0.3333,1,1,1,1
F,I1,1,物品:stone,0.0,False,0.0,,,0,0
F,I1,1,物品:stone_pickaxe,0.0,False,0.2,3,1,0,0
F,I1,1,物品:wooden_pickaxe,0.4167,False,0.2,1,3,0,1
F,I1,1,玩家,0.0,False,0.0,,,0,0
F,I1,1,生存需求,0.0,False,0.0,,,0,0
F,I1,1,用户资产保护,0.0,False,0.0,,,0,0
F,I1,1,配方:crafting_table:hand:0,0.0,False,0.1429,2,4,0,0
F,I1,1,配方:furnace:table:0,0.0,False,0.1429,4,2,0,0
F,I1,1,配方:iron_ingot:smelt,0.0,False,0.0909,6,4,0,0
F,I1,1,配方:oak_fence:table:0,0.0,False,0.2,2,2,0,0
F,I1,1,配方:oak_planks:hand:0,0.0,False,0.1429,2,4,0,0
F,I1,1,配方:stick:hand:0,0.0,False,0.2,2,2,0,0
F,I1,1,配方:stone_pickaxe:table:0,0.0,False,0.3333,2,0,0,0
F,I1,1,配方:wooden_pickaxe:table:0,2.5,True,0.3333,0,2,0,1
F,I1,2,cobblestone,0.0,False,0.2,2,2,0,0
F,I1,2,crafting_table,0.0,False,0.1111,4,4,0,0
F,I1,2,deepslate_iron_ore,0.0,False,0.1111,4,4,0,0
F,I1,2,diamond,0.0,False,0.1111,4,4,0,0
F,I1,2,diamond_ore,0.0,False,0.1111,4,4,0,0
F,I1,2,dirt,0.0,False,0.1111,4,4,0,0
F,I1,2,furnace,0.0,False,0.1111,4,4,0,0
F,I1,2,grass_block,0.0,False,0.1111,4,4,0,0
F,I1,2,iron_ingot,0.0,False,0.1111,4,4,0,0
F,I1,2,iron_ore,0.0,False,0.1429,4,2,0,0
F,I1,2,oak_fence,0.0,False,0.1111,4,4,0,0
F,I1,2,oak_log,0.0,False,0.1111,4,4,0,0
F,I1,2,oak_planks,0.0,False,0.1429,2,4,0,0
F,I1,2,raw_iron,0.0,False,0.1111,4,4,0,0
F,I1,2,stick,0.0,False,0.2,2,2,0,0
F,I1,2,stone,0.0,False,0.2,2,2,0,0
F,I1,2,stone_pickaxe,0.0,False,0.1429,4,2,0,0
F,I1,2,wooden_pickaxe,0.0,False,0.1429,2,4,0,0
F,I1,2,健康,0.0,False,0.0,,,0,0
F,I1,2,可采资源,0.0,False,0.1429,3,3,0,0
F,I1,2,实体:birch_log,2.5,True,0.0,,,0,1
F,I1,2,实体:emerald,3.75,True,0.0,,,0,1
F,I1,2,物品:cobblestone,0.0,False,0.2,3,1,0,0
F,I1,2,物品:crafting_table,0.0,False,0.1111,3,5,0,0
F,I1,2,物品:furnace,0.0,False,0.1111,5,3,0,0
F,I1,2,物品:iron_ingot,0.0,False,0.0909,5,5,0,0
F,I1,2,物品:iron_ore,0.0,False,0.0,,,0,0
F,I1,2,物品:oak_fence,0.0,False,0.1429,3,3,0,0
F,I1,2,物品:oak_log,0.0,False,0.1111,3,5,0,0
F,I1,2,物品:oak_planks,0.4167,False,0.2,1,3,0,1
F,I1,2,物品:raw_iron,0.0,False,0.1111,5,3,0,0
F,I1,2,物品:stick,0.4167,False,0.3333,1,1,1,1
F,I1,2,物品:stone,0.0,False,0.0,,,0,0
F,I1,2,物品:stone_pickaxe,0.0,False,0.2,3,1,0,0
F,I1,2,物品:wooden_pickaxe,0.4167,False,0.2,1,3,0,1
F,I1,2,玩家,0.0,False,0.0,,,0,0
F,I1,2,生存需求,0.0,False,0.0,,,0,0
F,I1,2,用户资产保护,0.0,False,0.0,,,0,0
F,I1,2,配方:crafting_table:hand:0,0.0,False,0.1429,2,4,0,0
F,I1,2,配方:furnace:table:0,0.0,False,0.1429,4,2,0,0
F,I1,2,配方:iron_ingot:smelt,0.0,False,0.0909,6,4,0,0
F,I1,2,配方:oak_fence:table:0,0.0,False,0.2,2,2,0,0
F,I1,2,配方:oak_planks:hand:0,0.0,False,0.1429,2,4,0,0
F,I1,2,配方:stick:hand:0,0.0,False,0.2,2,2,0,0
F,I1,2,配方:stone_pickaxe:table:0,0.0,False,0.3333,2,0,0,0
F,I1,2,配方:wooden_pickaxe:table:0,2.5,True,0.3333,0,2,0,1
F,I1,3,cobblestone,0.0,False,0.2,2,2,0,0
F,I1,3,crafting_table,0.0,False,0.1111,4,4,0,0
F,I1,3,deepslate_iron_ore,0.0,False,0.1111,4,4,0,0
F,I1,3,diamond,0.0,False,0.1111,4,4,0,0
F,I1,3,diamond_ore,0.0,False,0.1111,4,4,0,0
F,I1,3,dirt,0.0,False,0.1111,4,4,0,0
F,I1,3,furnace,0.0,False,0.1111,4,4,0,0
F,I1,3,grass_block,0.0,False,0.1111,4,4,0,0
F,I1,3,iron_ingot,0.0,False,0.1111,4,4,0,0
F,I1,3,iron_ore,0.0,False,0.1429,4,2,0,0
F,I1,3,oak_fence,0.0,False,0.1111,4,4,0,0
F,I1,3,oak_log,0.0,False,0.1111,4,4,0,0
F,I1,3,oak_planks,0.0,False,0.1429,2,4,0,0
F,I1,3,raw_iron,0.0,False,0.1111,4,4,0,0
F,I1,3,stick,0.0,False,0.2,2,2,0,0
F,I1,3,stone,0.0,False,0.2,2,2,0,0
F,I1,3,stone_pickaxe,0.0,False,0.1429,4,2,0,0
F,I1,3,wooden_pickaxe,0.0,False,0.1429,2,4,0,0
F,I1,3,健康,0.0,False,0.0,,,0,0
F,I1,3,可采资源,0.0,False,0.1429,3,3,0,0
F,I1,3,实体:diamond,2.5,True,0.0,,,0,1
F,I1,3,实体:gold_nugget,3.75,True,0.0,,,0,1
F,I1,3,物品:cobblestone,0.0,False,0.2,3,1,0,0
F,I1,3,物品:crafting_table,0.0,False,0.1111,3,5,0,0
F,I1,3,物品:furnace,0.0,False,0.1111,5,3,0,0
F,I1,3,物品:iron_ingot,0.0,False,0.0909,5,5,0,0
F,I1,3,物品:iron_ore,0.0,False,0.0,,,0,0
F,I1,3,物品:oak_fence,0.0,False,0.1429,3,3,0,0
F,I1,3,物品:oak_log,0.0,False,0.1111,3,5,0,0
F,I1,3,物品:oak_planks,0.4167,False,0.2,1,3,0,1
F,I1,3,物品:raw_iron,0.0,False,0.1111,5,3,0,0
F,I1,3,物品:stick,0.4167,False,0.3333,1,1,1,1
F,I1,3,物品:stone,0.0,False,0.0,,,0,0
F,I1,3,物品:stone_pickaxe,0.0,False,0.2,3,1,0,0
F,I1,3,物品:wooden_pickaxe,0.4167,False,0.2,1,3,0,1
F,I1,3,玩家,0.0,False,0.0,,,0,0
F,I1,3,生存需求,0.0,False,0.0,,,0,0
F,I1,3,用户资产保护,0.0,False,0.0,,,0,0
F,I1,3,配方:crafting_table:hand:0,0.0,False,0.1429,2,4,0,0
F,I1,3,配方:furnace:table:0,0.0,False,0.1429,4,2,0,0
F,I1,3,配方:iron_ingot:smelt,0.0,False,0.0909,6,4,0,0
F,I1,3,配方:oak_fence:table:0,0.0,False,0.2,2,2,0,0
F,I1,3,配方:oak_planks:hand:0,0.0,False,0.1429,2,4,0,0
F,I1,3,配方:stick:hand:0,0.0,False,0.2,2,2,0,0
F,I1,3,配方:stone_pickaxe:table:0,0.0,False,0.3333,2,0,0,0
F,I1,3,配方:wooden_pickaxe:table:0,2.5,True,0.3333,0,2,0,1
F,I1,4,cobblestone,0.0,False,0.2,2,2,0,0
F,I1,4,crafting_table,0.0,False,0.1111,4,4,0,0
F,I1,4,deepslate_iron_ore,0.0,False,0.1111,4,4,0,0
F,I1,4,diamond,0.0,False,0.1111,4,4,0,0
F,I1,4,diamond_ore,0.0,False,0.1111,4,4,0,0
F,I1,4,dirt,0.0,False,0.1111,4,4,0,0
F,I1,4,furnace,0.0,False,0.1111,4,4,0,0
F,I1,4,grass_block,0.0,False,0.1111,4,4,0,0
F,I1,4,iron_ingot,0.0,False,0.1111,4,4,0,0
F,I1,4,iron_ore,0.0,False,0.1429,4,2,0,0
F,I1,4,oak_fence,0.0,False,0.1111,4,4,0,0
F,I1,4,oak_log,0.0,False,0.1111,4,4,0,0
F,I1,4,oak_planks,0.0,False,0.1429,2,4,0,0
F,I1,4,raw_iron,0.0,False,0.1111,4,4,0,0
F,I1,4,stick,0.0,False,0.2,2,2,0,0
F,I1,4,stone,0.0,False,0.2,2,2,0,0
F,I1,4,stone_pickaxe,0.0,False,0.1429,4,2,0,0
F,I1,4,wooden_pickaxe,0.0,False,0.1429,2,4,0,0
F,I1,4,健康,0.0,False,0.0,,,0,0
F,I1,4,可采资源,0.0,False,0.1429,3,3,0,0
F,I1,4,实体:diamond,2.5,True,0.0,,,0,1
F,I1,4,实体:dirt,3.75,True,0.0,,,0,1
F,I1,4,物品:cobblestone,0.0,False,0.2,3,1,0,0
F,I1,4,物品:crafting_table,0.0,False,0.1111,3,5,0,0
F,I1,4,物品:furnace,0.0,False,0.1111,5,3,0,0
F,I1,4,物品:iron_ingot,0.0,False,0.0909,5,5,0,0
F,I1,4,物品:iron_ore,0.0,False,0.0,,,0,0
F,I1,4,物品:oak_fence,0.0,False,0.1429,3,3,0,0
F,I1,4,物品:oak_log,0.0,False,0.1111,3,5,0,0
F,I1,4,物品:oak_planks,0.4167,False,0.2,1,3,0,1
F,I1,4,物品:raw_iron,0.0,False,0.1111,5,3,0,0
F,I1,4,物品:stick,0.4167,False,0.3333,1,1,1,1
F,I1,4,物品:stone,0.0,False,0.0,,,0,0
F,I1,4,物品:stone_pickaxe,0.0,False,0.2,3,1,0,0
F,I1,4,物品:wooden_pickaxe,0.4167,False,0.2,1,3,0,1
F,I1,4,玩家,0.0,False,0.0,,,0,0
F,I1,4,生存需求,0.0,False,0.0,,,0,0
F,I1,4,用户资产保护,0.0,False,0.0,,,0,0
F,I1,4,配方:crafting_table:hand:0,0.0,False,0.1429,2,4,0,0
F,I1,4,配方:furnace:table:0,0.0,False,0.1429,4,2,0,0
F,I1,4,配方:iron_ingot:smelt,0.0,False,0.0909,6,4,0,0
F,I1,4,配方:oak_fence:table:0,0.0,False,0.2,2,2,0,0
F,I1,4,配方:oak_planks:hand:0,0.0,False,0.1429,2,4,0,0
F,I1,4,配方:stick:hand:0,0.0,False,0.2,2,2,0,0
F,I1,4,配方:stone_pickaxe:table:0,0.0,False,0.3333,2,0,0,0
F,I1,4,配方:wooden_pickaxe:table:0,2.5,True,0.3333,0,2,0,1
F,I1,5,cobblestone,0.0,False,0.2,2,2,0,0
F,I1,5,crafting_table,0.0,False,0.1111,4,4,0,0
F,I1,5,deepslate_iron_ore,0.0,False,0.1111,4,4,0,0
F,I1,5,diamond,0.0,False,0.1111,4,4,0,0
F,I1,5,diamond_ore,0.0,False,0.1111,4,4,0,0
F,I1,5,dirt,0.0,False,0.1111,4,4,0,0
F,I1,5,furnace,0.0,False,0.1111,4,4,0,0
F,I1,5,grass_block,0.0,False,0.1111,4,4,0,0
F,I1,5,iron_ingot,0.0,False,0.1111,4,4,0,0
F,I1,5,iron_ore,0.0,False,0.1429,4,2,0,0
F,I1,5,oak_fence,0.0,False,0.1111,4,4,0,0
F,I1,5,oak_log,0.0,False,0.1111,4,4,0,0
F,I1,5,oak_planks,0.0,False,0.1429,2,4,0,0
F,I1,5,raw_iron,0.0,False,0.1111,4,4,0,0
F,I1,5,stick,0.0,False,0.2,2,2,0,0
F,I1,5,stone,0.0,False,0.2,2,2,0,0
F,I1,5,stone_pickaxe,0.0,False,0.1429,4,2,0,0
F,I1,5,wooden_pickaxe,0.0,False,0.1429,2,4,0,0
F,I1,5,健康,0.0,False,0.0,,,0,0
F,I1,5,可采资源,0.0,False,0.1429,3,3,0,0
F,I1,5,实体:diamond,2.5,True,0.0,,,0,1
F,I1,5,实体:gold_nugget,3.75,True,0.0,,,0,1
F,I1,5,物品:cobblestone,0.0,False,0.2,3,1,0,0
F,I1,5,物品:crafting_table,0.0,False,0.1111,3,5,0,0
F,I1,5,物品:furnace,0.0,False,0.1111,5,3,0,0
F,I1,5,物品:iron_ingot,0.0,False,0.0909,5,5,0,0
F,I1,5,物品:iron_ore,0.0,False,0.0,,,0,0
F,I1,5,物品:oak_fence,0.0,False,0.1429,3,3,0,0
F,I1,5,物品:oak_log,0.0,False,0.1111,3,5,0,0
F,I1,5,物品:oak_planks,0.4167,False,0.2,1,3,0,1
F,I1,5,物品:raw_iron,0.0,False,0.1111,5,3,0,0
F,I1,5,物品:stick,0.4167,False,0.3333,1,1,1,1
F,I1,5,物品:stone,0.0,False,0.0,,,0,0
F,I1,5,物品:stone_pickaxe,0.0,False,0.2,3,1,0,0
F,I1,5,物品:wooden_pickaxe,0.4167,False,0.2,1,3,0,1
F,I1,5,玩家,0.0,False,0.0,,,0,0
F,I1,5,生存需求,0.0,False,0.0,,,0,0
F,I1,5,用户资产保护,0.0,False,0.0,,,0,0
F,I1,5,配方:crafting_table:hand:0,0.0,False,0.1429,2,4,0,0
F,I1,5,配方:furnace:table:0,0.0,False,0.1429,4,2,0,0
F,I1,5,配方:iron_ingot:smelt,0.0,False,0.0909,6,4,0,0
F,I1,5,配方:oak_fence:table:0,0.0,False,0.2,2,2,0,0
F,I1,5,配方:oak_planks:hand:0,0.0,False,0.1429,2,4,0,0
F,I1,5,配方:stick:hand:0,0.0,False,0.2,2,2,0,0
F,I1,5,配方:stone_pickaxe:table:0,0.0,False,0.3333,2,0,0,0
F,I1,5,配方:wooden_pickaxe:table:0,2.5,True,0.3333,0,2,0,1
F,I1,6,cobblestone,0.0,False,0.2,2,2,0,0
F,I1,6,crafting_table,0.0,False,0.1111,4,4,0,0
F,I1,6,deepslate_iron_ore,0.0,False,0.1111,4,4,0,0
F,I1,6,diamond,0.0,False,0.1111,4,4,0,0
F,I1,6,diamond_ore,0.0,False,0.1111,4,4,0,0
F,I1,6,dirt,0.0,False,0.1111,4,4,0,0
F,I1,6,furnace,0.0,False,0.1111,4,4,0,0
F,I1,6,grass_block,0.0,False,0.1111,4,4,0,0
F,I1,6,iron_ingot,0.0,False,0.1111,4,4,0,0
F,I1,6,iron_ore,0.0,False,0.1429,4,2,0,0
F,I1,6,oak_fence,0.0,False,0.1111,4,4,0,0
F,I1,6,oak_log,0.0,False,0.1111,4,4,0,0
F,I1,6,oak_planks,0.0,False,0.1429,2,4,0,0
F,I1,6,raw_iron,0.0,False,0.1111,4,4,0,0
F,I1,6,stick,0.0,False,0.2,2,2,0,0
F,I1,6,stone,0.0,False,0.2,2,2,0,0
F,I1,6,stone_pickaxe,0.0,False,0.1429,4,2,0,0
F,I1,6,wooden_pickaxe,0.0,False,0.1429,2,4,0,0
F,I1,6,健康,0.0,False,0.0,,,0,0
F,I1,6,可采资源,0.0,False,0.1429,3,3,0,0
F,I1,6,实体:diamond,2.5,True,0.0,,,0,1
F,I1,6,实体:gold_nugget,3.75,True,0.0,,,0,1
F,I1,6,物品:cobblestone,0.0,False,0.2,3,1,0,0
F,I1,6,物品:crafting_table,0.0,False,0.1111,3,5,0,0
F,I1,6,物品:furnace,0.0,False,0.1111,5,3,0,0
F,I1,6,物品:iron_ingot,0.0,False,0.0909,5,5,0,0
F,I1,6,物品:iron_ore,0.0,False,0.0,,,0,0
F,I1,6,物品:oak_fence,0.0,False,0.1429,3,3,0,0
F,I1,6,物品:oak_log,0.0,False,0.1111,3,5,0,0
F,I1,6,物品:oak_planks,0.4167,False,0.2,1,3,0,1
F,I1,6,物品:raw_iron,0.0,False,0.1111,5,3,0,0
F,I1,6,物品:stick,0.4167,False,0.3333,1,1,1,1
F,I1,6,物品:stone,0.0,False,0.0,,,0,0
F,I1,6,物品:stone_pickaxe,0.0,False,0.2,3,1,0,0
F,I1,6,物品:wooden_pickaxe,0.4167,False,0.2,1,3,0,1
F,I1,6,玩家,0.0,False,0.0,,,0,0
F,I1,6,生存需求,0.0,False,0.0,,,0,0
F,I1,6,用户资产保护,0.0,False,0.0,,,0,0
F,I1,6,配方:crafting_table:hand:0,0.0,False,0.1429,2,4,0,0
F,I1,6,配方:furnace:table:0,0.0,False,0.1429,4,2,0,0
F,I1,6,配方:iron_ingot:smelt,0.0,False,0.0909,6,4,0,0
F,I1,6,配方:oak_fence:table:0,0.0,False,0.2,2,2,0,0
F,I1,6,配方:oak_planks:hand:0,0.0,False,0.1429,2,4,0,0
F,I1,6,配方:stick:hand:0,0.0,False,0.2,2,2,0,0
F,I1,6,配方:stone_pickaxe:table:0,0.0,False,0.3333,2,0,0,0
F,I1,6,配方:wooden_pickaxe:table:0,2.5,True,0.3333,0,2,0,1
F,I1,7,cobblestone,0.0,False,0.2,2,2,0,0
F,I1,7,crafting_table,0.0,False,0.1111,4,4,0,0
F,I1,7,deepslate_iron_ore,0.0,False,0.1111,4,4,0,0
F,I1,7,diamond,0.0,False,0.1111,4,4,0,0
F,I1,7,diamond_ore,0.0,False,0.1111,4,4,0,0
F,I1,7,dirt,0.0,False,0.1111,4,4,0,0
F,I1,7,furnace,0.0,False,0.1111,4,4,0,0
F,I1,7,grass_block,0.0,False,0.1111,4,4,0,0
F,I1,7,iron_ingot,0.0,False,0.1111,4,4,0,0
F,I1,7,iron_ore,0.0,False,0.1429,4,2,0,0
F,I1,7,oak_fence,0.0,False,0.1111,4,4,0,0
F,I1,7,oak_log,0.0,False,0.1111,4,4,0,0
F,I1,7,oak_planks,0.0,False,0.1429,2,4,0,0
F,I1,7,raw_iron,0.0,False,0.1111,4,4,0,0
F,I1,7,stick,0.0,False,0.2,2,2,0,0
F,I1,7,stone,0.0,False,0.2,2,2,0,0
F,I1,7,stone_pickaxe,0.0,False,0.1429,4,2,0,0
F,I1,7,wooden_pickaxe,0.0,False,0.1429,2,4,0,0
F,I1,7,健康,0.0,False,0.0,,,0,0
F,I1,7,可采资源,0.0,False,0.1429,3,3,0,0
F,I1,7,实体:birch_log,3.75,True,0.0,,,0,1
F,I1,7,实体:diamond,2.5,True,0.0,,,0,1
F,I1,7,物品:cobblestone,0.0,False,0.2,3,1,0,0
F,I1,7,物品:crafting_table,0.0,False,0.1111,3,5,0,0
F,I1,7,物品:furnace,0.0,False,0.1111,5,3,0,0
F,I1,7,物品:iron_ingot,0.0,False,0.0909,5,5,0,0
F,I1,7,物品:iron_ore,0.0,False,0.0,,,0,0
F,I1,7,物品:oak_fence,0.0,False,0.1429,3,3,0,0
F,I1,7,物品:oak_log,0.0,False,0.1111,3,5,0,0
F,I1,7,物品:oak_planks,0.4167,False,0.2,1,3,0,1
F,I1,7,物品:raw_iron,0.0,False,0.1111,5,3,0,0
F,I1,7,物品:stick,0.4167,False,0.3333,1,1,1,1
F,I1,7,物品:stone,0.0,False,0.0,,,0,0
F,I1,7,物品:stone_pickaxe,0.0,False,0.2,3,1,0,0
F,I1,7,物品:wooden_pickaxe,0.4167,False,0.2,1,3,0,1
F,I1,7,玩家,0.0,False,0.0,,,0,0
F,I1,7,生存需求,0.0,False,0.0,,,0,0
F,I1,7,用户资产保护,0.0,False,0.0,,,0,0
F,I1,7,配方:crafting_table:hand:0,0.0,False,0.1429,2,4,0,0
F,I1,7,配方:furnace:table:0,0.0,False,0.1429,4,2,0,0
F,I1,7,配方:iron_ingot:smelt,0.0,False,0.0909,6,4,0,0
F,I1,7,配方:oak_fence:table:0,0.0,False,0.2,2,2,0,0
F,I1,7,配方:oak_planks:hand:0,0.0,False,0.1429,2,4,0,0
F,I1,7,配方:stick:hand:0,0.0,False,0.2,2,2,0,0
F,I1,7,配方:stone_pickaxe:table:0,0.0,False,0.3333,2,0,0,0
F,I1,7,配方:wooden_pickaxe:table:0,2.5,True,0.3333,0,2,0,1
F,I1,8,cobblestone,0.0,False,0.2,2,2,0,0
F,I1,8,crafting_table,0.0,False,0.1111,4,4,0,0
F,I1,8,deepslate_iron_ore,0.0,False,0.1111,4,4,0,0
F,I1,8,diamond,0.0,False,0.1111,4,4,0,0
F,I1,8,diamond_ore,0.0,False,0.1111,4,4,0,0
F,I1,8,dirt,0.0,False,0.1111,4,4,0,0
F,I1,8,furnace,0.0,False,0.1111,4,4,0,0
F,I1,8,grass_block,0.0,False,0.1111,4,4,0,0
F,I1,8,iron_ingot,0.0,False,0.1111,4,4,0,0
F,I1,8,iron_ore,0.0,False,0.1429,4,2,0,0
F,I1,8,oak_fence,0.0,False,0.1111,4,4,0,0
F,I1,8,oak_log,0.0,False,0.1111,4,4,0,0
F,I1,8,oak_planks,0.0,False,0.1429,2,4,0,0
F,I1,8,raw_iron,0.0,False,0.1111,4,4,0,0
F,I1,8,stick,0.0,False,0.2,2,2,0,0
F,I1,8,stone,0.0,False,0.2,2,2,0,0
F,I1,8,stone_pickaxe,0.0,False,0.1429,4,2,0,0
F,I1,8,wooden_pickaxe,0.0,False,0.1429,2,4,0,0
F,I1,8,健康,0.0,False,0.0,,,0,0
F,I1,8,可采资源,0.0,False,0.1429,3,3,0,0
F,I1,8,实体:birch_log,3.75,True,0.0,,,0,1
F,I1,8,实体:diamond,2.5,True,0.0,,,0,1
F,I1,8,物品:cobblestone,0.0,False,0.2,3,1,0,0
F,I1,8,物品:crafting_table,0.0,False,0.1111,3,5,0,0
F,I1,8,物品:furnace,0.0,False,0.1111,5,3,0,0
F,I1,8,物品:iron_ingot,0.0,False,0.0909,5,5,0,0
F,I1,8,物品:iron_ore,0.0,False,0.0,,,0,0
F,I1,8,物品:oak_fence,0.0,False,0.1429,3,3,0,0
F,I1,8,物品:oak_log,0.0,False,0.1111,3,5,0,0
F,I1,8,物品:oak_planks,0.4167,False,0.2,1,3,0,1
F,I1,8,物品:raw_iron,0.0,False,0.1111,5,3,0,0
F,I1,8,物品:stick,0.4167,False,0.3333,1,1,1,1
F,I1,8,物品:stone,0.0,False,0.0,,,0,0
F,I1,8,物品:stone_pickaxe,0.0,False,0.2,3,1,0,0
F,I1,8,物品:wooden_pickaxe,0.4167,False,0.2,1,3,0,1
F,I1,8,玩家,0.0,False,0.0,,,0,0
F,I1,8,生存需求,0.0,False,0.0,,,0,0
F,I1,8,用户资产保护,0.0,False,0.0,,,0,0
F,I1,8,配方:crafting_table:hand:0,0.0,False,0.1429,2,4,0,0
F,I1,8,配方:furnace:table:0,0.0,False,0.1429,4,2,0,0
F,I1,8,配方:iron_ingot:smelt,0.0,False,0.0909,6,4,0,0
F,I1,8,配方:oak_fence:table:0,0.0,False,0.2,2,2,0,0
F,I1,8,配方:oak_planks:hand:0,0.0,False,0.1429,2,4,0,0
F,I1,8,配方:stick:hand:0,0.0,False,0.2,2,2,0,0
F,I1,8,配方:stone_pickaxe:table:0,0.0,False,0.3333,2,0,0,0
F,I1,8,配方:wooden_pickaxe:table:0,2.5,True,0.3333,0,2,0,1
F,I1,9,cobblestone,0.0,False,0.2,2,2,0,0
F,I1,9,crafting_table,0.0,False,0.1111,4,4,0,0
F,I1,9,deepslate_iron_ore,0.0,False,0.1111,4,4,0,0
F,I1,9,diamond,0.0,False,0.1111,4,4,0,0
F,I1,9,diamond_ore,0.0,False,0.1111,4,4,0,0
F,I1,9,dirt,0.0,False,0.1111,4,4,0,0
F,I1,9,furnace,0.0,False,0.1111,4,4,0,0
F,I1,9,grass_block,0.0,False,0.1111,4,4,0,0
F,I1,9,iron_ingot,0.0,False,0.1111,4,4,0,0
F,I1,9,iron_ore,0.0,False,0.1429,4,2,0,0
F,I1,9,oak_fence,0.0,False,0.1111,4,4,0,0
F,I1,9,oak_log,0.0,False,0.1111,4,4,0,0
F,I1,9,oak_planks,0.0,False,0.1429,2,4,0,0
F,I1,9,raw_iron,0.0,False,0.1111,4,4,0,0
F,I1,9,stick,0.0,False,0.2,2,2,0,0
F,I1,9,stone,0.0,False,0.2,2,2,0,0
F,I1,9,stone_pickaxe,0.0,False,0.1429,4,2,0,0
F,I1,9,wooden_pickaxe,0.0,False,0.1429,2,4,0,0
F,I1,9,健康,0.0,False,0.0,,,0,0
F,I1,9,可采资源,0.0,False,0.1429,3,3,0,0
F,I1,9,实体:dirt,2.5,True,0.0,,,0,1
F,I1,9,实体:gold_nugget,3.75,True,0.0,,,0,1
F,I1,9,物品:cobblestone,0.0,False,0.2,3,1,0,0
F,I1,9,物品:crafting_table,0.0,False,0.1111,3,5,0,0
F,I1,9,物品:furnace,0.0,False,0.1111,5,3,0,0
F,I1,9,物品:iron_ingot,0.0,False,0.0909,5,5,0,0
F,I1,9,物品:iron_ore,0.0,False,0.0,,,0,0
F,I1,9,物品:oak_fence,0.0,False,0.1429,3,3,0,0
F,I1,9,物品:oak_log,0.0,False,0.1111,3,5,0,0
F,I1,9,物品:oak_planks,0.4167,False,0.2,1,3,0,1
F,I1,9,物品:raw_iron,0.0,False,0.1111,5,3,0,0
F,I1,9,物品:stick,0.4167,False,0.3333,1,1,1,1
F,I1,9,物品:stone,0.0,False,0.0,,,0,0
F,I1,9,物品:stone_pickaxe,0.0,False,0.2,3,1,0,0
F,I1,9,物品:wooden_pickaxe,0.4167,False,0.2,1,3,0,1
F,I1,9,玩家,0.0,False,0.0,,,0,0
F,I1,9,生存需求,0.0,False,0.0,,,0,0
F,I1,9,用户资产保护,0.0,False,0.0,,,0,0
F,I1,9,配方:crafting_table:hand:0,0.0,False,0.1429,2,4,0,0
F,I1,9,配方:furnace:table:0,0.0,False,0.1429,4,2,0,0
F,I1,9,配方:iron_ingot:smelt,0.0,False,0.0909,6,4,0,0
F,I1,9,配方:oak_fence:table:0,0.0,False,0.2,2,2,0,0
F,I1,9,配方:oak_planks:hand:0,0.0,False,0.1429,2,4,0,0
F,I1,9,配方:stick:hand:0,0.0,False,0.2,2,2,0,0
F,I1,9,配方:stone_pickaxe:table:0,0.0,False,0.3333,2,0,0,0
F,I1,9,配方:wooden_pickaxe:table:0,2.5,True,0.3333,0,2,0,1
F,I1,10,cobblestone,0.0,False,0.2,2,2,0,0
F,I1,10,crafting_table,0.0,False,0.1111,4,4,0,0
F,I1,10,deepslate_iron_ore,0.0,False,0.1111,4,4,0,0
F,I1,10,diamond,0.0,False,0.1111,4,4,0,0
F,I1,10,diamond_ore,0.0,False,0.1111,4,4,0,0
F,I1,10,dirt,0.0,False,0.1111,4,4,0,0
F,I1,10,furnace,0.0,False,0.1111,4,4,0,0
F,I1,10,grass_block,0.0,False,0.1111,4,4,0,0
F,I1,10,iron_ingot,0.0,False,0.1111,4,4,0,0
F,I1,10,iron_ore,0.0,False,0.1429,4,2,0,0
F,I1,10,oak_fence,0.0,False,0.1111,4,4,0,0
F,I1,10,oak_log,0.0,False,0.1111,4,4,0,0
F,I1,10,oak_planks,0.0,False,0.1429,2,4,0,0
F,I1,10,raw_iron,0.0,False,0.1111,4,4,0,0
F,I1,10,stick,0.0,False,0.2,2,2,0,0
F,I1,10,stone,0.0,False,0.2,2,2,0,0
F,I1,10,stone_pickaxe,0.0,False,0.1429,4,2,0,0
F,I1,10,wooden_pickaxe,0.0,False,0.1429,2,4,0,0
F,I1,10,健康,0.0,False,0.0,,,0,0
F,I1,10,可采资源,0.0,False,0.1429,3,3,0,0
F,I1,10,实体:dirt,2.5,True,0.0,,,0,1
F,I1,10,实体:gold_nugget,3.75,True,0.0,,,0,1
F,I1,10,物品:cobblestone,0.0,False,0.2,3,1,0,0
F,I1,10,物品:crafting_table,0.0,False,0.1111,3,5,0,0
F,I1,10,物品:furnace,0.0,False,0.1111,5,3,0,0
F,I1,10,物品:iron_ingot,0.0,False,0.0909,5,5,0,0
F,I1,10,物品:iron_ore,0.0,False,0.0,,,0,0
F,I1,10,物品:oak_fence,0.0,False,0.1429,3,3,0,0
F,I1,10,物品:oak_log,0.0,False,0.1111,3,5,0,0
F,I1,10,物品:oak_planks,0.4167,False,0.2,1,3,0,1
F,I1,10,物品:raw_iron,0.0,False,0.1111,5,3,0,0
F,I1,10,物品:stick,0.4167,False,0.3333,1,1,1,1
F,I1,10,物品:stone,0.0,False,0.0,,,0,0
F,I1,10,物品:stone_pickaxe,0.0,False,0.2,3,1,0,0
F,I1,10,物品:wooden_pickaxe,0.4167,False,0.2,1,3,0,1
F,I1,10,玩家,0.0,False,0.0,,,0,0
F,I1,10,生存需求,0.0,False,0.0,,,0,0
F,I1,10,用户资产保护,0.0,False,0.0,,,0,0
F,I1,10,配方:crafting_table:hand:0,0.0,False,0.1429,2,4,0,0
F,I1,10,配方:furnace:table:0,0.0,False,0.1429,4,2,0,0
F,I1,10,配方:iron_ingot:smelt,0.0,False,0.0909,6,4,0,0
F,I1,10,配方:oak_fence:table:0,0.0,False,0.2,2,2,0,0
F,I1,10,配方:oak_planks:hand:0,0.0,False,0.1429,2,4,0,0
F,I1,10,配方:stick:hand:0,0.0,False,0.2,2,2,0,0
F,I1,10,配方:stone_pickaxe:table:0,0.0,False,0.3333,2,0,0,0
F,I1,10,配方:wooden_pickaxe:table:0,2.5,True,0.3333,0,2,0,1
F,I2,1,cobblestone,0.0,False,0.2,2,2,0,0
F,I2,1,crafting_table,0.0,False,0.1111,4,4,0,0
F,I2,1,deepslate_iron_ore,0.0,False,0.1111,4,4,0,0
F,I2,1,diamond,0.0,False,0.1111,4,4,0,0
F,I2,1,diamond_ore,0.0,False,0.1111,4,4,0,0
F,I2,1,dirt,0.0,False,0.1111,4,4,0,0
F,I2,1,furnace,0.0,False,0.1111,4,4,0,0
F,I2,1,grass_block,0.0,False,0.1111,4,4,0,0
F,I2,1,iron_ingot,0.0,False,0.1111,4,4,0,0
F,I2,1,iron_ore,0.0,False,0.1429,4,2,0,0
F,I2,1,oak_fence,0.0,False,0.1111,4,4,0,0
F,I2,1,oak_log,0.0,False,0.1111,4,4,0,0
F,I2,1,oak_planks,0.0,False,0.1429,2,4,0,0
F,I2,1,raw_iron,0.0,False,0.1111,4,4,0,0
F,I2,1,stick,0.0,False,0.2,2,2,0,0
F,I2,1,stone,0.0,False,0.2,2,2,0,0
F,I2,1,stone_pickaxe,0.0,False,0.1429,4,2,0,0
F,I2,1,wooden_pickaxe,0.0,False,0.1429,2,4,0,0
F,I2,1,健康,0.0,False,0.0,,,0,0
F,I2,1,可采资源,0.0,False,0.1429,3,3,0,0
F,I2,1,实体:diamond,3.75,True,0.0,,,0,1
F,I2,1,实体:dirt,2.5,True,0.0,,,0,1
F,I2,1,物品:cobblestone,0.4167,False,0.2,3,1,0,1
F,I2,1,物品:crafting_table,0.0,False,0.1111,3,5,0,0
F,I2,1,物品:furnace,0.0,False,0.1111,5,3,0,0
F,I2,1,物品:iron_ingot,0.0,False,0.0909,5,5,0,0
F,I2,1,物品:iron_ore,0.0,False,0.0,,,0,0
F,I2,1,物品:oak_fence,0.0,False,0.1429,3,3,0,0
F,I2,1,物品:oak_log,0.0,False,0.1111,3,5,0,0
F,I2,1,物品:oak_planks,0.0,False,0.2,1,3,0,0
F,I2,1,物品:raw_iron,0.0,False,0.1111,5,3,0,0
F,I2,1,物品:stick,0.4167,False,0.3333,1,1,1,1
F,I2,1,物品:stone,0.0,False,0.0,,,0,0
F,I2,1,物品:stone_pickaxe,0.4167,False,0.2,3,1,0,1
F,I2,1,物品:wooden_pickaxe,0.0,False,0.2,1,3,0,0
F,I2,1,玩家,0.0,False,0.0,,,0,0
F,I2,1,生存需求,0.0,False,0.0,,,0,0
F,I2,1,用户资产保护,0.0,False,0.0,,,0,0
F,I2,1,配方:crafting_table:hand:0,0.0,False,0.1429,2,4,0,0
F,I2,1,配方:furnace:table:0,0.0,False,0.1429,4,2,0,0
F,I2,1,配方:iron_ingot:smelt,0.0,False,0.0909,6,4,0,0
F,I2,1,配方:oak_fence:table:0,0.0,False,0.2,2,2,0,0
F,I2,1,配方:oak_planks:hand:0,0.0,False,0.1429,2,4,0,0
F,I2,1,配方:stick:hand:0,0.0,False,0.2,2,2,0,0
F,I2,1,配方:stone_pickaxe:table:0,2.5,True,0.3333,2,0,0,1
F,I2,1,配方:wooden_pickaxe:table:0,0.0,False,0.3333,0,2,0,0
F,I2,2,cobblestone,0.0,False,0.2,2,2,0,0
F,I2,2,crafting_table,0.0,False,0.1111,4,4,0,0
F,I2,2,deepslate_iron_ore,0.0,False,0.1111,4,4,0,0
F,I2,2,diamond,0.0,False,0.1111,4,4,0,0
F,I2,2,diamond_ore,0.0,False,0.1111,4,4,0,0
F,I2,2,dirt,0.0,False,0.1111,4,4,0,0
F,I2,2,furnace,0.0,False,0.1111,4,4,0,0
F,I2,2,grass_block,0.0,False,0.1111,4,4,0,0
F,I2,2,iron_ingot,0.0,False,0.1111,4,4,0,0
F,I2,2,iron_ore,0.0,False,0.1429,4,2,0,0
F,I2,2,oak_fence,0.0,False,0.1111,4,4,0,0
F,I2,2,oak_log,0.0,False,0.1111,4,4,0,0
F,I2,2,oak_planks,0.0,False,0.1429,2,4,0,0
F,I2,2,raw_iron,0.0,False,0.1111,4,4,0,0
F,I2,2,stick,0.0,False,0.2,2,2,0,0
F,I2,2,stone,0.0,False,0.2,2,2,0,0
F,I2,2,stone_pickaxe,0.0,False,0.1429,4,2,0,0
F,I2,2,wooden_pickaxe,0.0,False,0.1429,2,4,0,0
F,I2,2,健康,0.0,False,0.0,,,0,0
F,I2,2,可采资源,0.0,False,0.1429,3,3,0,0
F,I2,2,实体:emerald,3.75,True,0.0,,,0,1
F,I2,2,实体:gold_nugget,2.5,True,0.0,,,0,1
F,I2,2,物品:cobblestone,0.4167,False,0.2,3,1,0,1
F,I2,2,物品:crafting_table,0.0,False,0.1111,3,5,0,0
F,I2,2,物品:furnace,0.0,False,0.1111,5,3,0,0
F,I2,2,物品:iron_ingot,0.0,False,0.0909,5,5,0,0
F,I2,2,物品:iron_ore,0.0,False,0.0,,,0,0
F,I2,2,物品:oak_fence,0.0,False,0.1429,3,3,0,0
F,I2,2,物品:oak_log,0.0,False,0.1111,3,5,0,0
F,I2,2,物品:oak_planks,0.0,False,0.2,1,3,0,0
F,I2,2,物品:raw_iron,0.0,False,0.1111,5,3,0,0
F,I2,2,物品:stick,0.4167,False,0.3333,1,1,1,1
F,I2,2,物品:stone,0.0,False,0.0,,,0,0
F,I2,2,物品:stone_pickaxe,0.4167,False,0.2,3,1,0,1
F,I2,2,物品:wooden_pickaxe,0.0,False,0.2,1,3,0,0
F,I2,2,玩家,0.0,False,0.0,,,0,0
F,I2,2,生存需求,0.0,False,0.0,,,0,0
F,I2,2,用户资产保护,0.0,False,0.0,,,0,0
F,I2,2,配方:crafting_table:hand:0,0.0,False,0.1429,2,4,0,0
F,I2,2,配方:furnace:table:0,0.0,False,0.1429,4,2,0,0
F,I2,2,配方:iron_ingot:smelt,0.0,False,0.0909,6,4,0,0
F,I2,2,配方:oak_fence:table:0,0.0,False,0.2,2,2,0,0
F,I2,2,配方:oak_planks:hand:0,0.0,False,0.1429,2,4,0,0
F,I2,2,配方:stick:hand:0,0.0,False,0.2,2,2,0,0
F,I2,2,配方:stone_pickaxe:table:0,2.5,True,0.3333,2,0,0,1
F,I2,2,配方:wooden_pickaxe:table:0,0.0,False,0.3333,0,2,0,0
F,I2,3,cobblestone,0.0,False,0.2,2,2,0,0
F,I2,3,crafting_table,0.0,False,0.1111,4,4,0,0
F,I2,3,deepslate_iron_ore,0.0,False,0.1111,4,4,0,0
F,I2,3,diamond,0.0,False,0.1111,4,4,0,0
F,I2,3,diamond_ore,0.0,False,0.1111,4,4,0,0
F,I2,3,dirt,0.0,False,0.1111,4,4,0,0
F,I2,3,furnace,0.0,False,0.1111,4,4,0,0
F,I2,3,grass_block,0.0,False,0.1111,4,4,0,0
F,I2,3,iron_ingot,0.0,False,0.1111,4,4,0,0
F,I2,3,iron_ore,0.0,False,0.1429,4,2,0,0
F,I2,3,oak_fence,0.0,False,0.1111,4,4,0,0
F,I2,3,oak_log,0.0,False,0.1111,4,4,0,0
F,I2,3,oak_planks,0.0,False,0.1429,2,4,0,0
F,I2,3,raw_iron,0.0,False,0.1111,4,4,0,0
F,I2,3,stick,0.0,False,0.2,2,2,0,0
F,I2,3,stone,0.0,False,0.2,2,2,0,0
F,I2,3,stone_pickaxe,0.0,False,0.1429,4,2,0,0
F,I2,3,wooden_pickaxe,0.0,False,0.1429,2,4,0,0
F,I2,3,健康,0.0,False,0.0,,,0,0
F,I2,3,可采资源,0.0,False,0.1429,3,3,0,0
F,I2,3,实体:emerald,3.75,True,0.0,,,0,1
F,I2,3,实体:gold_nugget,2.5,True,0.0,,,0,1
F,I2,3,物品:cobblestone,0.4167,False,0.2,3,1,0,1
F,I2,3,物品:crafting_table,0.0,False,0.1111,3,5,0,0
F,I2,3,物品:furnace,0.0,False,0.1111,5,3,0,0
F,I2,3,物品:iron_ingot,0.0,False,0.0909,5,5,0,0
F,I2,3,物品:iron_ore,0.0,False,0.0,,,0,0
F,I2,3,物品:oak_fence,0.0,False,0.1429,3,3,0,0
F,I2,3,物品:oak_log,0.0,False,0.1111,3,5,0,0
F,I2,3,物品:oak_planks,0.0,False,0.2,1,3,0,0
F,I2,3,物品:raw_iron,0.0,False,0.1111,5,3,0,0
F,I2,3,物品:stick,0.4167,False,0.3333,1,1,1,1
F,I2,3,物品:stone,0.0,False,0.0,,,0,0
F,I2,3,物品:stone_pickaxe,0.4167,False,0.2,3,1,0,1
F,I2,3,物品:wooden_pickaxe,0.0,False,0.2,1,3,0,0
F,I2,3,玩家,0.0,False,0.0,,,0,0
F,I2,3,生存需求,0.0,False,0.0,,,0,0
F,I2,3,用户资产保护,0.0,False,0.0,,,0,0
F,I2,3,配方:crafting_table:hand:0,0.0,False,0.1429,2,4,0,0
F,I2,3,配方:furnace:table:0,0.0,False,0.1429,4,2,0,0
F,I2,3,配方:iron_ingot:smelt,0.0,False,0.0909,6,4,0,0
F,I2,3,配方:oak_fence:table:0,0.0,False,0.2,2,2,0,0
F,I2,3,配方:oak_planks:hand:0,0.0,False,0.1429,2,4,0,0
F,I2,3,配方:stick:hand:0,0.0,False,0.2,2,2,0,0
F,I2,3,配方:stone_pickaxe:table:0,2.5,True,0.3333,2,0,0,1
F,I2,3,配方:wooden_pickaxe:table:0,0.0,False,0.3333,0,2,0,0
F,I2,4,cobblestone,0.0,False,0.2,2,2,0,0
F,I2,4,crafting_table,0.0,False,0.1111,4,4,0,0
F,I2,4,deepslate_iron_ore,0.0,False,0.1111,4,4,0,0
F,I2,4,diamond,0.0,False,0.1111,4,4,0,0
F,I2,4,diamond_ore,0.0,False,0.1111,4,4,0,0
F,I2,4,dirt,0.0,False,0.1111,4,4,0,0
F,I2,4,furnace,0.0,False,0.1111,4,4,0,0
F,I2,4,grass_block,0.0,False,0.1111,4,4,0,0
F,I2,4,iron_ingot,0.0,False,0.1111,4,4,0,0
F,I2,4,iron_ore,0.0,False,0.1429,4,2,0,0
F,I2,4,oak_fence,0.0,False,0.1111,4,4,0,0
F,I2,4,oak_log,0.0,False,0.1111,4,4,0,0
F,I2,4,oak_planks,0.0,False,0.1429,2,4,0,0
F,I2,4,raw_iron,0.0,False,0.1111,4,4,0,0
F,I2,4,stick,0.0,False,0.2,2,2,0,0
F,I2,4,stone,0.0,False,0.2,2,2,0,0
F,I2,4,stone_pickaxe,0.0,False,0.1429,4,2,0,0
F,I2,4,wooden_pickaxe,0.0,False,0.1429,2,4,0,0
F,I2,4,健康,0.0,False,0.0,,,0,0
F,I2,4,可采资源,0.0,False,0.1429,3,3,0,0
F,I2,4,实体:birch_log,2.5,True,0.0,,,0,1
F,I2,4,实体:gold_nugget,3.75,True,0.0,,,0,1
F,I2,4,物品:cobblestone,0.4167,False,0.2,3,1,0,1
F,I2,4,物品:crafting_table,0.0,False,0.1111,3,5,0,0
F,I2,4,物品:furnace,0.0,False,0.1111,5,3,0,0
F,I2,4,物品:iron_ingot,0.0,False,0.0909,5,5,0,0
F,I2,4,物品:iron_ore,0.0,False,0.0,,,0,0
F,I2,4,物品:oak_fence,0.0,False,0.1429,3,3,0,0
F,I2,4,物品:oak_log,0.0,False,0.1111,3,5,0,0
F,I2,4,物品:oak_planks,0.0,False,0.2,1,3,0,0
F,I2,4,物品:raw_iron,0.0,False,0.1111,5,3,0,0
F,I2,4,物品:stick,0.4167,False,0.3333,1,1,1,1
F,I2,4,物品:stone,0.0,False,0.0,,,0,0
F,I2,4,物品:stone_pickaxe,0.4167,False,0.2,3,1,0,1
F,I2,4,物品:wooden_pickaxe,0.0,False,0.2,1,3,0,0
F,I2,4,玩家,0.0,False,0.0,,,0,0
F,I2,4,生存需求,0.0,False,0.0,,,0,0
F,I2,4,用户资产保护,0.0,False,0.0,,,0,0
F,I2,4,配方:crafting_table:hand:0,0.0,False,0.1429,2,4,0,0
F,I2,4,配方:furnace:table:0,0.0,False,0.1429,4,2,0,0
F,I2,4,配方:iron_ingot:smelt,0.0,False,0.0909,6,4,0,0
F,I2,4,配方:oak_fence:table:0,0.0,False,0.2,2,2,0,0
F,I2,4,配方:oak_planks:hand:0,0.0,False,0.1429,2,4,0,0
F,I2,4,配方:stick:hand:0,0.0,False,0.2,2,2,0,0
F,I2,4,配方:stone_pickaxe:table:0,2.5,True,0.3333,2,0,0,1
F,I2,4,配方:wooden_pickaxe:table:0,0.0,False,0.3333,0,2,0,0
F,I2,5,cobblestone,0.0,False,0.2,2,2,0,0
F,I2,5,crafting_table,0.0,False,0.1111,4,4,0,0
F,I2,5,deepslate_iron_ore,0.0,False,0.1111,4,4,0,0
F,I2,5,diamond,0.0,False,0.1111,4,4,0,0
F,I2,5,diamond_ore,0.0,False,0.1111,4,4,0,0
F,I2,5,dirt,0.0,False,0.1111,4,4,0,0
F,I2,5,furnace,0.0,False,0.1111,4,4,0,0
F,I2,5,grass_block,0.0,False,0.1111,4,4,0,0
F,I2,5,iron_ingot,0.0,False,0.1111,4,4,0,0
F,I2,5,iron_ore,0.0,False,0.1429,4,2,0,0
F,I2,5,oak_fence,0.0,False,0.1111,4,4,0,0
F,I2,5,oak_log,0.0,False,0.1111,4,4,0,0
F,I2,5,oak_planks,0.0,False,0.1429,2,4,0,0
F,I2,5,raw_iron,0.0,False,0.1111,4,4,0,0
F,I2,5,stick,0.0,False,0.2,2,2,0,0
F,I2,5,stone,0.0,False,0.2,2,2,0,0
F,I2,5,stone_pickaxe,0.0,False,0.1429,4,2,0,0
F,I2,5,wooden_pickaxe,0.0,False,0.1429,2,4,0,0
F,I2,5,健康,0.0,False,0.0,,,0,0
F,I2,5,可采资源,0.0,False,0.1429,3,3,0,0
F,I2,5,实体:birch_log,3.75,True,0.0,,,0,1
F,I2,5,实体:gold_nugget,2.5,True,0.0,,,0,1
F,I2,5,物品:cobblestone,0.4167,False,0.2,3,1,0,1
F,I2,5,物品:crafting_table,0.0,False,0.1111,3,5,0,0
F,I2,5,物品:furnace,0.0,False,0.1111,5,3,0,0
F,I2,5,物品:iron_ingot,0.0,False,0.0909,5,5,0,0
F,I2,5,物品:iron_ore,0.0,False,0.0,,,0,0
F,I2,5,物品:oak_fence,0.0,False,0.1429,3,3,0,0
F,I2,5,物品:oak_log,0.0,False,0.1111,3,5,0,0
F,I2,5,物品:oak_planks,0.0,False,0.2,1,3,0,0
F,I2,5,物品:raw_iron,0.0,False,0.1111,5,3,0,0
F,I2,5,物品:stick,0.4167,False,0.3333,1,1,1,1
F,I2,5,物品:stone,0.0,False,0.0,,,0,0
F,I2,5,物品:stone_pickaxe,0.4167,False,0.2,3,1,0,1
F,I2,5,物品:wooden_pickaxe,0.0,False,0.2,1,3,0,0
F,I2,5,玩家,0.0,False,0.0,,,0,0
F,I2,5,生存需求,0.0,False,0.0,,,0,0
F,I2,5,用户资产保护,0.0,False,0.0,,,0,0
F,I2,5,配方:crafting_table:hand:0,0.0,False,0.1429,2,4,0,0
F,I2,5,配方:furnace:table:0,0.0,False,0.1429,4,2,0,0
F,I2,5,配方:iron_ingot:smelt,0.0,False,0.0909,6,4,0,0
F,I2,5,配方:oak_fence:table:0,0.0,False,0.2,2,2,0,0
F,I2,5,配方:oak_planks:hand:0,0.0,False,0.1429,2,4,0,0
F,I2,5,配方:stick:hand:0,0.0,False,0.2,2,2,0,0
F,I2,5,配方:stone_pickaxe:table:0,2.5,True,0.3333,2,0,0,1
F,I2,5,配方:wooden_pickaxe:table:0,0.0,False,0.3333,0,2,0,0
F,I2,6,cobblestone,0.0,False,0.2,2,2,0,0
F,I2,6,crafting_table,0.0,False,0.1111,4,4,0,0
F,I2,6,deepslate_iron_ore,0.0,False,0.1111,4,4,0,0
F,I2,6,diamond,0.0,False,0.1111,4,4,0,0
F,I2,6,diamond_ore,0.0,False,0.1111,4,4,0,0
F,I2,6,dirt,0.0,False,0.1111,4,4,0,0
F,I2,6,furnace,0.0,False,0.1111,4,4,0,0
F,I2,6,grass_block,0.0,False,0.1111,4,4,0,0
F,I2,6,iron_ingot,0.0,False,0.1111,4,4,0,0
F,I2,6,iron_ore,0.0,False,0.1429,4,2,0,0
F,I2,6,oak_fence,0.0,False,0.1111,4,4,0,0
F,I2,6,oak_log,0.0,False,0.1111,4,4,0,0
F,I2,6,oak_planks,0.0,False,0.1429,2,4,0,0
F,I2,6,raw_iron,0.0,False,0.1111,4,4,0,0
F,I2,6,stick,0.0,False,0.2,2,2,0,0
F,I2,6,stone,0.0,False,0.2,2,2,0,0
F,I2,6,stone_pickaxe,0.0,False,0.1429,4,2,0,0
F,I2,6,wooden_pickaxe,0.0,False,0.1429,2,4,0,0
F,I2,6,健康,0.0,False,0.0,,,0,0
F,I2,6,可采资源,0.0,False,0.1429,3,3,0,0
F,I2,6,实体:birch_log,3.75,True,0.0,,,0,1
F,I2,6,实体:gold_nugget,2.5,True,0.0,,,0,1
F,I2,6,物品:cobblestone,0.4167,False,0.2,3,1,0,1
F,I2,6,物品:crafting_table,0.0,False,0.1111,3,5,0,0
F,I2,6,物品:furnace,0.0,False,0.1111,5,3,0,0
F,I2,6,物品:iron_ingot,0.0,False,0.0909,5,5,0,0
F,I2,6,物品:iron_ore,0.0,False,0.0,,,0,0
F,I2,6,物品:oak_fence,0.0,False,0.1429,3,3,0,0
F,I2,6,物品:oak_log,0.0,False,0.1111,3,5,0,0
F,I2,6,物品:oak_planks,0.0,False,0.2,1,3,0,0
F,I2,6,物品:raw_iron,0.0,False,0.1111,5,3,0,0
F,I2,6,物品:stick,0.4167,False,0.3333,1,1,1,1
F,I2,6,物品:stone,0.0,False,0.0,,,0,0
F,I2,6,物品:stone_pickaxe,0.4167,False,0.2,3,1,0,1
F,I2,6,物品:wooden_pickaxe,0.0,False,0.2,1,3,0,0
F,I2,6,玩家,0.0,False,0.0,,,0,0
F,I2,6,生存需求,0.0,False,0.0,,,0,0
F,I2,6,用户资产保护,0.0,False,0.0,,,0,0
F,I2,6,配方:crafting_table:hand:0,0.0,False,0.1429,2,4,0,0
F,I2,6,配方:furnace:table:0,0.0,False,0.1429,4,2,0,0
F,I2,6,配方:iron_ingot:smelt,0.0,False,0.0909,6,4,0,0
F,I2,6,配方:oak_fence:table:0,0.0,False,0.2,2,2,0,0
F,I2,6,配方:oak_planks:hand:0,0.0,False,0.1429,2,4,0,0
F,I2,6,配方:stick:hand:0,0.0,False,0.2,2,2,0,0
F,I2,6,配方:stone_pickaxe:table:0,2.5,True,0.3333,2,0,0,1
F,I2,6,配方:wooden_pickaxe:table:0,0.0,False,0.3333,0,2,0,0
F,I2,7,cobblestone,0.0,False,0.2,2,2,0,0
F,I2,7,crafting_table,0.0,False,0.1111,4,4,0,0
F,I2,7,deepslate_iron_ore,0.0,False,0.1111,4,4,0,0
F,I2,7,diamond,0.0,False,0.1111,4,4,0,0
F,I2,7,diamond_ore,0.0,False,0.1111,4,4,0,0
F,I2,7,dirt,0.0,False,0.1111,4,4,0,0
F,I2,7,furnace,0.0,False,0.1111,4,4,0,0
F,I2,7,grass_block,0.0,False,0.1111,4,4,0,0
F,I2,7,iron_ingot,0.0,False,0.1111,4,4,0,0
F,I2,7,iron_ore,0.0,False,0.1429,4,2,0,0
F,I2,7,oak_fence,0.0,False,0.1111,4,4,0,0
F,I2,7,oak_log,0.0,False,0.1111,4,4,0,0
F,I2,7,oak_planks,0.0,False,0.1429,2,4,0,0
F,I2,7,raw_iron,0.0,False,0.1111,4,4,0,0
F,I2,7,stick,0.0,False,0.2,2,2,0,0
F,I2,7,stone,0.0,False,0.2,2,2,0,0
F,I2,7,stone_pickaxe,0.0,False,0.1429,4,2,0,0
F,I2,7,wooden_pickaxe,0.0,False,0.1429,2,4,0,0
F,I2,7,健康,0.0,False,0.0,,,0,0
F,I2,7,可采资源,0.0,False,0.1429,3,3,0,0
F,I2,7,实体:birch_log,2.5,True,0.0,,,0,1
F,I2,7,实体:gold_nugget,3.75,True,0.0,,,0,1
F,I2,7,物品:cobblestone,0.4167,False,0.2,3,1,0,1
F,I2,7,物品:crafting_table,0.0,False,0.1111,3,5,0,0
F,I2,7,物品:furnace,0.0,False,0.1111,5,3,0,0
F,I2,7,物品:iron_ingot,0.0,False,0.0909,5,5,0,0
F,I2,7,物品:iron_ore,0.0,False,0.0,,,0,0
F,I2,7,物品:oak_fence,0.0,False,0.1429,3,3,0,0
F,I2,7,物品:oak_log,0.0,False,0.1111,3,5,0,0
F,I2,7,物品:oak_planks,0.0,False,0.2,1,3,0,0
F,I2,7,物品:raw_iron,0.0,False,0.1111,5,3,0,0
F,I2,7,物品:stick,0.4167,False,0.3333,1,1,1,1
F,I2,7,物品:stone,0.0,False,0.0,,,0,0
F,I2,7,物品:stone_pickaxe,0.4167,False,0.2,3,1,0,1
F,I2,7,物品:wooden_pickaxe,0.0,False,0.2,1,3,0,0
F,I2,7,玩家,0.0,False,0.0,,,0,0
F,I2,7,生存需求,0.0,False,0.0,,,0,0
F,I2,7,用户资产保护,0.0,False,0.0,,,0,0
F,I2,7,配方:crafting_table:hand:0,0.0,False,0.1429,2,4,0,0
F,I2,7,配方:furnace:table:0,0.0,False,0.1429,4,2,0,0
F,I2,7,配方:iron_ingot:smelt,0.0,False,0.0909,6,4,0,0
F,I2,7,配方:oak_fence:table:0,0.0,False,0.2,2,2,0,0
F,I2,7,配方:oak_planks:hand:0,0.0,False,0.1429,2,4,0,0
F,I2,7,配方:stick:hand:0,0.0,False,0.2,2,2,0,0
F,I2,7,配方:stone_pickaxe:table:0,2.5,True,0.3333,2,0,0,1
F,I2,7,配方:wooden_pickaxe:table:0,0.0,False,0.3333,0,2,0,0
F,I2,8,cobblestone,0.0,False,0.2,2,2,0,0
F,I2,8,crafting_table,0.0,False,0.1111,4,4,0,0
F,I2,8,deepslate_iron_ore,0.0,False,0.1111,4,4,0,0
F,I2,8,diamond,0.0,False,0.1111,4,4,0,0
F,I2,8,diamond_ore,0.0,False,0.1111,4,4,0,0
F,I2,8,dirt,0.0,False,0.1111,4,4,0,0
F,I2,8,furnace,0.0,False,0.1111,4,4,0,0
F,I2,8,grass_block,0.0,False,0.1111,4,4,0,0
F,I2,8,iron_ingot,0.0,False,0.1111,4,4,0,0
F,I2,8,iron_ore,0.0,False,0.1429,4,2,0,0
F,I2,8,oak_fence,0.0,False,0.1111,4,4,0,0
F,I2,8,oak_log,0.0,False,0.1111,4,4,0,0
F,I2,8,oak_planks,0.0,False,0.1429,2,4,0,0
F,I2,8,raw_iron,0.0,False,0.1111,4,4,0,0
F,I2,8,stick,0.0,False,0.2,2,2,0,0
F,I2,8,stone,0.0,False,0.2,2,2,0,0
F,I2,8,stone_pickaxe,0.0,False,0.1429,4,2,0,0
F,I2,8,wooden_pickaxe,0.0,False,0.1429,2,4,0,0
F,I2,8,健康,0.0,False,0.0,,,0,0
F,I2,8,可采资源,0.0,False,0.1429,3,3,0,0
F,I2,8,实体:dirt,2.5,True,0.0,,,0,1
F,I2,8,实体:gold_nugget,3.75,True,0.0,,,0,1
F,I2,8,物品:cobblestone,0.4167,False,0.2,3,1,0,1
F,I2,8,物品:crafting_table,0.0,False,0.1111,3,5,0,0
F,I2,8,物品:furnace,0.0,False,0.1111,5,3,0,0
F,I2,8,物品:iron_ingot,0.0,False,0.0909,5,5,0,0
F,I2,8,物品:iron_ore,0.0,False,0.0,,,0,0
F,I2,8,物品:oak_fence,0.0,False,0.1429,3,3,0,0
F,I2,8,物品:oak_log,0.0,False,0.1111,3,5,0,0
F,I2,8,物品:oak_planks,0.0,False,0.2,1,3,0,0
F,I2,8,物品:raw_iron,0.0,False,0.1111,5,3,0,0
F,I2,8,物品:stick,0.4167,False,0.3333,1,1,1,1
F,I2,8,物品:stone,0.0,False,0.0,,,0,0
F,I2,8,物品:stone_pickaxe,0.4167,False,0.2,3,1,0,1
F,I2,8,物品:wooden_pickaxe,0.0,False,0.2,1,3,0,0
F,I2,8,玩家,0.0,False,0.0,,,0,0
F,I2,8,生存需求,0.0,False,0.0,,,0,0
F,I2,8,用户资产保护,0.0,False,0.0,,,0,0
F,I2,8,配方:crafting_table:hand:0,0.0,False,0.1429,2,4,0,0
F,I2,8,配方:furnace:table:0,0.0,False,0.1429,4,2,0,0
F,I2,8,配方:iron_ingot:smelt,0.0,False,0.0909,6,4,0,0
F,I2,8,配方:oak_fence:table:0,0.0,False,0.2,2,2,0,0
F,I2,8,配方:oak_planks:hand:0,0.0,False,0.1429,2,4,0,0
F,I2,8,配方:stick:hand:0,0.0,False,0.2,2,2,0,0
F,I2,8,配方:stone_pickaxe:table:0,2.5,True,0.3333,2,0,0,1
F,I2,8,配方:wooden_pickaxe:table:0,0.0,False,0.3333,0,2,0,0
F,I2,9,cobblestone,0.0,False,0.2,2,2,0,0
F,I2,9,crafting_table,0.0,False,0.1111,4,4,0,0
F,I2,9,deepslate_iron_ore,0.0,False,0.1111,4,4,0,0
F,I2,9,diamond,0.0,False,0.1111,4,4,0,0
F,I2,9,diamond_ore,0.0,False,0.1111,4,4,0,0
F,I2,9,dirt,0.0,False,0.1111,4,4,0,0
F,I2,9,furnace,0.0,False,0.1111,4,4,0,0
F,I2,9,grass_block,0.0,False,0.1111,4,4,0,0
F,I2,9,iron_ingot,0.0,False,0.1111,4,4,0,0
F,I2,9,iron_ore,0.0,False,0.1429,4,2,0,0
F,I2,9,oak_fence,0.0,False,0.1111,4,4,0,0
F,I2,9,oak_log,0.0,False,0.1111,4,4,0,0
F,I2,9,oak_planks,0.0,False,0.1429,2,4,0,0
F,I2,9,raw_iron,0.0,False,0.1111,4,4,0,0
F,I2,9,stick,0.0,False,0.2,2,2,0,0
F,I2,9,stone,0.0,False,0.2,2,2,0,0
F,I2,9,stone_pickaxe,0.0,False,0.1429,4,2,0,0
F,I2,9,wooden_pickaxe,0.0,False,0.1429,2,4,0,0
F,I2,9,健康,0.0,False,0.0,,,0,0
F,I2,9,可采资源,0.0,False,0.1429,3,3,0,0
F,I2,9,实体:birch_log,2.5,True,0.0,,,0,1
F,I2,9,实体:dirt,3.75,True,0.0,,,0,1
F,I2,9,物品:cobblestone,0.4167,False,0.2,3,1,0,1
F,I2,9,物品:crafting_table,0.0,False,0.1111,3,5,0,0
F,I2,9,物品:furnace,0.0,False,0.1111,5,3,0,0
F,I2,9,物品:iron_ingot,0.0,False,0.0909,5,5,0,0
F,I2,9,物品:iron_ore,0.0,False,0.0,,,0,0
F,I2,9,物品:oak_fence,0.0,False,0.1429,3,3,0,0
F,I2,9,物品:oak_log,0.0,False,0.1111,3,5,0,0
F,I2,9,物品:oak_planks,0.0,False,0.2,1,3,0,0
F,I2,9,物品:raw_iron,0.0,False,0.1111,5,3,0,0
F,I2,9,物品:stick,0.4167,False,0.3333,1,1,1,1
F,I2,9,物品:stone,0.0,False,0.0,,,0,0
F,I2,9,物品:stone_pickaxe,0.4167,False,0.2,3,1,0,1
F,I2,9,物品:wooden_pickaxe,0.0,False,0.2,1,3,0,0
F,I2,9,玩家,0.0,False,0.0,,,0,0
F,I2,9,生存需求,0.0,False,0.0,,,0,0
F,I2,9,用户资产保护,0.0,False,0.0,,,0,0
F,I2,9,配方:crafting_table:hand:0,0.0,False,0.1429,2,4,0,0
F,I2,9,配方:furnace:table:0,0.0,False,0.1429,4,2,0,0
F,I2,9,配方:iron_ingot:smelt,0.0,False,0.0909,6,4,0,0
F,I2,9,配方:oak_fence:table:0,0.0,False,0.2,2,2,0,0
F,I2,9,配方:oak_planks:hand:0,0.0,False,0.1429,2,4,0,0
F,I2,9,配方:stick:hand:0,0.0,False,0.2,2,2,0,0
F,I2,9,配方:stone_pickaxe:table:0,2.5,True,0.3333,2,0,0,1
F,I2,9,配方:wooden_pickaxe:table:0,0.0,False,0.3333,0,2,0,0
F,I2,10,cobblestone,0.0,False,0.2,2,2,0,0
F,I2,10,crafting_table,0.0,False,0.1111,4,4,0,0
F,I2,10,deepslate_iron_ore,0.0,False,0.1111,4,4,0,0
F,I2,10,diamond,0.0,False,0.1111,4,4,0,0
F,I2,10,diamond_ore,0.0,False,0.1111,4,4,0,0
F,I2,10,dirt,0.0,False,0.1111,4,4,0,0
F,I2,10,furnace,0.0,False,0.1111,4,4,0,0
F,I2,10,grass_block,0.0,False,0.1111,4,4,0,0
F,I2,10,iron_ingot,0.0,False,0.1111,4,4,0,0
F,I2,10,iron_ore,0.0,False,0.1429,4,2,0,0
F,I2,10,oak_fence,0.0,False,0.1111,4,4,0,0
F,I2,10,oak_log,0.0,False,0.1111,4,4,0,0
F,I2,10,oak_planks,0.0,False,0.1429,2,4,0,0
F,I2,10,raw_iron,0.0,False,0.1111,4,4,0,0
F,I2,10,stick,0.0,False,0.2,2,2,0,0
F,I2,10,stone,0.0,False,0.2,2,2,0,0
F,I2,10,stone_pickaxe,0.0,False,0.1429,4,2,0,0
F,I2,10,wooden_pickaxe,0.0,False,0.1429,2,4,0,0
F,I2,10,健康,0.0,False,0.0,,,0,0
F,I2,10,可采资源,0.0,False,0.1429,3,3,0,0
F,I2,10,实体:emerald,3.75,True,0.0,,,0,1
F,I2,10,实体:gold_nugget,2.5,True,0.0,,,0,1
F,I2,10,物品:cobblestone,0.4167,False,0.2,3,1,0,1
F,I2,10,物品:crafting_table,0.0,False,0.1111,3,5,0,0
F,I2,10,物品:furnace,0.0,False,0.1111,5,3,0,0
F,I2,10,物品:iron_ingot,0.0,False,0.0909,5,5,0,0
F,I2,10,物品:iron_ore,0.0,False,0.0,,,0,0
F,I2,10,物品:oak_fence,0.0,False,0.1429,3,3,0,0
F,I2,10,物品:oak_log,0.0,False,0.1111,3,5,0,0
F,I2,10,物品:oak_planks,0.0,False,0.2,1,3,0,0
F,I2,10,物品:raw_iron,0.0,False,0.1111,5,3,0,0
F,I2,10,物品:stick,0.4167,False,0.3333,1,1,1,1
F,I2,10,物品:stone,0.0,False,0.0,,,0,0
F,I2,10,物品:stone_pickaxe,0.4167,False,0.2,3,1,0,1
F,I2,10,物品:wooden_pickaxe,0.0,False,0.2,1,3,0,0
F,I2,10,玩家,0.0,False,0.0,,,0,0
F,I2,10,生存需求,0.0,False,0.0,,,0,0
F,I2,10,用户资产保护,0.0,False,0.0,,,0,0
F,I2,10,配方:crafting_table:hand:0,0.0,False,0.1429,2,4,0,0
F,I2,10,配方:furnace:table:0,0.0,False,0.1429,4,2,0,0
F,I2,10,配方:iron_ingot:smelt,0.0,False,0.0909,6,4,0,0
F,I2,10,配方:oak_fence:table:0,0.0,False,0.2,2,2,0,0
F,I2,10,配方:oak_planks:hand:0,0.0,False,0.1429,2,4,0,0
F,I2,10,配方:stick:hand:0,0.0,False,0.2,2,2,0,0
F,I2,10,配方:stone_pickaxe:table:0,2.5,True,0.3333,2,0,0,1
F,I2,10,配方:wooden_pickaxe:table:0,0.0,False,0.3333,0,2,0,0
F,I3,1,cobblestone,0.0,False,0.2,2,2,0,0
F,I3,1,crafting_table,0.0,False,0.1111,4,4,0,0
F,I3,1,deepslate_iron_ore,0.0,False,0.1111,4,4,0,0
F,I3,1,diamond,0.0,False,0.1111,4,4,0,0
F,I3,1,diamond_ore,0.0,False,0.1111,4,4,0,0
F,I3,1,dirt,0.0,False,0.1111,4,4,0,0
F,I3,1,furnace,0.0,False,0.1111,4,4,0,0
F,I3,1,grass_block,0.0,False,0.1111,4,4,0,0
F,I3,1,iron_ingot,0.0,False,0.1111,4,4,0,0
F,I3,1,iron_ore,0.0,False,0.1429,4,2,0,0
F,I3,1,oak_fence,0.0,False,0.1111,4,4,0,0
F,I3,1,oak_log,0.0,False,0.1111,4,4,0,0
F,I3,1,oak_planks,0.0,False,0.1429,2,4,0,0
F,I3,1,raw_iron,0.0,False,0.1111,4,4,0,0
F,I3,1,stick,0.0,False,0.2,2,2,0,0
F,I3,1,stone,0.0,False,0.2,2,2,0,0
F,I3,1,stone_pickaxe,0.0,False,0.1429,4,2,0,0
F,I3,1,wooden_pickaxe,0.0,False,0.1429,2,4,0,0
F,I3,1,健康,0.0,False,0.0,,,0,0
F,I3,1,可采资源,0.0,False,0.1429,3,3,0,0
F,I3,1,实体:dirt,2.5,True,0.0,,,0,1
F,I3,1,实体:emerald,3.75,True,0.0,,,0,1
F,I3,1,物品:cobblestone,0.4167,False,0.2,3,1,0,1
F,I3,1,物品:crafting_table,0.0,False,0.1111,3,5,0,0
F,I3,1,物品:furnace,0.0,False,0.1111,5,3,0,0
F,I3,1,物品:iron_ingot,0.0,False,0.0909,5,5,0,0
F,I3,1,物品:iron_ore,0.0,False,0.0,,,0,0
F,I3,1,物品:oak_fence,0.0,False,0.1429,3,3,0,0
F,I3,1,物品:oak_log,0.0,False,0.1111,3,5,0,0
F,I3,1,物品:oak_planks,0.4167,False,0.2,1,3,0,1
F,I3,1,物品:raw_iron,0.0,False,0.1111,5,3,0,0
F,I3,1,物品:stick,0.8333,False,0.3333,1,1,1,1
F,I3,1,物品:stone,0.0,False,0.0,,,0,0
F,I3,1,物品:stone_pickaxe,0.4167,False,0.2,3,1,0,0
F,I3,1,物品:wooden_pickaxe,0.4167,False,0.2,1,3,0,1
F,I3,1,玩家,0.0,False,0.0,,,0,0
F,I3,1,生存需求,0.0,False,0.0,,,0,0
F,I3,1,用户资产保护,0.0,False,0.0,,,0,0
F,I3,1,配方:crafting_table:hand:0,0.0,False,0.1429,2,4,0,0
F,I3,1,配方:furnace:table:0,0.0,False,0.1429,4,2,0,0
F,I3,1,配方:iron_ingot:smelt,0.0,False,0.0909,6,4,0,0
F,I3,1,配方:oak_fence:table:0,0.0,False,0.2,2,2,0,0
F,I3,1,配方:oak_planks:hand:0,0.0,False,0.1429,2,4,0,0
F,I3,1,配方:stick:hand:0,0.0,False,0.2,2,2,0,0
F,I3,1,配方:stone_pickaxe:table:0,2.5,True,0.3333,2,0,0,1
F,I3,1,配方:wooden_pickaxe:table:0,2.5,True,0.3333,0,2,0,1
F,I3,2,cobblestone,0.0,False,0.2,2,2,0,0
F,I3,2,crafting_table,0.0,False,0.1111,4,4,0,0
F,I3,2,deepslate_iron_ore,0.0,False,0.1111,4,4,0,0
F,I3,2,diamond,0.0,False,0.1111,4,4,0,0
F,I3,2,diamond_ore,0.0,False,0.1111,4,4,0,0
F,I3,2,dirt,0.0,False,0.1111,4,4,0,0
F,I3,2,furnace,0.0,False,0.1111,4,4,0,0
F,I3,2,grass_block,0.0,False,0.1111,4,4,0,0
F,I3,2,iron_ingot,0.0,False,0.1111,4,4,0,0
F,I3,2,iron_ore,0.0,False,0.1429,4,2,0,0
F,I3,2,oak_fence,0.0,False,0.1111,4,4,0,0
F,I3,2,oak_log,0.0,False,0.1111,4,4,0,0
F,I3,2,oak_planks,0.0,False,0.1429,2,4,0,0
F,I3,2,raw_iron,0.0,False,0.1111,4,4,0,0
F,I3,2,stick,0.0,False,0.2,2,2,0,0
F,I3,2,stone,0.0,False,0.2,2,2,0,0
F,I3,2,stone_pickaxe,0.0,False,0.1429,4,2,0,0
F,I3,2,wooden_pickaxe,0.0,False,0.1429,2,4,0,0
F,I3,2,健康,0.0,False,0.0,,,0,0
F,I3,2,可采资源,0.0,False,0.1429,3,3,0,0
F,I3,2,实体:birch_log,3.75,True,0.0,,,0,1
F,I3,2,实体:diamond,2.5,True,0.0,,,0,1
F,I3,2,物品:cobblestone,0.4167,False,0.2,3,1,0,1
F,I3,2,物品:crafting_table,0.0,False,0.1111,3,5,0,0
F,I3,2,物品:furnace,0.0,False,0.1111,5,3,0,0
F,I3,2,物品:iron_ingot,0.0,False,0.0909,5,5,0,0
F,I3,2,物品:iron_ore,0.0,False,0.0,,,0,0
F,I3,2,物品:oak_fence,0.0,False,0.1429,3,3,0,0
F,I3,2,物品:oak_log,0.0,False,0.1111,3,5,0,0
F,I3,2,物品:oak_planks,0.4167,False,0.2,1,3,0,1
F,I3,2,物品:raw_iron,0.0,False,0.1111,5,3,0,0
F,I3,2,物品:stick,0.8333,False,0.3333,1,1,1,1
F,I3,2,物品:stone,0.0,False,0.0,,,0,0
F,I3,2,物品:stone_pickaxe,0.4167,False,0.2,3,1,0,0
F,I3,2,物品:wooden_pickaxe,0.4167,False,0.2,1,3,0,1
F,I3,2,玩家,0.0,False,0.0,,,0,0
F,I3,2,生存需求,0.0,False,0.0,,,0,0
F,I3,2,用户资产保护,0.0,False,0.0,,,0,0
F,I3,2,配方:crafting_table:hand:0,0.0,False,0.1429,2,4,0,0
F,I3,2,配方:furnace:table:0,0.0,False,0.1429,4,2,0,0
F,I3,2,配方:iron_ingot:smelt,0.0,False,0.0909,6,4,0,0
F,I3,2,配方:oak_fence:table:0,0.0,False,0.2,2,2,0,0
F,I3,2,配方:oak_planks:hand:0,0.0,False,0.1429,2,4,0,0
F,I3,2,配方:stick:hand:0,0.0,False,0.2,2,2,0,0
F,I3,2,配方:stone_pickaxe:table:0,2.5,True,0.3333,2,0,0,1
F,I3,2,配方:wooden_pickaxe:table:0,2.5,True,0.3333,0,2,0,1
F,I3,3,cobblestone,0.0,False,0.2,2,2,0,0
F,I3,3,crafting_table,0.0,False,0.1111,4,4,0,0
F,I3,3,deepslate_iron_ore,0.0,False,0.1111,4,4,0,0
F,I3,3,diamond,0.0,False,0.1111,4,4,0,0
F,I3,3,diamond_ore,0.0,False,0.1111,4,4,0,0
F,I3,3,dirt,0.0,False,0.1111,4,4,0,0
F,I3,3,furnace,0.0,False,0.1111,4,4,0,0
F,I3,3,grass_block,0.0,False,0.1111,4,4,0,0
F,I3,3,iron_ingot,0.0,False,0.1111,4,4,0,0
F,I3,3,iron_ore,0.0,False,0.1429,4,2,0,0
F,I3,3,oak_fence,0.0,False,0.1111,4,4,0,0
F,I3,3,oak_log,0.0,False,0.1111,4,4,0,0
F,I3,3,oak_planks,0.0,False,0.1429,2,4,0,0
F,I3,3,raw_iron,0.0,False,0.1111,4,4,0,0
F,I3,3,stick,0.0,False,0.2,2,2,0,0
F,I3,3,stone,0.0,False,0.2,2,2,0,0
F,I3,3,stone_pickaxe,0.0,False,0.1429,4,2,0,0
F,I3,3,wooden_pickaxe,0.0,False,0.1429,2,4,0,0
F,I3,3,健康,0.0,False,0.0,,,0,0
F,I3,3,可采资源,0.0,False,0.1429,3,3,0,0
F,I3,3,实体:diamond,3.75,True,0.0,,,0,1
F,I3,3,实体:emerald,2.5,True,0.0,,,0,1
F,I3,3,物品:cobblestone,0.4167,False,0.2,3,1,0,1
F,I3,3,物品:crafting_table,0.0,False,0.1111,3,5,0,0
F,I3,3,物品:furnace,0.0,False,0.1111,5,3,0,0
F,I3,3,物品:iron_ingot,0.0,False,0.0909,5,5,0,0
F,I3,3,物品:iron_ore,0.0,False,0.0,,,0,0
F,I3,3,物品:oak_fence,0.0,False,0.1429,3,3,0,0
F,I3,3,物品:oak_log,0.0,False,0.1111,3,5,0,0
F,I3,3,物品:oak_planks,0.4167,False,0.2,1,3,0,1
F,I3,3,物品:raw_iron,0.0,False,0.1111,5,3,0,0
F,I3,3,物品:stick,0.8333,False,0.3333,1,1,1,1
F,I3,3,物品:stone,0.0,False,0.0,,,0,0
F,I3,3,物品:stone_pickaxe,0.4167,False,0.2,3,1,0,0
F,I3,3,物品:wooden_pickaxe,0.4167,False,0.2,1,3,0,1
F,I3,3,玩家,0.0,False,0.0,,,0,0
F,I3,3,生存需求,0.0,False,0.0,,,0,0
F,I3,3,用户资产保护,0.0,False,0.0,,,0,0
F,I3,3,配方:crafting_table:hand:0,0.0,False,0.1429,2,4,0,0
F,I3,3,配方:furnace:table:0,0.0,False,0.1429,4,2,0,0
F,I3,3,配方:iron_ingot:smelt,0.0,False,0.0909,6,4,0,0
F,I3,3,配方:oak_fence:table:0,0.0,False,0.2,2,2,0,0
F,I3,3,配方:oak_planks:hand:0,0.0,False,0.1429,2,4,0,0
F,I3,3,配方:stick:hand:0,0.0,False,0.2,2,2,0,0
F,I3,3,配方:stone_pickaxe:table:0,2.5,True,0.3333,2,0,0,1
F,I3,3,配方:wooden_pickaxe:table:0,2.5,True,0.3333,0,2,0,1
F,I3,4,cobblestone,0.0,False,0.2,2,2,0,0
F,I3,4,crafting_table,0.0,False,0.1111,4,4,0,0
F,I3,4,deepslate_iron_ore,0.0,False,0.1111,4,4,0,0
F,I3,4,diamond,0.0,False,0.1111,4,4,0,0
F,I3,4,diamond_ore,0.0,False,0.1111,4,4,0,0
F,I3,4,dirt,0.0,False,0.1111,4,4,0,0
F,I3,4,furnace,0.0,False,0.1111,4,4,0,0
F,I3,4,grass_block,0.0,False,0.1111,4,4,0,0
F,I3,4,iron_ingot,0.0,False,0.1111,4,4,0,0
F,I3,4,iron_ore,0.0,False,0.1429,4,2,0,0
F,I3,4,oak_fence,0.0,False,0.1111,4,4,0,0
F,I3,4,oak_log,0.0,False,0.1111,4,4,0,0
F,I3,4,oak_planks,0.0,False,0.1429,2,4,0,0
F,I3,4,raw_iron,0.0,False,0.1111,4,4,0,0
F,I3,4,stick,0.0,False,0.2,2,2,0,0
F,I3,4,stone,0.0,False,0.2,2,2,0,0
F,I3,4,stone_pickaxe,0.0,False,0.1429,4,2,0,0
F,I3,4,wooden_pickaxe,0.0,False,0.1429,2,4,0,0
F,I3,4,健康,0.0,False,0.0,,,0,0
F,I3,4,可采资源,0.0,False,0.1429,3,3,0,0
F,I3,4,实体:emerald,3.75,True,0.0,,,0,1
F,I3,4,实体:gold_nugget,2.5,True,0.0,,,0,1
F,I3,4,物品:cobblestone,0.4167,False,0.2,3,1,0,1
F,I3,4,物品:crafting_table,0.0,False,0.1111,3,5,0,0
F,I3,4,物品:furnace,0.0,False,0.1111,5,3,0,0
F,I3,4,物品:iron_ingot,0.0,False,0.0909,5,5,0,0
F,I3,4,物品:iron_ore,0.0,False,0.0,,,0,0
F,I3,4,物品:oak_fence,0.0,False,0.1429,3,3,0,0
F,I3,4,物品:oak_log,0.0,False,0.1111,3,5,0,0
F,I3,4,物品:oak_planks,0.4167,False,0.2,1,3,0,1
F,I3,4,物品:raw_iron,0.0,False,0.1111,5,3,0,0
F,I3,4,物品:stick,0.8333,False,0.3333,1,1,1,1
F,I3,4,物品:stone,0.0,False,0.0,,,0,0
F,I3,4,物品:stone_pickaxe,0.4167,False,0.2,3,1,0,0
F,I3,4,物品:wooden_pickaxe,0.4167,False,0.2,1,3,0,1
F,I3,4,玩家,0.0,False,0.0,,,0,0
F,I3,4,生存需求,0.0,False,0.0,,,0,0
F,I3,4,用户资产保护,0.0,False,0.0,,,0,0
F,I3,4,配方:crafting_table:hand:0,0.0,False,0.1429,2,4,0,0
F,I3,4,配方:furnace:table:0,0.0,False,0.1429,4,2,0,0
F,I3,4,配方:iron_ingot:smelt,0.0,False,0.0909,6,4,0,0
F,I3,4,配方:oak_fence:table:0,0.0,False,0.2,2,2,0,0
F,I3,4,配方:oak_planks:hand:0,0.0,False,0.1429,2,4,0,0
F,I3,4,配方:stick:hand:0,0.0,False,0.2,2,2,0,0
F,I3,4,配方:stone_pickaxe:table:0,2.5,True,0.3333,2,0,0,1
F,I3,4,配方:wooden_pickaxe:table:0,2.5,True,0.3333,0,2,0,1
F,I3,5,cobblestone,0.0,False,0.2,2,2,0,0
F,I3,5,crafting_table,0.0,False,0.1111,4,4,0,0
F,I3,5,deepslate_iron_ore,0.0,False,0.1111,4,4,0,0
F,I3,5,diamond,0.0,False,0.1111,4,4,0,0
F,I3,5,diamond_ore,0.0,False,0.1111,4,4,0,0
F,I3,5,dirt,0.0,False,0.1111,4,4,0,0
F,I3,5,furnace,0.0,False,0.1111,4,4,0,0
F,I3,5,grass_block,0.0,False,0.1111,4,4,0,0
F,I3,5,iron_ingot,0.0,False,0.1111,4,4,0,0
F,I3,5,iron_ore,0.0,False,0.1429,4,2,0,0
F,I3,5,oak_fence,0.0,False,0.1111,4,4,0,0
F,I3,5,oak_log,0.0,False,0.1111,4,4,0,0
F,I3,5,oak_planks,0.0,False,0.1429,2,4,0,0
F,I3,5,raw_iron,0.0,False,0.1111,4,4,0,0
F,I3,5,stick,0.0,False,0.2,2,2,0,0
F,I3,5,stone,0.0,False,0.2,2,2,0,0
F,I3,5,stone_pickaxe,0.0,False,0.1429,4,2,0,0
F,I3,5,wooden_pickaxe,0.0,False,0.1429,2,4,0,0
F,I3,5,健康,0.0,False,0.0,,,0,0
F,I3,5,可采资源,0.0,False,0.1429,3,3,0,0
F,I3,5,实体:diamond,3.75,True,0.0,,,0,1
F,I3,5,实体:emerald,2.5,True,0.0,,,0,1
F,I3,5,物品:cobblestone,0.4167,False,0.2,3,1,0,1
F,I3,5,物品:crafting_table,0.0,False,0.1111,3,5,0,0
F,I3,5,物品:furnace,0.0,False,0.1111,5,3,0,0
F,I3,5,物品:iron_ingot,0.0,False,0.0909,5,5,0,0
F,I3,5,物品:iron_ore,0.0,False,0.0,,,0,0
F,I3,5,物品:oak_fence,0.0,False,0.1429,3,3,0,0
F,I3,5,物品:oak_log,0.0,False,0.1111,3,5,0,0
F,I3,5,物品:oak_planks,0.4167,False,0.2,1,3,0,1
F,I3,5,物品:raw_iron,0.0,False,0.1111,5,3,0,0
F,I3,5,物品:stick,0.8333,False,0.3333,1,1,1,1
F,I3,5,物品:stone,0.0,False,0.0,,,0,0
F,I3,5,物品:stone_pickaxe,0.4167,False,0.2,3,1,0,0
F,I3,5,物品:wooden_pickaxe,0.4167,False,0.2,1,3,0,1
F,I3,5,玩家,0.0,False,0.0,,,0,0
F,I3,5,生存需求,0.0,False,0.0,,,0,0
F,I3,5,用户资产保护,0.0,False,0.0,,,0,0
F,I3,5,配方:crafting_table:hand:0,0.0,False,0.1429,2,4,0,0
F,I3,5,配方:furnace:table:0,0.0,False,0.1429,4,2,0,0
F,I3,5,配方:iron_ingot:smelt,0.0,False,0.0909,6,4,0,0
F,I3,5,配方:oak_fence:table:0,0.0,False,0.2,2,2,0,0
F,I3,5,配方:oak_planks:hand:0,0.0,False,0.1429,2,4,0,0
F,I3,5,配方:stick:hand:0,0.0,False,0.2,2,2,0,0
F,I3,5,配方:stone_pickaxe:table:0,2.5,True,0.3333,2,0,0,1
F,I3,5,配方:wooden_pickaxe:table:0,2.5,True,0.3333,0,2,0,1
F,I3,6,cobblestone,0.0,False,0.2,2,2,0,0
F,I3,6,crafting_table,0.0,False,0.1111,4,4,0,0
F,I3,6,deepslate_iron_ore,0.0,False,0.1111,4,4,0,0
F,I3,6,diamond,0.0,False,0.1111,4,4,0,0
F,I3,6,diamond_ore,0.0,False,0.1111,4,4,0,0
F,I3,6,dirt,0.0,False,0.1111,4,4,0,0
F,I3,6,furnace,0.0,False,0.1111,4,4,0,0
F,I3,6,grass_block,0.0,False,0.1111,4,4,0,0
F,I3,6,iron_ingot,0.0,False,0.1111,4,4,0,0
F,I3,6,iron_ore,0.0,False,0.1429,4,2,0,0
F,I3,6,oak_fence,0.0,False,0.1111,4,4,0,0
F,I3,6,oak_log,0.0,False,0.1111,4,4,0,0
F,I3,6,oak_planks,0.0,False,0.1429,2,4,0,0
F,I3,6,raw_iron,0.0,False,0.1111,4,4,0,0
F,I3,6,stick,0.0,False,0.2,2,2,0,0
F,I3,6,stone,0.0,False,0.2,2,2,0,0
F,I3,6,stone_pickaxe,0.0,False,0.1429,4,2,0,0
F,I3,6,wooden_pickaxe,0.0,False,0.1429,2,4,0,0
F,I3,6,健康,0.0,False,0.0,,,0,0
F,I3,6,可采资源,0.0,False,0.1429,3,3,0,0
F,I3,6,实体:birch_log,3.75,True,0.0,,,0,1
F,I3,6,实体:emerald,2.5,True,0.0,,,0,1
F,I3,6,物品:cobblestone,0.4167,False,0.2,3,1,0,1
F,I3,6,物品:crafting_table,0.0,False,0.1111,3,5,0,0
F,I3,6,物品:furnace,0.0,False,0.1111,5,3,0,0
F,I3,6,物品:iron_ingot,0.0,False,0.0909,5,5,0,0
F,I3,6,物品:iron_ore,0.0,False,0.0,,,0,0
F,I3,6,物品:oak_fence,0.0,False,0.1429,3,3,0,0
F,I3,6,物品:oak_log,0.0,False,0.1111,3,5,0,0
F,I3,6,物品:oak_planks,0.4167,False,0.2,1,3,0,1
F,I3,6,物品:raw_iron,0.0,False,0.1111,5,3,0,0
F,I3,6,物品:stick,0.8333,False,0.3333,1,1,1,1
F,I3,6,物品:stone,0.0,False,0.0,,,0,0
F,I3,6,物品:stone_pickaxe,0.4167,False,0.2,3,1,0,0
F,I3,6,物品:wooden_pickaxe,0.4167,False,0.2,1,3,0,1
F,I3,6,玩家,0.0,False,0.0,,,0,0
F,I3,6,生存需求,0.0,False,0.0,,,0,0
F,I3,6,用户资产保护,0.0,False,0.0,,,0,0
F,I3,6,配方:crafting_table:hand:0,0.0,False,0.1429,2,4,0,0
F,I3,6,配方:furnace:table:0,0.0,False,0.1429,4,2,0,0
F,I3,6,配方:iron_ingot:smelt,0.0,False,0.0909,6,4,0,0
F,I3,6,配方:oak_fence:table:0,0.0,False,0.2,2,2,0,0
F,I3,6,配方:oak_planks:hand:0,0.0,False,0.1429,2,4,0,0
F,I3,6,配方:stick:hand:0,0.0,False,0.2,2,2,0,0
F,I3,6,配方:stone_pickaxe:table:0,2.5,True,0.3333,2,0,0,1
F,I3,6,配方:wooden_pickaxe:table:0,2.5,True,0.3333,0,2,0,1
F,I3,7,cobblestone,0.0,False,0.2,2,2,0,0
F,I3,7,crafting_table,0.0,False,0.1111,4,4,0,0
F,I3,7,deepslate_iron_ore,0.0,False,0.1111,4,4,0,0
F,I3,7,diamond,0.0,False,0.1111,4,4,0,0
F,I3,7,diamond_ore,0.0,False,0.1111,4,4,0,0
F,I3,7,dirt,0.0,False,0.1111,4,4,0,0
F,I3,7,furnace,0.0,False,0.1111,4,4,0,0
F,I3,7,grass_block,0.0,False,0.1111,4,4,0,0
F,I3,7,iron_ingot,0.0,False,0.1111,4,4,0,0
F,I3,7,iron_ore,0.0,False,0.1429,4,2,0,0
F,I3,7,oak_fence,0.0,False,0.1111,4,4,0,0
F,I3,7,oak_log,0.0,False,0.1111,4,4,0,0
F,I3,7,oak_planks,0.0,False,0.1429,2,4,0,0
F,I3,7,raw_iron,0.0,False,0.1111,4,4,0,0
F,I3,7,stick,0.0,False,0.2,2,2,0,0
F,I3,7,stone,0.0,False,0.2,2,2,0,0
F,I3,7,stone_pickaxe,0.0,False,0.1429,4,2,0,0
F,I3,7,wooden_pickaxe,0.0,False,0.1429,2,4,0,0
F,I3,7,健康,0.0,False,0.0,,,0,0
F,I3,7,可采资源,0.0,False,0.1429,3,3,0,0
F,I3,7,实体:diamond,2.5,True,0.0,,,0,1
F,I3,7,实体:emerald,3.75,True,0.0,,,0,1
F,I3,7,物品:cobblestone,0.4167,False,0.2,3,1,0,1
F,I3,7,物品:crafting_table,0.0,False,0.1111,3,5,0,0
F,I3,7,物品:furnace,0.0,False,0.1111,5,3,0,0
F,I3,7,物品:iron_ingot,0.0,False,0.0909,5,5,0,0
F,I3,7,物品:iron_ore,0.0,False,0.0,,,0,0
F,I3,7,物品:oak_fence,0.0,False,0.1429,3,3,0,0
F,I3,7,物品:oak_log,0.0,False,0.1111,3,5,0,0
F,I3,7,物品:oak_planks,0.4167,False,0.2,1,3,0,1
F,I3,7,物品:raw_iron,0.0,False,0.1111,5,3,0,0
F,I3,7,物品:stick,0.8333,False,0.3333,1,1,1,1
F,I3,7,物品:stone,0.0,False,0.0,,,0,0
F,I3,7,物品:stone_pickaxe,0.4167,False,0.2,3,1,0,0
F,I3,7,物品:wooden_pickaxe,0.4167,False,0.2,1,3,0,1
F,I3,7,玩家,0.0,False,0.0,,,0,0
F,I3,7,生存需求,0.0,False,0.0,,,0,0
F,I3,7,用户资产保护,0.0,False,0.0,,,0,0
F,I3,7,配方:crafting_table:hand:0,0.0,False,0.1429,2,4,0,0
F,I3,7,配方:furnace:table:0,0.0,False,0.1429,4,2,0,0
F,I3,7,配方:iron_ingot:smelt,0.0,False,0.0909,6,4,0,0
F,I3,7,配方:oak_fence:table:0,0.0,False,0.2,2,2,0,0
F,I3,7,配方:oak_planks:hand:0,0.0,False,0.1429,2,4,0,0
F,I3,7,配方:stick:hand:0,0.0,False,0.2,2,2,0,0
F,I3,7,配方:stone_pickaxe:table:0,2.5,True,0.3333,2,0,0,1
F,I3,7,配方:wooden_pickaxe:table:0,2.5,True,0.3333,0,2,0,1
F,I3,8,cobblestone,0.0,False,0.2,2,2,0,0
F,I3,8,crafting_table,0.0,False,0.1111,4,4,0,0
F,I3,8,deepslate_iron_ore,0.0,False,0.1111,4,4,0,0
F,I3,8,diamond,0.0,False,0.1111,4,4,0,0
F,I3,8,diamond_ore,0.0,False,0.1111,4,4,0,0
F,I3,8,dirt,0.0,False,0.1111,4,4,0,0
F,I3,8,furnace,0.0,False,0.1111,4,4,0,0
F,I3,8,grass_block,0.0,False,0.1111,4,4,0,0
F,I3,8,iron_ingot,0.0,False,0.1111,4,4,0,0
F,I3,8,iron_ore,0.0,False,0.1429,4,2,0,0
F,I3,8,oak_fence,0.0,False,0.1111,4,4,0,0
F,I3,8,oak_log,0.0,False,0.1111,4,4,0,0
F,I3,8,oak_planks,0.0,False,0.1429,2,4,0,0
F,I3,8,raw_iron,0.0,False,0.1111,4,4,0,0
F,I3,8,stick,0.0,False,0.2,2,2,0,0
F,I3,8,stone,0.0,False,0.2,2,2,0,0
F,I3,8,stone_pickaxe,0.0,False,0.1429,4,2,0,0
F,I3,8,wooden_pickaxe,0.0,False,0.1429,2,4,0,0
F,I3,8,健康,0.0,False,0.0,,,0,0
F,I3,8,可采资源,0.0,False,0.1429,3,3,0,0
F,I3,8,实体:emerald,3.75,True,0.0,,,0,1
F,I3,8,实体:gold_nugget,2.5,True,0.0,,,0,1
F,I3,8,物品:cobblestone,0.4167,False,0.2,3,1,0,1
F,I3,8,物品:crafting_table,0.0,False,0.1111,3,5,0,0
F,I3,8,物品:furnace,0.0,False,0.1111,5,3,0,0
F,I3,8,物品:iron_ingot,0.0,False,0.0909,5,5,0,0
F,I3,8,物品:iron_ore,0.0,False,0.0,,,0,0
F,I3,8,物品:oak_fence,0.0,False,0.1429,3,3,0,0
F,I3,8,物品:oak_log,0.0,False,0.1111,3,5,0,0
F,I3,8,物品:oak_planks,0.4167,False,0.2,1,3,0,1
F,I3,8,物品:raw_iron,0.0,False,0.1111,5,3,0,0
F,I3,8,物品:stick,0.8333,False,0.3333,1,1,1,1
F,I3,8,物品:stone,0.0,False,0.0,,,0,0
F,I3,8,物品:stone_pickaxe,0.4167,False,0.2,3,1,0,0
F,I3,8,物品:wooden_pickaxe,0.4167,False,0.2,1,3,0,1
F,I3,8,玩家,0.0,False,0.0,,,0,0
F,I3,8,生存需求,0.0,False,0.0,,,0,0
F,I3,8,用户资产保护,0.0,False,0.0,,,0,0
F,I3,8,配方:crafting_table:hand:0,0.0,False,0.1429,2,4,0,0
F,I3,8,配方:furnace:table:0,0.0,False,0.1429,4,2,0,0
F,I3,8,配方:iron_ingot:smelt,0.0,False,0.0909,6,4,0,0
F,I3,8,配方:oak_fence:table:0,0.0,False,0.2,2,2,0,0
F,I3,8,配方:oak_planks:hand:0,0.0,False,0.1429,2,4,0,0
F,I3,8,配方:stick:hand:0,0.0,False,0.2,2,2,0,0
F,I3,8,配方:stone_pickaxe:table:0,2.5,True,0.3333,2,0,0,1
F,I3,8,配方:wooden_pickaxe:table:0,2.5,True,0.3333,0,2,0,1
F,I3,9,cobblestone,0.0,False,0.2,2,2,0,0
F,I3,9,crafting_table,0.0,False,0.1111,4,4,0,0
F,I3,9,deepslate_iron_ore,0.0,False,0.1111,4,4,0,0
F,I3,9,diamond,0.0,False,0.1111,4,4,0,0
F,I3,9,diamond_ore,0.0,False,0.1111,4,4,0,0
F,I3,9,dirt,0.0,False,0.1111,4,4,0,0
F,I3,9,furnace,0.0,False,0.1111,4,4,0,0
F,I3,9,grass_block,0.0,False,0.1111,4,4,0,0
F,I3,9,iron_ingot,0.0,False,0.1111,4,4,0,0
F,I3,9,iron_ore,0.0,False,0.1429,4,2,0,0
F,I3,9,oak_fence,0.0,False,0.1111,4,4,0,0
F,I3,9,oak_log,0.0,False,0.1111,4,4,0,0
F,I3,9,oak_planks,0.0,False,0.1429,2,4,0,0
F,I3,9,raw_iron,0.0,False,0.1111,4,4,0,0
F,I3,9,stick,0.0,False,0.2,2,2,0,0
F,I3,9,stone,0.0,False,0.2,2,2,0,0
F,I3,9,stone_pickaxe,0.0,False,0.1429,4,2,0,0
F,I3,9,wooden_pickaxe,0.0,False,0.1429,2,4,0,0
F,I3,9,健康,0.0,False,0.0,,,0,0
F,I3,9,可采资源,0.0,False,0.1429,3,3,0,0
F,I3,9,实体:emerald,3.75,True,0.0,,,0,1
F,I3,9,实体:gold_nugget,2.5,True,0.0,,,0,1
F,I3,9,物品:cobblestone,0.4167,False,0.2,3,1,0,1
F,I3,9,物品:crafting_table,0.0,False,0.1111,3,5,0,0
F,I3,9,物品:furnace,0.0,False,0.1111,5,3,0,0
F,I3,9,物品:iron_ingot,0.0,False,0.0909,5,5,0,0
F,I3,9,物品:iron_ore,0.0,False,0.0,,,0,0
F,I3,9,物品:oak_fence,0.0,False,0.1429,3,3,0,0
F,I3,9,物品:oak_log,0.0,False,0.1111,3,5,0,0
F,I3,9,物品:oak_planks,0.4167,False,0.2,1,3,0,1
F,I3,9,物品:raw_iron,0.0,False,0.1111,5,3,0,0
F,I3,9,物品:stick,0.8333,False,0.3333,1,1,1,1
F,I3,9,物品:stone,0.0,False,0.0,,,0,0
F,I3,9,物品:stone_pickaxe,0.4167,False,0.2,3,1,0,0
F,I3,9,物品:wooden_pickaxe,0.4167,False,0.2,1,3,0,1
F,I3,9,玩家,0.0,False,0.0,,,0,0
F,I3,9,生存需求,0.0,False,0.0,,,0,0
F,I3,9,用户资产保护,0.0,False,0.0,,,0,0
F,I3,9,配方:crafting_table:hand:0,0.0,False,0.1429,2,4,0,0
F,I3,9,配方:furnace:table:0,0.0,False,0.1429,4,2,0,0
F,I3,9,配方:iron_ingot:smelt,0.0,False,0.0909,6,4,0,0
F,I3,9,配方:oak_fence:table:0,0.0,False,0.2,2,2,0,0
F,I3,9,配方:oak_planks:hand:0,0.0,False,0.1429,2,4,0,0
F,I3,9,配方:stick:hand:0,0.0,False,0.2,2,2,0,0
F,I3,9,配方:stone_pickaxe:table:0,2.5,True,0.3333,2,0,0,1
F,I3,9,配方:wooden_pickaxe:table:0,2.5,True,0.3333,0,2,0,1
F,I3,10,cobblestone,0.0,False,0.2,2,2,0,0
F,I3,10,crafting_table,0.0,False,0.1111,4,4,0,0
F,I3,10,deepslate_iron_ore,0.0,False,0.1111,4,4,0,0
F,I3,10,diamond,0.0,False,0.1111,4,4,0,0
F,I3,10,diamond_ore,0.0,False,0.1111,4,4,0,0
F,I3,10,dirt,0.0,False,0.1111,4,4,0,0
F,I3,10,furnace,0.0,False,0.1111,4,4,0,0
F,I3,10,grass_block,0.0,False,0.1111,4,4,0,0
F,I3,10,iron_ingot,0.0,False,0.1111,4,4,0,0
F,I3,10,iron_ore,0.0,False,0.1429,4,2,0,0
F,I3,10,oak_fence,0.0,False,0.1111,4,4,0,0
F,I3,10,oak_log,0.0,False,0.1111,4,4,0,0
F,I3,10,oak_planks,0.0,False,0.1429,2,4,0,0
F,I3,10,raw_iron,0.0,False,0.1111,4,4,0,0
F,I3,10,stick,0.0,False,0.2,2,2,0,0
F,I3,10,stone,0.0,False,0.2,2,2,0,0
F,I3,10,stone_pickaxe,0.0,False,0.1429,4,2,0,0
F,I3,10,wooden_pickaxe,0.0,False,0.1429,2,4,0,0
F,I3,10,健康,0.0,False,0.0,,,0,0
F,I3,10,可采资源,0.0,False,0.1429,3,3,0,0
F,I3,10,实体:birch_log,3.75,True,0.0,,,0,1
F,I3,10,实体:dirt,2.5,True,0.0,,,0,1
F,I3,10,物品:cobblestone,0.4167,False,0.2,3,1,0,1
F,I3,10,物品:crafting_table,0.0,False,0.1111,3,5,0,0
F,I3,10,物品:furnace,0.0,False,0.1111,5,3,0,0
F,I3,10,物品:iron_ingot,0.0,False,0.0909,5,5,0,0
F,I3,10,物品:iron_ore,0.0,False,0.0,,,0,0
F,I3,10,物品:oak_fence,0.0,False,0.1429,3,3,0,0
F,I3,10,物品:oak_log,0.0,False,0.1111,3,5,0,0
F,I3,10,物品:oak_planks,0.4167,False,0.2,1,3,0,1
F,I3,10,物品:raw_iron,0.0,False,0.1111,5,3,0,0
F,I3,10,物品:stick,0.8333,False,0.3333,1,1,1,1
F,I3,10,物品:stone,0.0,False,0.0,,,0,0
F,I3,10,物品:stone_pickaxe,0.4167,False,0.2,3,1,0,0
F,I3,10,物品:wooden_pickaxe,0.4167,False,0.2,1,3,0,1
F,I3,10,玩家,0.0,False,0.0,,,0,0
F,I3,10,生存需求,0.0,False,0.0,,,0,0
F,I3,10,用户资产保护,0.0,False,0.0,,,0,0
F,I3,10,配方:crafting_table:hand:0,0.0,False,0.1429,2,4,0,0
F,I3,10,配方:furnace:table:0,0.0,False,0.1429,4,2,0,0
F,I3,10,配方:iron_ingot:smelt,0.0,False,0.0909,6,4,0,0
F,I3,10,配方:oak_fence:table:0,0.0,False,0.2,2,2,0,0
F,I3,10,配方:oak_planks:hand:0,0.0,False,0.1429,2,4,0,0
F,I3,10,配方:stick:hand:0,0.0,False,0.2,2,2,0,0
F,I3,10,配方:stone_pickaxe:table:0,2.5,True,0.3333,2,0,0,1
F,I3,10,配方:wooden_pickaxe:table:0,2.5,True,0.3333,0,2,0,1
B,I1,1,cobblestone,0.0236,False,0.2,2,2,0,0
B,I1,1,crafting_table,0.0,False,0.1111,4,4,0,0
B,I1,1,deepslate_iron_ore,0.0,False,0.1111,4,4,0,0
B,I1,1,diamond,0.0,False,0.1111,4,4,0,0
B,I1,1,diamond_ore,0.0,False,0.1111,4,4,0,0
B,I1,1,dirt,0.0,False,0.1111,4,4,0,0
B,I1,1,furnace,0.0,False,0.1111,4,4,0,0
B,I1,1,grass_block,0.0,False,0.1111,4,4,0,0
B,I1,1,iron_ingot,0.0,False,0.1111,4,4,0,0
B,I1,1,iron_ore,0.0,False,0.1429,4,2,0,0
B,I1,1,oak_fence,0.0,False,0.1111,4,4,0,0
B,I1,1,oak_log,0.0,False,0.1111,4,4,0,0
B,I1,1,oak_planks,0.0162,False,0.1429,2,4,0,0
B,I1,1,raw_iron,0.0,False,0.1111,4,4,0,0
B,I1,1,stick,0.0192,False,0.2,2,2,0,0
B,I1,1,stone,0.0236,False,0.2,2,2,0,0
B,I1,1,stone_pickaxe,0.0,False,0.1429,4,2,0,0
B,I1,1,wooden_pickaxe,0.0236,False,0.1429,2,4,0,0
B,I1,1,健康,0.0,False,0.0,,,0,0
B,I1,1,可采资源,0.0526,False,0.1429,3,3,0,1
B,I1,1,实体:diamond,2.5,True,0.0,,,0,1
B,I1,1,实体:gold_nugget,3.75,True,0.0,,,0,1
B,I1,1,物品:cobblestone,0.0206,False,0.2,3,1,0,0
B,I1,1,物品:crafting_table,0.0081,False,0.1111,3,5,0,0
B,I1,1,物品:furnace,0.0,False,0.1111,5,3,0,0
B,I1,1,物品:iron_ingot,0.0,False,0.0909,5,5,0,0
B,I1,1,物品:iron_ore,0.0,False,0.0,,,0,0
B,I1,1,物品:oak_fence,0.0118,False,0.1429,3,3,0,0
B,I1,1,物品:oak_log,0.0081,False,0.1111,3,5,0,0
B,I1,1,物品:oak_planks,0.2611,False,0.2,1,3,0,1
B,I1,1,物品:raw_iron,0.0,False,0.1111,5,3,0,0
B,I1,1,物品:stick,0.2525,False,0.3333,1,1,1,1
B,I1,1,物品:stone,0.0,False,0.0,,,0,0
B,I1,1,物品:stone_pickaxe,0.0064,False,0.2,3,1,0,0
B,I1,1,物品:wooden_pickaxe,0.2326,False,0.2,1,3,0,1
B,I1,1,玩家,0.0,False,0.0,,,0,0
B,I1,1,生存需求,0.0,False,0.0,,,0,0
B,I1,1,用户资产保护,0.0,False,0.0,,,0,0
B,I1,1,配方:crafting_table:hand:0,0.0162,False,0.1429,2,4,0,0
B,I1,1,配方:furnace:table:0,0.0,False,0.1429,4,2,0,0
B,I1,1,配方:iron_ingot:smelt,0.0,False,0.0909,6,4,0,0
B,I1,1,配方:oak_fence:table:0,0.0355,False,0.2,2,2,0,0
B,I1,1,配方:oak_planks:hand:0,0.0162,False,0.1429,2,4,0,0
B,I1,1,配方:stick:hand:0,0.0355,False,0.2,2,2,0,1
B,I1,1,配方:stone_pickaxe:table:0,0.0192,False,0.3333,2,0,0,0
B,I1,1,配方:wooden_pickaxe:table:0,2.6673,True,0.3333,0,2,0,1
B,I1,2,cobblestone,0.0236,False,0.2,2,2,0,0
B,I1,2,crafting_table,0.0,False,0.1111,4,4,0,0
B,I1,2,deepslate_iron_ore,0.0,False,0.1111,4,4,0,0
B,I1,2,diamond,0.0,False,0.1111,4,4,0,0
B,I1,2,diamond_ore,0.0,False,0.1111,4,4,0,0
B,I1,2,dirt,0.0,False,0.1111,4,4,0,0
B,I1,2,furnace,0.0,False,0.1111,4,4,0,0
B,I1,2,grass_block,0.0,False,0.1111,4,4,0,0
B,I1,2,iron_ingot,0.0,False,0.1111,4,4,0,0
B,I1,2,iron_ore,0.0,False,0.1429,4,2,0,0
B,I1,2,oak_fence,0.0,False,0.1111,4,4,0,0
B,I1,2,oak_log,0.0,False,0.1111,4,4,0,0
B,I1,2,oak_planks,0.0162,False,0.1429,2,4,0,0
B,I1,2,raw_iron,0.0,False,0.1111,4,4,0,0
B,I1,2,stick,0.0192,False,0.2,2,2,0,0
B,I1,2,stone,0.0236,False,0.2,2,2,0,0
B,I1,2,stone_pickaxe,0.0,False,0.1429,4,2,0,0
B,I1,2,wooden_pickaxe,0.0236,False,0.1429,2,4,0,0
B,I1,2,健康,0.0,False,0.0,,,0,0
B,I1,2,可采资源,0.0526,False,0.1429,3,3,0,1
B,I1,2,实体:birch_log,3.75,True,0.0,,,0,1
B,I1,2,实体:gold_nugget,2.5,True,0.0,,,0,1
B,I1,2,物品:cobblestone,0.0206,False,0.2,3,1,0,0
B,I1,2,物品:crafting_table,0.0081,False,0.1111,3,5,0,0
B,I1,2,物品:furnace,0.0,False,0.1111,5,3,0,0
B,I1,2,物品:iron_ingot,0.0,False,0.0909,5,5,0,0
B,I1,2,物品:iron_ore,0.0,False,0.0,,,0,0
B,I1,2,物品:oak_fence,0.0118,False,0.1429,3,3,0,0
B,I1,2,物品:oak_log,0.0081,False,0.1111,3,5,0,0
B,I1,2,物品:oak_planks,0.2611,False,0.2,1,3,0,1
B,I1,2,物品:raw_iron,0.0,False,0.1111,5,3,0,0
B,I1,2,物品:stick,0.2525,False,0.3333,1,1,1,1
B,I1,2,物品:stone,0.0,False,0.0,,,0,0
B,I1,2,物品:stone_pickaxe,0.0064,False,0.2,3,1,0,0
B,I1,2,物品:wooden_pickaxe,0.2326,False,0.2,1,3,0,1
B,I1,2,玩家,0.0,False,0.0,,,0,0
B,I1,2,生存需求,0.0,False,0.0,,,0,0
B,I1,2,用户资产保护,0.0,False,0.0,,,0,0
B,I1,2,配方:crafting_table:hand:0,0.0162,False,0.1429,2,4,0,0
B,I1,2,配方:furnace:table:0,0.0,False,0.1429,4,2,0,0
B,I1,2,配方:iron_ingot:smelt,0.0,False,0.0909,6,4,0,0
B,I1,2,配方:oak_fence:table:0,0.0355,False,0.2,2,2,0,0
B,I1,2,配方:oak_planks:hand:0,0.0162,False,0.1429,2,4,0,0
B,I1,2,配方:stick:hand:0,0.0355,False,0.2,2,2,0,1
B,I1,2,配方:stone_pickaxe:table:0,0.0192,False,0.3333,2,0,0,0
B,I1,2,配方:wooden_pickaxe:table:0,2.6673,True,0.3333,0,2,0,1
B,I1,3,cobblestone,0.0236,False,0.2,2,2,0,0
B,I1,3,crafting_table,0.0,False,0.1111,4,4,0,0
B,I1,3,deepslate_iron_ore,0.0,False,0.1111,4,4,0,0
B,I1,3,diamond,0.0,False,0.1111,4,4,0,0
B,I1,3,diamond_ore,0.0,False,0.1111,4,4,0,0
B,I1,3,dirt,0.0,False,0.1111,4,4,0,0
B,I1,3,furnace,0.0,False,0.1111,4,4,0,0
B,I1,3,grass_block,0.0,False,0.1111,4,4,0,0
B,I1,3,iron_ingot,0.0,False,0.1111,4,4,0,0
B,I1,3,iron_ore,0.0,False,0.1429,4,2,0,0
B,I1,3,oak_fence,0.0,False,0.1111,4,4,0,0
B,I1,3,oak_log,0.0,False,0.1111,4,4,0,0
B,I1,3,oak_planks,0.0162,False,0.1429,2,4,0,0
B,I1,3,raw_iron,0.0,False,0.1111,4,4,0,0
B,I1,3,stick,0.0192,False,0.2,2,2,0,0
B,I1,3,stone,0.0236,False,0.2,2,2,0,0
B,I1,3,stone_pickaxe,0.0,False,0.1429,4,2,0,0
B,I1,3,wooden_pickaxe,0.0236,False,0.1429,2,4,0,0
B,I1,3,健康,0.0,False,0.0,,,0,0
B,I1,3,可采资源,0.0526,False,0.1429,3,3,0,1
B,I1,3,实体:birch_log,3.75,True,0.0,,,0,1
B,I1,3,实体:emerald,2.5,True,0.0,,,0,1
B,I1,3,物品:cobblestone,0.0206,False,0.2,3,1,0,0
B,I1,3,物品:crafting_table,0.0081,False,0.1111,3,5,0,0
B,I1,3,物品:furnace,0.0,False,0.1111,5,3,0,0
B,I1,3,物品:iron_ingot,0.0,False,0.0909,5,5,0,0
B,I1,3,物品:iron_ore,0.0,False,0.0,,,0,0
B,I1,3,物品:oak_fence,0.0118,False,0.1429,3,3,0,0
B,I1,3,物品:oak_log,0.0081,False,0.1111,3,5,0,0
B,I1,3,物品:oak_planks,0.2611,False,0.2,1,3,0,1
B,I1,3,物品:raw_iron,0.0,False,0.1111,5,3,0,0
B,I1,3,物品:stick,0.2525,False,0.3333,1,1,1,1
B,I1,3,物品:stone,0.0,False,0.0,,,0,0
B,I1,3,物品:stone_pickaxe,0.0064,False,0.2,3,1,0,0
B,I1,3,物品:wooden_pickaxe,0.2326,False,0.2,1,3,0,1
B,I1,3,玩家,0.0,False,0.0,,,0,0
B,I1,3,生存需求,0.0,False,0.0,,,0,0
B,I1,3,用户资产保护,0.0,False,0.0,,,0,0
B,I1,3,配方:crafting_table:hand:0,0.0162,False,0.1429,2,4,0,0
B,I1,3,配方:furnace:table:0,0.0,False,0.1429,4,2,0,0
B,I1,3,配方:iron_ingot:smelt,0.0,False,0.0909,6,4,0,0
B,I1,3,配方:oak_fence:table:0,0.0355,False,0.2,2,2,0,0
B,I1,3,配方:oak_planks:hand:0,0.0162,False,0.1429,2,4,0,0
B,I1,3,配方:stick:hand:0,0.0355,False,0.2,2,2,0,1
B,I1,3,配方:stone_pickaxe:table:0,0.0192,False,0.3333,2,0,0,0
B,I1,3,配方:wooden_pickaxe:table:0,2.6673,True,0.3333,0,2,0,1
B,I1,4,cobblestone,0.0236,False,0.2,2,2,0,0
B,I1,4,crafting_table,0.0,False,0.1111,4,4,0,0
B,I1,4,deepslate_iron_ore,0.0,False,0.1111,4,4,0,0
B,I1,4,diamond,0.0,False,0.1111,4,4,0,0
B,I1,4,diamond_ore,0.0,False,0.1111,4,4,0,0
B,I1,4,dirt,0.0,False,0.1111,4,4,0,0
B,I1,4,furnace,0.0,False,0.1111,4,4,0,0
B,I1,4,grass_block,0.0,False,0.1111,4,4,0,0
B,I1,4,iron_ingot,0.0,False,0.1111,4,4,0,0
B,I1,4,iron_ore,0.0,False,0.1429,4,2,0,0
B,I1,4,oak_fence,0.0,False,0.1111,4,4,0,0
B,I1,4,oak_log,0.0,False,0.1111,4,4,0,0
B,I1,4,oak_planks,0.0162,False,0.1429,2,4,0,0
B,I1,4,raw_iron,0.0,False,0.1111,4,4,0,0
B,I1,4,stick,0.0192,False,0.2,2,2,0,0
B,I1,4,stone,0.0236,False,0.2,2,2,0,0
B,I1,4,stone_pickaxe,0.0,False,0.1429,4,2,0,0
B,I1,4,wooden_pickaxe,0.0236,False,0.1429,2,4,0,0
B,I1,4,健康,0.0,False,0.0,,,0,0
B,I1,4,可采资源,0.0526,False,0.1429,3,3,0,1
B,I1,4,实体:birch_log,2.5,True,0.0,,,0,1
B,I1,4,实体:dirt,3.75,True,0.0,,,0,1
B,I1,4,物品:cobblestone,0.0206,False,0.2,3,1,0,0
B,I1,4,物品:crafting_table,0.0081,False,0.1111,3,5,0,0
B,I1,4,物品:furnace,0.0,False,0.1111,5,3,0,0
B,I1,4,物品:iron_ingot,0.0,False,0.0909,5,5,0,0
B,I1,4,物品:iron_ore,0.0,False,0.0,,,0,0
B,I1,4,物品:oak_fence,0.0118,False,0.1429,3,3,0,0
B,I1,4,物品:oak_log,0.0081,False,0.1111,3,5,0,0
B,I1,4,物品:oak_planks,0.2611,False,0.2,1,3,0,1
B,I1,4,物品:raw_iron,0.0,False,0.1111,5,3,0,0
B,I1,4,物品:stick,0.2525,False,0.3333,1,1,1,1
B,I1,4,物品:stone,0.0,False,0.0,,,0,0
B,I1,4,物品:stone_pickaxe,0.0064,False,0.2,3,1,0,0
B,I1,4,物品:wooden_pickaxe,0.2326,False,0.2,1,3,0,1
B,I1,4,玩家,0.0,False,0.0,,,0,0
B,I1,4,生存需求,0.0,False,0.0,,,0,0
B,I1,4,用户资产保护,0.0,False,0.0,,,0,0
B,I1,4,配方:crafting_table:hand:0,0.0162,False,0.1429,2,4,0,0
B,I1,4,配方:furnace:table:0,0.0,False,0.1429,4,2,0,0
B,I1,4,配方:iron_ingot:smelt,0.0,False,0.0909,6,4,0,0
B,I1,4,配方:oak_fence:table:0,0.0355,False,0.2,2,2,0,0
B,I1,4,配方:oak_planks:hand:0,0.0162,False,0.1429,2,4,0,0
B,I1,4,配方:stick:hand:0,0.0355,False,0.2,2,2,0,1
B,I1,4,配方:stone_pickaxe:table:0,0.0192,False,0.3333,2,0,0,0
B,I1,4,配方:wooden_pickaxe:table:0,2.6673,True,0.3333,0,2,0,1
B,I1,5,cobblestone,0.0236,False,0.2,2,2,0,0
B,I1,5,crafting_table,0.0,False,0.1111,4,4,0,0
B,I1,5,deepslate_iron_ore,0.0,False,0.1111,4,4,0,0
B,I1,5,diamond,0.0,False,0.1111,4,4,0,0
B,I1,5,diamond_ore,0.0,False,0.1111,4,4,0,0
B,I1,5,dirt,0.0,False,0.1111,4,4,0,0
B,I1,5,furnace,0.0,False,0.1111,4,4,0,0
B,I1,5,grass_block,0.0,False,0.1111,4,4,0,0
B,I1,5,iron_ingot,0.0,False,0.1111,4,4,0,0
B,I1,5,iron_ore,0.0,False,0.1429,4,2,0,0
B,I1,5,oak_fence,0.0,False,0.1111,4,4,0,0
B,I1,5,oak_log,0.0,False,0.1111,4,4,0,0
B,I1,5,oak_planks,0.0162,False,0.1429,2,4,0,0
B,I1,5,raw_iron,0.0,False,0.1111,4,4,0,0
B,I1,5,stick,0.0192,False,0.2,2,2,0,0
B,I1,5,stone,0.0236,False,0.2,2,2,0,0
B,I1,5,stone_pickaxe,0.0,False,0.1429,4,2,0,0
B,I1,5,wooden_pickaxe,0.0236,False,0.1429,2,4,0,0
B,I1,5,健康,0.0,False,0.0,,,0,0
B,I1,5,可采资源,0.0526,False,0.1429,3,3,0,1
B,I1,5,实体:diamond,2.5,True,0.0,,,0,1
B,I1,5,实体:emerald,3.75,True,0.0,,,0,1
B,I1,5,物品:cobblestone,0.0206,False,0.2,3,1,0,0
B,I1,5,物品:crafting_table,0.0081,False,0.1111,3,5,0,0
B,I1,5,物品:furnace,0.0,False,0.1111,5,3,0,0
B,I1,5,物品:iron_ingot,0.0,False,0.0909,5,5,0,0
B,I1,5,物品:iron_ore,0.0,False,0.0,,,0,0
B,I1,5,物品:oak_fence,0.0118,False,0.1429,3,3,0,0
B,I1,5,物品:oak_log,0.0081,False,0.1111,3,5,0,0
B,I1,5,物品:oak_planks,0.2611,False,0.2,1,3,0,1
B,I1,5,物品:raw_iron,0.0,False,0.1111,5,3,0,0
B,I1,5,物品:stick,0.2525,False,0.3333,1,1,1,1
B,I1,5,物品:stone,0.0,False,0.0,,,0,0
B,I1,5,物品:stone_pickaxe,0.0064,False,0.2,3,1,0,0
B,I1,5,物品:wooden_pickaxe,0.2326,False,0.2,1,3,0,1
B,I1,5,玩家,0.0,False,0.0,,,0,0
B,I1,5,生存需求,0.0,False,0.0,,,0,0
B,I1,5,用户资产保护,0.0,False,0.0,,,0,0
B,I1,5,配方:crafting_table:hand:0,0.0162,False,0.1429,2,4,0,0
B,I1,5,配方:furnace:table:0,0.0,False,0.1429,4,2,0,0
B,I1,5,配方:iron_ingot:smelt,0.0,False,0.0909,6,4,0,0
B,I1,5,配方:oak_fence:table:0,0.0355,False,0.2,2,2,0,0
B,I1,5,配方:oak_planks:hand:0,0.0162,False,0.1429,2,4,0,0
B,I1,5,配方:stick:hand:0,0.0355,False,0.2,2,2,0,1
B,I1,5,配方:stone_pickaxe:table:0,0.0192,False,0.3333,2,0,0,0
B,I1,5,配方:wooden_pickaxe:table:0,2.6673,True,0.3333,0,2,0,1
B,I1,6,cobblestone,0.0236,False,0.2,2,2,0,0
B,I1,6,crafting_table,0.0,False,0.1111,4,4,0,0
B,I1,6,deepslate_iron_ore,0.0,False,0.1111,4,4,0,0
B,I1,6,diamond,0.0,False,0.1111,4,4,0,0
B,I1,6,diamond_ore,0.0,False,0.1111,4,4,0,0
B,I1,6,dirt,0.0,False,0.1111,4,4,0,0
B,I1,6,furnace,0.0,False,0.1111,4,4,0,0
B,I1,6,grass_block,0.0,False,0.1111,4,4,0,0
B,I1,6,iron_ingot,0.0,False,0.1111,4,4,0,0
B,I1,6,iron_ore,0.0,False,0.1429,4,2,0,0
B,I1,6,oak_fence,0.0,False,0.1111,4,4,0,0
B,I1,6,oak_log,0.0,False,0.1111,4,4,0,0
B,I1,6,oak_planks,0.0162,False,0.1429,2,4,0,0
B,I1,6,raw_iron,0.0,False,0.1111,4,4,0,0
B,I1,6,stick,0.0192,False,0.2,2,2,0,0
B,I1,6,stone,0.0236,False,0.2,2,2,0,0
B,I1,6,stone_pickaxe,0.0,False,0.1429,4,2,0,0
B,I1,6,wooden_pickaxe,0.0236,False,0.1429,2,4,0,0
B,I1,6,健康,0.0,False,0.0,,,0,0
B,I1,6,可采资源,0.0526,False,0.1429,3,3,0,1
B,I1,6,实体:dirt,3.75,True,0.0,,,0,1
B,I1,6,实体:gold_nugget,2.5,True,0.0,,,0,1
B,I1,6,物品:cobblestone,0.0206,False,0.2,3,1,0,0
B,I1,6,物品:crafting_table,0.0081,False,0.1111,3,5,0,0
B,I1,6,物品:furnace,0.0,False,0.1111,5,3,0,0
B,I1,6,物品:iron_ingot,0.0,False,0.0909,5,5,0,0
B,I1,6,物品:iron_ore,0.0,False,0.0,,,0,0
B,I1,6,物品:oak_fence,0.0118,False,0.1429,3,3,0,0
B,I1,6,物品:oak_log,0.0081,False,0.1111,3,5,0,0
B,I1,6,物品:oak_planks,0.2611,False,0.2,1,3,0,1
B,I1,6,物品:raw_iron,0.0,False,0.1111,5,3,0,0
B,I1,6,物品:stick,0.2525,False,0.3333,1,1,1,1
B,I1,6,物品:stone,0.0,False,0.0,,,0,0
B,I1,6,物品:stone_pickaxe,0.0064,False,0.2,3,1,0,0
B,I1,6,物品:wooden_pickaxe,0.2326,False,0.2,1,3,0,1
B,I1,6,玩家,0.0,False,0.0,,,0,0
B,I1,6,生存需求,0.0,False,0.0,,,0,0
B,I1,6,用户资产保护,0.0,False,0.0,,,0,0
B,I1,6,配方:crafting_table:hand:0,0.0162,False,0.1429,2,4,0,0
B,I1,6,配方:furnace:table:0,0.0,False,0.1429,4,2,0,0
B,I1,6,配方:iron_ingot:smelt,0.0,False,0.0909,6,4,0,0
B,I1,6,配方:oak_fence:table:0,0.0355,False,0.2,2,2,0,0
B,I1,6,配方:oak_planks:hand:0,0.0162,False,0.1429,2,4,0,0
B,I1,6,配方:stick:hand:0,0.0355,False,0.2,2,2,0,1
B,I1,6,配方:stone_pickaxe:table:0,0.0192,False,0.3333,2,0,0,0
B,I1,6,配方:wooden_pickaxe:table:0,2.6673,True,0.3333,0,2,0,1
B,I1,7,cobblestone,0.0236,False,0.2,2,2,0,0
B,I1,7,crafting_table,0.0,False,0.1111,4,4,0,0
B,I1,7,deepslate_iron_ore,0.0,False,0.1111,4,4,0,0
B,I1,7,diamond,0.0,False,0.1111,4,4,0,0
B,I1,7,diamond_ore,0.0,False,0.1111,4,4,0,0
B,I1,7,dirt,0.0,False,0.1111,4,4,0,0
B,I1,7,furnace,0.0,False,0.1111,4,4,0,0
B,I1,7,grass_block,0.0,False,0.1111,4,4,0,0
B,I1,7,iron_ingot,0.0,False,0.1111,4,4,0,0
B,I1,7,iron_ore,0.0,False,0.1429,4,2,0,0
B,I1,7,oak_fence,0.0,False,0.1111,4,4,0,0
B,I1,7,oak_log,0.0,False,0.1111,4,4,0,0
B,I1,7,oak_planks,0.0162,False,0.1429,2,4,0,0
B,I1,7,raw_iron,0.0,False,0.1111,4,4,0,0
B,I1,7,stick,0.0192,False,0.2,2,2,0,0
B,I1,7,stone,0.0236,False,0.2,2,2,0,0
B,I1,7,stone_pickaxe,0.0,False,0.1429,4,2,0,0
B,I1,7,wooden_pickaxe,0.0236,False,0.1429,2,4,0,0
B,I1,7,健康,0.0,False,0.0,,,0,0
B,I1,7,可采资源,0.0526,False,0.1429,3,3,0,1
B,I1,7,实体:diamond,3.75,True,0.0,,,0,1
B,I1,7,实体:emerald,2.5,True,0.0,,,0,1
B,I1,7,物品:cobblestone,0.0206,False,0.2,3,1,0,0
B,I1,7,物品:crafting_table,0.0081,False,0.1111,3,5,0,0
B,I1,7,物品:furnace,0.0,False,0.1111,5,3,0,0
B,I1,7,物品:iron_ingot,0.0,False,0.0909,5,5,0,0
B,I1,7,物品:iron_ore,0.0,False,0.0,,,0,0
B,I1,7,物品:oak_fence,0.0118,False,0.1429,3,3,0,0
B,I1,7,物品:oak_log,0.0081,False,0.1111,3,5,0,0
B,I1,7,物品:oak_planks,0.2611,False,0.2,1,3,0,1
B,I1,7,物品:raw_iron,0.0,False,0.1111,5,3,0,0
B,I1,7,物品:stick,0.2525,False,0.3333,1,1,1,1
B,I1,7,物品:stone,0.0,False,0.0,,,0,0
B,I1,7,物品:stone_pickaxe,0.0064,False,0.2,3,1,0,0
B,I1,7,物品:wooden_pickaxe,0.2326,False,0.2,1,3,0,1
B,I1,7,玩家,0.0,False,0.0,,,0,0
B,I1,7,生存需求,0.0,False,0.0,,,0,0
B,I1,7,用户资产保护,0.0,False,0.0,,,0,0
B,I1,7,配方:crafting_table:hand:0,0.0162,False,0.1429,2,4,0,0
B,I1,7,配方:furnace:table:0,0.0,False,0.1429,4,2,0,0
B,I1,7,配方:iron_ingot:smelt,0.0,False,0.0909,6,4,0,0
B,I1,7,配方:oak_fence:table:0,0.0355,False,0.2,2,2,0,0
B,I1,7,配方:oak_planks:hand:0,0.0162,False,0.1429,2,4,0,0
B,I1,7,配方:stick:hand:0,0.0355,False,0.2,2,2,0,1
B,I1,7,配方:stone_pickaxe:table:0,0.0192,False,0.3333,2,0,0,0
B,I1,7,配方:wooden_pickaxe:table:0,2.6673,True,0.3333,0,2,0,1
B,I1,8,cobblestone,0.0236,False,0.2,2,2,0,0
B,I1,8,crafting_table,0.0,False,0.1111,4,4,0,0
B,I1,8,deepslate_iron_ore,0.0,False,0.1111,4,4,0,0
B,I1,8,diamond,0.0,False,0.1111,4,4,0,0
B,I1,8,diamond_ore,0.0,False,0.1111,4,4,0,0
B,I1,8,dirt,0.0,False,0.1111,4,4,0,0
B,I1,8,furnace,0.0,False,0.1111,4,4,0,0
B,I1,8,grass_block,0.0,False,0.1111,4,4,0,0
B,I1,8,iron_ingot,0.0,False,0.1111,4,4,0,0
B,I1,8,iron_ore,0.0,False,0.1429,4,2,0,0
B,I1,8,oak_fence,0.0,False,0.1111,4,4,0,0
B,I1,8,oak_log,0.0,False,0.1111,4,4,0,0
B,I1,8,oak_planks,0.0162,False,0.1429,2,4,0,0
B,I1,8,raw_iron,0.0,False,0.1111,4,4,0,0
B,I1,8,stick,0.0192,False,0.2,2,2,0,0
B,I1,8,stone,0.0236,False,0.2,2,2,0,0
B,I1,8,stone_pickaxe,0.0,False,0.1429,4,2,0,0
B,I1,8,wooden_pickaxe,0.0236,False,0.1429,2,4,0,0
B,I1,8,健康,0.0,False,0.0,,,0,0
B,I1,8,可采资源,0.0526,False,0.1429,3,3,0,1
B,I1,8,实体:diamond,2.5,True,0.0,,,0,1
B,I1,8,实体:dirt,3.75,True,0.0,,,0,1
B,I1,8,物品:cobblestone,0.0206,False,0.2,3,1,0,0
B,I1,8,物品:crafting_table,0.0081,False,0.1111,3,5,0,0
B,I1,8,物品:furnace,0.0,False,0.1111,5,3,0,0
B,I1,8,物品:iron_ingot,0.0,False,0.0909,5,5,0,0
B,I1,8,物品:iron_ore,0.0,False,0.0,,,0,0
B,I1,8,物品:oak_fence,0.0118,False,0.1429,3,3,0,0
B,I1,8,物品:oak_log,0.0081,False,0.1111,3,5,0,0
B,I1,8,物品:oak_planks,0.2611,False,0.2,1,3,0,1
B,I1,8,物品:raw_iron,0.0,False,0.1111,5,3,0,0
B,I1,8,物品:stick,0.2525,False,0.3333,1,1,1,1
B,I1,8,物品:stone,0.0,False,0.0,,,0,0
B,I1,8,物品:stone_pickaxe,0.0064,False,0.2,3,1,0,0
B,I1,8,物品:wooden_pickaxe,0.2326,False,0.2,1,3,0,1
B,I1,8,玩家,0.0,False,0.0,,,0,0
B,I1,8,生存需求,0.0,False,0.0,,,0,0
B,I1,8,用户资产保护,0.0,False,0.0,,,0,0
B,I1,8,配方:crafting_table:hand:0,0.0162,False,0.1429,2,4,0,0
B,I1,8,配方:furnace:table:0,0.0,False,0.1429,4,2,0,0
B,I1,8,配方:iron_ingot:smelt,0.0,False,0.0909,6,4,0,0
B,I1,8,配方:oak_fence:table:0,0.0355,False,0.2,2,2,0,0
B,I1,8,配方:oak_planks:hand:0,0.0162,False,0.1429,2,4,0,0
B,I1,8,配方:stick:hand:0,0.0355,False,0.2,2,2,0,1
B,I1,8,配方:stone_pickaxe:table:0,0.0192,False,0.3333,2,0,0,0
B,I1,8,配方:wooden_pickaxe:table:0,2.6673,True,0.3333,0,2,0,1
B,I1,9,cobblestone,0.0236,False,0.2,2,2,0,0
B,I1,9,crafting_table,0.0,False,0.1111,4,4,0,0
B,I1,9,deepslate_iron_ore,0.0,False,0.1111,4,4,0,0
B,I1,9,diamond,0.0,False,0.1111,4,4,0,0
B,I1,9,diamond_ore,0.0,False,0.1111,4,4,0,0
B,I1,9,dirt,0.0,False,0.1111,4,4,0,0
B,I1,9,furnace,0.0,False,0.1111,4,4,0,0
B,I1,9,grass_block,0.0,False,0.1111,4,4,0,0
B,I1,9,iron_ingot,0.0,False,0.1111,4,4,0,0
B,I1,9,iron_ore,0.0,False,0.1429,4,2,0,0
B,I1,9,oak_fence,0.0,False,0.1111,4,4,0,0
B,I1,9,oak_log,0.0,False,0.1111,4,4,0,0
B,I1,9,oak_planks,0.0162,False,0.1429,2,4,0,0
B,I1,9,raw_iron,0.0,False,0.1111,4,4,0,0
B,I1,9,stick,0.0192,False,0.2,2,2,0,0
B,I1,9,stone,0.0236,False,0.2,2,2,0,0
B,I1,9,stone_pickaxe,0.0,False,0.1429,4,2,0,0
B,I1,9,wooden_pickaxe,0.0236,False,0.1429,2,4,0,0
B,I1,9,健康,0.0,False,0.0,,,0,0
B,I1,9,可采资源,0.0526,False,0.1429,3,3,0,1
B,I1,9,实体:emerald,2.5,True,0.0,,,0,1
B,I1,9,实体:gold_nugget,3.75,True,0.0,,,0,1
B,I1,9,物品:cobblestone,0.0206,False,0.2,3,1,0,0
B,I1,9,物品:crafting_table,0.0081,False,0.1111,3,5,0,0
B,I1,9,物品:furnace,0.0,False,0.1111,5,3,0,0
B,I1,9,物品:iron_ingot,0.0,False,0.0909,5,5,0,0
B,I1,9,物品:iron_ore,0.0,False,0.0,,,0,0
B,I1,9,物品:oak_fence,0.0118,False,0.1429,3,3,0,0
B,I1,9,物品:oak_log,0.0081,False,0.1111,3,5,0,0
B,I1,9,物品:oak_planks,0.2611,False,0.2,1,3,0,1
B,I1,9,物品:raw_iron,0.0,False,0.1111,5,3,0,0
B,I1,9,物品:stick,0.2525,False,0.3333,1,1,1,1
B,I1,9,物品:stone,0.0,False,0.0,,,0,0
B,I1,9,物品:stone_pickaxe,0.0064,False,0.2,3,1,0,0
B,I1,9,物品:wooden_pickaxe,0.2326,False,0.2,1,3,0,1
B,I1,9,玩家,0.0,False,0.0,,,0,0
B,I1,9,生存需求,0.0,False,0.0,,,0,0
B,I1,9,用户资产保护,0.0,False,0.0,,,0,0
B,I1,9,配方:crafting_table:hand:0,0.0162,False,0.1429,2,4,0,0
B,I1,9,配方:furnace:table:0,0.0,False,0.1429,4,2,0,0
B,I1,9,配方:iron_ingot:smelt,0.0,False,0.0909,6,4,0,0
B,I1,9,配方:oak_fence:table:0,0.0355,False,0.2,2,2,0,0
B,I1,9,配方:oak_planks:hand:0,0.0162,False,0.1429,2,4,0,0
B,I1,9,配方:stick:hand:0,0.0355,False,0.2,2,2,0,1
B,I1,9,配方:stone_pickaxe:table:0,0.0192,False,0.3333,2,0,0,0
B,I1,9,配方:wooden_pickaxe:table:0,2.6673,True,0.3333,0,2,0,1
B,I1,10,cobblestone,0.0236,False,0.2,2,2,0,0
B,I1,10,crafting_table,0.0,False,0.1111,4,4,0,0
B,I1,10,deepslate_iron_ore,0.0,False,0.1111,4,4,0,0
B,I1,10,diamond,0.0,False,0.1111,4,4,0,0
B,I1,10,diamond_ore,0.0,False,0.1111,4,4,0,0
B,I1,10,dirt,0.0,False,0.1111,4,4,0,0
B,I1,10,furnace,0.0,False,0.1111,4,4,0,0
B,I1,10,grass_block,0.0,False,0.1111,4,4,0,0
B,I1,10,iron_ingot,0.0,False,0.1111,4,4,0,0
B,I1,10,iron_ore,0.0,False,0.1429,4,2,0,0
B,I1,10,oak_fence,0.0,False,0.1111,4,4,0,0
B,I1,10,oak_log,0.0,False,0.1111,4,4,0,0
B,I1,10,oak_planks,0.0162,False,0.1429,2,4,0,0
B,I1,10,raw_iron,0.0,False,0.1111,4,4,0,0
B,I1,10,stick,0.0192,False,0.2,2,2,0,0
B,I1,10,stone,0.0236,False,0.2,2,2,0,0
B,I1,10,stone_pickaxe,0.0,False,0.1429,4,2,0,0
B,I1,10,wooden_pickaxe,0.0236,False,0.1429,2,4,0,0
B,I1,10,健康,0.0,False,0.0,,,0,0
B,I1,10,可采资源,0.0526,False,0.1429,3,3,0,1
B,I1,10,实体:diamond,3.75,True,0.0,,,0,1
B,I1,10,实体:emerald,2.5,True,0.0,,,0,1
B,I1,10,物品:cobblestone,0.0206,False,0.2,3,1,0,0
B,I1,10,物品:crafting_table,0.0081,False,0.1111,3,5,0,0
B,I1,10,物品:furnace,0.0,False,0.1111,5,3,0,0
B,I1,10,物品:iron_ingot,0.0,False,0.0909,5,5,0,0
B,I1,10,物品:iron_ore,0.0,False,0.0,,,0,0
B,I1,10,物品:oak_fence,0.0118,False,0.1429,3,3,0,0
B,I1,10,物品:oak_log,0.0081,False,0.1111,3,5,0,0
B,I1,10,物品:oak_planks,0.2611,False,0.2,1,3,0,1
B,I1,10,物品:raw_iron,0.0,False,0.1111,5,3,0,0
B,I1,10,物品:stick,0.2525,False,0.3333,1,1,1,1
B,I1,10,物品:stone,0.0,False,0.0,,,0,0
B,I1,10,物品:stone_pickaxe,0.0064,False,0.2,3,1,0,0
B,I1,10,物品:wooden_pickaxe,0.2326,False,0.2,1,3,0,1
B,I1,10,玩家,0.0,False,0.0,,,0,0
B,I1,10,生存需求,0.0,False,0.0,,,0,0
B,I1,10,用户资产保护,0.0,False,0.0,,,0,0
B,I1,10,配方:crafting_table:hand:0,0.0162,False,0.1429,2,4,0,0
B,I1,10,配方:furnace:table:0,0.0,False,0.1429,4,2,0,0
B,I1,10,配方:iron_ingot:smelt,0.0,False,0.0909,6,4,0,0
B,I1,10,配方:oak_fence:table:0,0.0355,False,0.2,2,2,0,0
B,I1,10,配方:oak_planks:hand:0,0.0162,False,0.1429,2,4,0,0
B,I1,10,配方:stick:hand:0,0.0355,False,0.2,2,2,0,1
B,I1,10,配方:stone_pickaxe:table:0,0.0192,False,0.3333,2,0,0,0
B,I1,10,配方:wooden_pickaxe:table:0,2.6673,True,0.3333,0,2,0,1
B,I2,1,cobblestone,0.0236,False,0.2,2,2,0,0
B,I2,1,crafting_table,0.0,False,0.1111,4,4,0,0
B,I2,1,deepslate_iron_ore,0.0,False,0.1111,4,4,0,0
B,I2,1,diamond,0.0,False,0.1111,4,4,0,0
B,I2,1,diamond_ore,0.0,False,0.1111,4,4,0,0
B,I2,1,dirt,0.0,False,0.1111,4,4,0,0
B,I2,1,furnace,0.0,False,0.1111,4,4,0,0
B,I2,1,grass_block,0.0,False,0.1111,4,4,0,0
B,I2,1,iron_ingot,0.0,False,0.1111,4,4,0,0
B,I2,1,iron_ore,0.0305,False,0.1429,4,2,0,1
B,I2,1,oak_fence,0.0,False,0.1111,4,4,0,0
B,I2,1,oak_log,0.0,False,0.1111,4,4,0,0
B,I2,1,oak_planks,0.0,False,0.1429,2,4,0,0
B,I2,1,raw_iron,0.0,False,0.1111,4,4,0,0
B,I2,1,stick,0.0192,False,0.2,2,2,0,0
B,I2,1,stone,0.0236,False,0.2,2,2,0,0
B,I2,1,stone_pickaxe,0.0305,False,0.1429,4,2,0,0
B,I2,1,wooden_pickaxe,0.0,False,0.1429,2,4,0,0
B,I2,1,健康,0.0,False,0.0,,,0,0
B,I2,1,可采资源,0.0595,False,0.1429,3,3,0,1
B,I2,1,实体:birch_log,2.5,True,0.0,,,0,1
B,I2,1,实体:gold_nugget,3.75,True,0.0,,,0,1
B,I2,1,物品:cobblestone,0.2343,False,0.2,3,1,0,1
B,I2,1,物品:crafting_table,0.0,False,0.1111,3,5,0,0
B,I2,1,物品:furnace,0.0118,False,0.1111,5,3,0,0
B,I2,1,物品:iron_ingot,0.0,False,0.0909,5,5,0,0
B,I2,1,物品:iron_ore,0.0,False,0.0,,,0,0
B,I2,1,物品:oak_fence,0.0064,False,0.1429,3,3,0,0
B,I2,1,物品:oak_log,0.0,False,0.1111,3,5,0,0
B,I2,1,物品:oak_planks,0.0224,False,0.2,1,3,0,0
B,I2,1,物品:raw_iron,0.0091,False,0.1111,5,3,0,0
B,I2,1,物品:stick,0.239,False,0.3333,1,1,1,1
B,I2,1,物品:stone,0.0,False,0.0,,,0,0
B,I2,1,物品:stone_pickaxe,0.2305,False,0.2,3,1,0,1
B,I2,1,物品:wooden_pickaxe,0.0206,False,0.2,1,3,0,0
B,I2,1,玩家,0.0,False,0.0,,,0,0
B,I2,1,生存需求,0.0,False,0.0,,,0,0
B,I2,1,用户资产保护,0.0,False,0.0,,,0,0
B,I2,1,配方:crafting_table:hand:0,0.0,False,0.1429,2,4,0,0
B,I2,1,配方:furnace:table:0,0.0236,False,0.1429,4,2,0,0
B,I2,1,配方:iron_ingot:smelt,0.0,False,0.0909,6,4,0,0
B,I2,1,配方:oak_fence:table:0,0.0192,False,0.2,2,2,0,0
B,I2,1,配方:oak_planks:hand:0,0.0,False,0.1429,2,4,0,0
B,I2,1,配方:stick:hand:0,0.0192,False,0.2,2,2,0,0
B,I2,1,配方:stone_pickaxe:table:0,2.7077,True,0.3333,2,0,0,1
B,I2,1,配方:wooden_pickaxe:table:0,0.0192,False,0.3333,0,2,0,0
B,I2,2,cobblestone,0.0236,False,0.2,2,2,0,0
B,I2,2,crafting_table,0.0,False,0.1111,4,4,0,0
B,I2,2,deepslate_iron_ore,0.0,False,0.1111,4,4,0,0
B,I2,2,diamond,0.0,False,0.1111,4,4,0,0
B,I2,2,diamond_ore,0.0,False,0.1111,4,4,0,0
B,I2,2,dirt,0.0,False,0.1111,4,4,0,0
B,I2,2,furnace,0.0,False,0.1111,4,4,0,0
B,I2,2,grass_block,0.0,False,0.1111,4,4,0,0
B,I2,2,iron_ingot,0.0,False,0.1111,4,4,0,0
B,I2,2,iron_ore,0.0305,False,0.1429,4,2,0,1
B,I2,2,oak_fence,0.0,False,0.1111,4,4,0,0
B,I2,2,oak_log,0.0,False,0.1111,4,4,0,0
B,I2,2,oak_planks,0.0,False,0.1429,2,4,0,0
B,I2,2,raw_iron,0.0,False,0.1111,4,4,0,0
B,I2,2,stick,0.0192,False,0.2,2,2,0,0
B,I2,2,stone,0.0236,False,0.2,2,2,0,0
B,I2,2,stone_pickaxe,0.0305,False,0.1429,4,2,0,0
B,I2,2,wooden_pickaxe,0.0,False,0.1429,2,4,0,0
B,I2,2,健康,0.0,False,0.0,,,0,0
B,I2,2,可采资源,0.0595,False,0.1429,3,3,0,1
B,I2,2,实体:birch_log,2.5,True,0.0,,,0,1
B,I2,2,实体:emerald,3.75,True,0.0,,,0,1
B,I2,2,物品:cobblestone,0.2343,False,0.2,3,1,0,1
B,I2,2,物品:crafting_table,0.0,False,0.1111,3,5,0,0
B,I2,2,物品:furnace,0.0118,False,0.1111,5,3,0,0
B,I2,2,物品:iron_ingot,0.0,False,0.0909,5,5,0,0
B,I2,2,物品:iron_ore,0.0,False,0.0,,,0,0
B,I2,2,物品:oak_fence,0.0064,False,0.1429,3,3,0,0
B,I2,2,物品:oak_log,0.0,False,0.1111,3,5,0,0
B,I2,2,物品:oak_planks,0.0224,False,0.2,1,3,0,0
B,I2,2,物品:raw_iron,0.0091,False,0.1111,5,3,0,0
B,I2,2,物品:stick,0.239,False,0.3333,1,1,1,1
B,I2,2,物品:stone,0.0,False,0.0,,,0,0
B,I2,2,物品:stone_pickaxe,0.2305,False,0.2,3,1,0,1
B,I2,2,物品:wooden_pickaxe,0.0206,False,0.2,1,3,0,0
B,I2,2,玩家,0.0,False,0.0,,,0,0
B,I2,2,生存需求,0.0,False,0.0,,,0,0
B,I2,2,用户资产保护,0.0,False,0.0,,,0,0
B,I2,2,配方:crafting_table:hand:0,0.0,False,0.1429,2,4,0,0
B,I2,2,配方:furnace:table:0,0.0236,False,0.1429,4,2,0,0
B,I2,2,配方:iron_ingot:smelt,0.0,False,0.0909,6,4,0,0
B,I2,2,配方:oak_fence:table:0,0.0192,False,0.2,2,2,0,0
B,I2,2,配方:oak_planks:hand:0,0.0,False,0.1429,2,4,0,0
B,I2,2,配方:stick:hand:0,0.0192,False,0.2,2,2,0,0
B,I2,2,配方:stone_pickaxe:table:0,2.7077,True,0.3333,2,0,0,1
B,I2,2,配方:wooden_pickaxe:table:0,0.0192,False,0.3333,0,2,0,0
B,I2,3,cobblestone,0.0236,False,0.2,2,2,0,0
B,I2,3,crafting_table,0.0,False,0.1111,4,4,0,0
B,I2,3,deepslate_iron_ore,0.0,False,0.1111,4,4,0,0
B,I2,3,diamond,0.0,False,0.1111,4,4,0,0
B,I2,3,diamond_ore,0.0,False,0.1111,4,4,0,0
B,I2,3,dirt,0.0,False,0.1111,4,4,0,0
B,I2,3,furnace,0.0,False,0.1111,4,4,0,0
B,I2,3,grass_block,0.0,False,0.1111,4,4,0,0
B,I2,3,iron_ingot,0.0,False,0.1111,4,4,0,0
B,I2,3,iron_ore,0.0305,False,0.1429,4,2,0,1
B,I2,3,oak_fence,0.0,False,0.1111,4,4,0,0
B,I2,3,oak_log,0.0,False,0.1111,4,4,0,0
B,I2,3,oak_planks,0.0,False,0.1429,2,4,0,0
B,I2,3,raw_iron,0.0,False,0.1111,4,4,0,0
B,I2,3,stick,0.0192,False,0.2,2,2,0,0
B,I2,3,stone,0.0236,False,0.2,2,2,0,0
B,I2,3,stone_pickaxe,0.0305,False,0.1429,4,2,0,0
B,I2,3,wooden_pickaxe,0.0,False,0.1429,2,4,0,0
B,I2,3,健康,0.0,False,0.0,,,0,0
B,I2,3,可采资源,0.0595,False,0.1429,3,3,0,1
B,I2,3,实体:diamond,2.5,True,0.0,,,0,1
B,I2,3,实体:emerald,3.75,True,0.0,,,0,1
B,I2,3,物品:cobblestone,0.2343,False,0.2,3,1,0,1
B,I2,3,物品:crafting_table,0.0,False,0.1111,3,5,0,0
B,I2,3,物品:furnace,0.0118,False,0.1111,5,3,0,0
B,I2,3,物品:iron_ingot,0.0,False,0.0909,5,5,0,0
B,I2,3,物品:iron_ore,0.0,False,0.0,,,0,0
B,I2,3,物品:oak_fence,0.0064,False,0.1429,3,3,0,0
B,I2,3,物品:oak_log,0.0,False,0.1111,3,5,0,0
B,I2,3,物品:oak_planks,0.0224,False,0.2,1,3,0,0
B,I2,3,物品:raw_iron,0.0091,False,0.1111,5,3,0,0
B,I2,3,物品:stick,0.239,False,0.3333,1,1,1,1
B,I2,3,物品:stone,0.0,False,0.0,,,0,0
B,I2,3,物品:stone_pickaxe,0.2305,False,0.2,3,1,0,1
B,I2,3,物品:wooden_pickaxe,0.0206,False,0.2,1,3,0,0
B,I2,3,玩家,0.0,False,0.0,,,0,0
B,I2,3,生存需求,0.0,False,0.0,,,0,0
B,I2,3,用户资产保护,0.0,False,0.0,,,0,0
B,I2,3,配方:crafting_table:hand:0,0.0,False,0.1429,2,4,0,0
B,I2,3,配方:furnace:table:0,0.0236,False,0.1429,4,2,0,0
B,I2,3,配方:iron_ingot:smelt,0.0,False,0.0909,6,4,0,0
B,I2,3,配方:oak_fence:table:0,0.0192,False,0.2,2,2,0,0
B,I2,3,配方:oak_planks:hand:0,0.0,False,0.1429,2,4,0,0
B,I2,3,配方:stick:hand:0,0.0192,False,0.2,2,2,0,0
B,I2,3,配方:stone_pickaxe:table:0,2.7077,True,0.3333,2,0,0,1
B,I2,3,配方:wooden_pickaxe:table:0,0.0192,False,0.3333,0,2,0,0
B,I2,4,cobblestone,0.0236,False,0.2,2,2,0,0
B,I2,4,crafting_table,0.0,False,0.1111,4,4,0,0
B,I2,4,deepslate_iron_ore,0.0,False,0.1111,4,4,0,0
B,I2,4,diamond,0.0,False,0.1111,4,4,0,0
B,I2,4,diamond_ore,0.0,False,0.1111,4,4,0,0
B,I2,4,dirt,0.0,False,0.1111,4,4,0,0
B,I2,4,furnace,0.0,False,0.1111,4,4,0,0
B,I2,4,grass_block,0.0,False,0.1111,4,4,0,0
B,I2,4,iron_ingot,0.0,False,0.1111,4,4,0,0
B,I2,4,iron_ore,0.0305,False,0.1429,4,2,0,1
B,I2,4,oak_fence,0.0,False,0.1111,4,4,0,0
B,I2,4,oak_log,0.0,False,0.1111,4,4,0,0
B,I2,4,oak_planks,0.0,False,0.1429,2,4,0,0
B,I2,4,raw_iron,0.0,False,0.1111,4,4,0,0
B,I2,4,stick,0.0192,False,0.2,2,2,0,0
B,I2,4,stone,0.0236,False,0.2,2,2,0,0
B,I2,4,stone_pickaxe,0.0305,False,0.1429,4,2,0,0
B,I2,4,wooden_pickaxe,0.0,False,0.1429,2,4,0,0
B,I2,4,健康,0.0,False,0.0,,,0,0
B,I2,4,可采资源,0.0595,False,0.1429,3,3,0,1
B,I2,4,实体:birch_log,3.75,True,0.0,,,0,1
B,I2,4,实体:diamond,2.5,True,0.0,,,0,1
B,I2,4,物品:cobblestone,0.2343,False,0.2,3,1,0,1
B,I2,4,物品:crafting_table,0.0,False,0.1111,3,5,0,0
B,I2,4,物品:furnace,0.0118,False,0.1111,5,3,0,0
B,I2,4,物品:iron_ingot,0.0,False,0.0909,5,5,0,0
B,I2,4,物品:iron_ore,0.0,False,0.0,,,0,0
B,I2,4,物品:oak_fence,0.0064,False,0.1429,3,3,0,0
B,I2,4,物品:oak_log,0.0,False,0.1111,3,5,0,0
B,I2,4,物品:oak_planks,0.0224,False,0.2,1,3,0,0
B,I2,4,物品:raw_iron,0.0091,False,0.1111,5,3,0,0
B,I2,4,物品:stick,0.239,False,0.3333,1,1,1,1
B,I2,4,物品:stone,0.0,False,0.0,,,0,0
B,I2,4,物品:stone_pickaxe,0.2305,False,0.2,3,1,0,1
B,I2,4,物品:wooden_pickaxe,0.0206,False,0.2,1,3,0,0
B,I2,4,玩家,0.0,False,0.0,,,0,0
B,I2,4,生存需求,0.0,False,0.0,,,0,0
B,I2,4,用户资产保护,0.0,False,0.0,,,0,0
B,I2,4,配方:crafting_table:hand:0,0.0,False,0.1429,2,4,0,0
B,I2,4,配方:furnace:table:0,0.0236,False,0.1429,4,2,0,0
B,I2,4,配方:iron_ingot:smelt,0.0,False,0.0909,6,4,0,0
B,I2,4,配方:oak_fence:table:0,0.0192,False,0.2,2,2,0,0
B,I2,4,配方:oak_planks:hand:0,0.0,False,0.1429,2,4,0,0
B,I2,4,配方:stick:hand:0,0.0192,False,0.2,2,2,0,0
B,I2,4,配方:stone_pickaxe:table:0,2.7077,True,0.3333,2,0,0,1
B,I2,4,配方:wooden_pickaxe:table:0,0.0192,False,0.3333,0,2,0,0
B,I2,5,cobblestone,0.0236,False,0.2,2,2,0,0
B,I2,5,crafting_table,0.0,False,0.1111,4,4,0,0
B,I2,5,deepslate_iron_ore,0.0,False,0.1111,4,4,0,0
B,I2,5,diamond,0.0,False,0.1111,4,4,0,0
B,I2,5,diamond_ore,0.0,False,0.1111,4,4,0,0
B,I2,5,dirt,0.0,False,0.1111,4,4,0,0
B,I2,5,furnace,0.0,False,0.1111,4,4,0,0
B,I2,5,grass_block,0.0,False,0.1111,4,4,0,0
B,I2,5,iron_ingot,0.0,False,0.1111,4,4,0,0
B,I2,5,iron_ore,0.0305,False,0.1429,4,2,0,1
B,I2,5,oak_fence,0.0,False,0.1111,4,4,0,0
B,I2,5,oak_log,0.0,False,0.1111,4,4,0,0
B,I2,5,oak_planks,0.0,False,0.1429,2,4,0,0
B,I2,5,raw_iron,0.0,False,0.1111,4,4,0,0
B,I2,5,stick,0.0192,False,0.2,2,2,0,0
B,I2,5,stone,0.0236,False,0.2,2,2,0,0
B,I2,5,stone_pickaxe,0.0305,False,0.1429,4,2,0,0
B,I2,5,wooden_pickaxe,0.0,False,0.1429,2,4,0,0
B,I2,5,健康,0.0,False,0.0,,,0,0
B,I2,5,可采资源,0.0595,False,0.1429,3,3,0,1
B,I2,5,实体:diamond,2.5,True,0.0,,,0,1
B,I2,5,实体:dirt,3.75,True,0.0,,,0,1
B,I2,5,物品:cobblestone,0.2343,False,0.2,3,1,0,1
B,I2,5,物品:crafting_table,0.0,False,0.1111,3,5,0,0
B,I2,5,物品:furnace,0.0118,False,0.1111,5,3,0,0
B,I2,5,物品:iron_ingot,0.0,False,0.0909,5,5,0,0
B,I2,5,物品:iron_ore,0.0,False,0.0,,,0,0
B,I2,5,物品:oak_fence,0.0064,False,0.1429,3,3,0,0
B,I2,5,物品:oak_log,0.0,False,0.1111,3,5,0,0
B,I2,5,物品:oak_planks,0.0224,False,0.2,1,3,0,0
B,I2,5,物品:raw_iron,0.0091,False,0.1111,5,3,0,0
B,I2,5,物品:stick,0.239,False,0.3333,1,1,1,1
B,I2,5,物品:stone,0.0,False,0.0,,,0,0
B,I2,5,物品:stone_pickaxe,0.2305,False,0.2,3,1,0,1
B,I2,5,物品:wooden_pickaxe,0.0206,False,0.2,1,3,0,0
B,I2,5,玩家,0.0,False,0.0,,,0,0
B,I2,5,生存需求,0.0,False,0.0,,,0,0
B,I2,5,用户资产保护,0.0,False,0.0,,,0,0
B,I2,5,配方:crafting_table:hand:0,0.0,False,0.1429,2,4,0,0
B,I2,5,配方:furnace:table:0,0.0236,False,0.1429,4,2,0,0
B,I2,5,配方:iron_ingot:smelt,0.0,False,0.0909,6,4,0,0
B,I2,5,配方:oak_fence:table:0,0.0192,False,0.2,2,2,0,0
B,I2,5,配方:oak_planks:hand:0,0.0,False,0.1429,2,4,0,0
B,I2,5,配方:stick:hand:0,0.0192,False,0.2,2,2,0,0
B,I2,5,配方:stone_pickaxe:table:0,2.7077,True,0.3333,2,0,0,1
B,I2,5,配方:wooden_pickaxe:table:0,0.0192,False,0.3333,0,2,0,0
B,I2,6,cobblestone,0.0236,False,0.2,2,2,0,0
B,I2,6,crafting_table,0.0,False,0.1111,4,4,0,0
B,I2,6,deepslate_iron_ore,0.0,False,0.1111,4,4,0,0
B,I2,6,diamond,0.0,False,0.1111,4,4,0,0
B,I2,6,diamond_ore,0.0,False,0.1111,4,4,0,0
B,I2,6,dirt,0.0,False,0.1111,4,4,0,0
B,I2,6,furnace,0.0,False,0.1111,4,4,0,0
B,I2,6,grass_block,0.0,False,0.1111,4,4,0,0
B,I2,6,iron_ingot,0.0,False,0.1111,4,4,0,0
B,I2,6,iron_ore,0.0305,False,0.1429,4,2,0,1
B,I2,6,oak_fence,0.0,False,0.1111,4,4,0,0
B,I2,6,oak_log,0.0,False,0.1111,4,4,0,0
B,I2,6,oak_planks,0.0,False,0.1429,2,4,0,0
B,I2,6,raw_iron,0.0,False,0.1111,4,4,0,0
B,I2,6,stick,0.0192,False,0.2,2,2,0,0
B,I2,6,stone,0.0236,False,0.2,2,2,0,0
B,I2,6,stone_pickaxe,0.0305,False,0.1429,4,2,0,0
B,I2,6,wooden_pickaxe,0.0,False,0.1429,2,4,0,0
B,I2,6,健康,0.0,False,0.0,,,0,0
B,I2,6,可采资源,0.0595,False,0.1429,3,3,0,1
B,I2,6,实体:dirt,2.5,True,0.0,,,0,1
B,I2,6,实体:emerald,3.75,True,0.0,,,0,1
B,I2,6,物品:cobblestone,0.2343,False,0.2,3,1,0,1
B,I2,6,物品:crafting_table,0.0,False,0.1111,3,5,0,0
B,I2,6,物品:furnace,0.0118,False,0.1111,5,3,0,0
B,I2,6,物品:iron_ingot,0.0,False,0.0909,5,5,0,0
B,I2,6,物品:iron_ore,0.0,False,0.0,,,0,0
B,I2,6,物品:oak_fence,0.0064,False,0.1429,3,3,0,0
B,I2,6,物品:oak_log,0.0,False,0.1111,3,5,0,0
B,I2,6,物品:oak_planks,0.0224,False,0.2,1,3,0,0
B,I2,6,物品:raw_iron,0.0091,False,0.1111,5,3,0,0
B,I2,6,物品:stick,0.239,False,0.3333,1,1,1,1
B,I2,6,物品:stone,0.0,False,0.0,,,0,0
B,I2,6,物品:stone_pickaxe,0.2305,False,0.2,3,1,0,1
B,I2,6,物品:wooden_pickaxe,0.0206,False,0.2,1,3,0,0
B,I2,6,玩家,0.0,False,0.0,,,0,0
B,I2,6,生存需求,0.0,False,0.0,,,0,0
B,I2,6,用户资产保护,0.0,False,0.0,,,0,0
B,I2,6,配方:crafting_table:hand:0,0.0,False,0.1429,2,4,0,0
B,I2,6,配方:furnace:table:0,0.0236,False,0.1429,4,2,0,0
B,I2,6,配方:iron_ingot:smelt,0.0,False,0.0909,6,4,0,0
B,I2,6,配方:oak_fence:table:0,0.0192,False,0.2,2,2,0,0
B,I2,6,配方:oak_planks:hand:0,0.0,False,0.1429,2,4,0,0
B,I2,6,配方:stick:hand:0,0.0192,False,0.2,2,2,0,0
B,I2,6,配方:stone_pickaxe:table:0,2.7077,True,0.3333,2,0,0,1
B,I2,6,配方:wooden_pickaxe:table:0,0.0192,False,0.3333,0,2,0,0
B,I2,7,cobblestone,0.0236,False,0.2,2,2,0,0
B,I2,7,crafting_table,0.0,False,0.1111,4,4,0,0
B,I2,7,deepslate_iron_ore,0.0,False,0.1111,4,4,0,0
B,I2,7,diamond,0.0,False,0.1111,4,4,0,0
B,I2,7,diamond_ore,0.0,False,0.1111,4,4,0,0
B,I2,7,dirt,0.0,False,0.1111,4,4,0,0
B,I2,7,furnace,0.0,False,0.1111,4,4,0,0
B,I2,7,grass_block,0.0,False,0.1111,4,4,0,0
B,I2,7,iron_ingot,0.0,False,0.1111,4,4,0,0
B,I2,7,iron_ore,0.0305,False,0.1429,4,2,0,1
B,I2,7,oak_fence,0.0,False,0.1111,4,4,0,0
B,I2,7,oak_log,0.0,False,0.1111,4,4,0,0
B,I2,7,oak_planks,0.0,False,0.1429,2,4,0,0
B,I2,7,raw_iron,0.0,False,0.1111,4,4,0,0
B,I2,7,stick,0.0192,False,0.2,2,2,0,0
B,I2,7,stone,0.0236,False,0.2,2,2,0,0
B,I2,7,stone_pickaxe,0.0305,False,0.1429,4,2,0,0
B,I2,7,wooden_pickaxe,0.0,False,0.1429,2,4,0,0
B,I2,7,健康,0.0,False,0.0,,,0,0
B,I2,7,可采资源,0.0595,False,0.1429,3,3,0,1
B,I2,7,实体:dirt,3.75,True,0.0,,,0,1
B,I2,7,实体:emerald,2.5,True,0.0,,,0,1
B,I2,7,物品:cobblestone,0.2343,False,0.2,3,1,0,1
B,I2,7,物品:crafting_table,0.0,False,0.1111,3,5,0,0
B,I2,7,物品:furnace,0.0118,False,0.1111,5,3,0,0
B,I2,7,物品:iron_ingot,0.0,False,0.0909,5,5,0,0
B,I2,7,物品:iron_ore,0.0,False,0.0,,,0,0
B,I2,7,物品:oak_fence,0.0064,False,0.1429,3,3,0,0
B,I2,7,物品:oak_log,0.0,False,0.1111,3,5,0,0
B,I2,7,物品:oak_planks,0.0224,False,0.2,1,3,0,0
B,I2,7,物品:raw_iron,0.0091,False,0.1111,5,3,0,0
B,I2,7,物品:stick,0.239,False,0.3333,1,1,1,1
B,I2,7,物品:stone,0.0,False,0.0,,,0,0
B,I2,7,物品:stone_pickaxe,0.2305,False,0.2,3,1,0,1
B,I2,7,物品:wooden_pickaxe,0.0206,False,0.2,1,3,0,0
B,I2,7,玩家,0.0,False,0.0,,,0,0
B,I2,7,生存需求,0.0,False,0.0,,,0,0
B,I2,7,用户资产保护,0.0,False,0.0,,,0,0
B,I2,7,配方:crafting_table:hand:0,0.0,False,0.1429,2,4,0,0
B,I2,7,配方:furnace:table:0,0.0236,False,0.1429,4,2,0,0
B,I2,7,配方:iron_ingot:smelt,0.0,False,0.0909,6,4,0,0
B,I2,7,配方:oak_fence:table:0,0.0192,False,0.2,2,2,0,0
B,I2,7,配方:oak_planks:hand:0,0.0,False,0.1429,2,4,0,0
B,I2,7,配方:stick:hand:0,0.0192,False,0.2,2,2,0,0
B,I2,7,配方:stone_pickaxe:table:0,2.7077,True,0.3333,2,0,0,1
B,I2,7,配方:wooden_pickaxe:table:0,0.0192,False,0.3333,0,2,0,0
B,I2,8,cobblestone,0.0236,False,0.2,2,2,0,0
B,I2,8,crafting_table,0.0,False,0.1111,4,4,0,0
B,I2,8,deepslate_iron_ore,0.0,False,0.1111,4,4,0,0
B,I2,8,diamond,0.0,False,0.1111,4,4,0,0
B,I2,8,diamond_ore,0.0,False,0.1111,4,4,0,0
B,I2,8,dirt,0.0,False,0.1111,4,4,0,0
B,I2,8,furnace,0.0,False,0.1111,4,4,0,0
B,I2,8,grass_block,0.0,False,0.1111,4,4,0,0
B,I2,8,iron_ingot,0.0,False,0.1111,4,4,0,0
B,I2,8,iron_ore,0.0305,False,0.1429,4,2,0,1
B,I2,8,oak_fence,0.0,False,0.1111,4,4,0,0
B,I2,8,oak_log,0.0,False,0.1111,4,4,0,0
B,I2,8,oak_planks,0.0,False,0.1429,2,4,0,0
B,I2,8,raw_iron,0.0,False,0.1111,4,4,0,0
B,I2,8,stick,0.0192,False,0.2,2,2,0,0
B,I2,8,stone,0.0236,False,0.2,2,2,0,0
B,I2,8,stone_pickaxe,0.0305,False,0.1429,4,2,0,0
B,I2,8,wooden_pickaxe,0.0,False,0.1429,2,4,0,0
B,I2,8,健康,0.0,False,0.0,,,0,0
B,I2,8,可采资源,0.0595,False,0.1429,3,3,0,1
B,I2,8,实体:birch_log,2.5,True,0.0,,,0,1
B,I2,8,实体:diamond,3.75,True,0.0,,,0,1
B,I2,8,物品:cobblestone,0.2343,False,0.2,3,1,0,1
B,I2,8,物品:crafting_table,0.0,False,0.1111,3,5,0,0
B,I2,8,物品:furnace,0.0118,False,0.1111,5,3,0,0
B,I2,8,物品:iron_ingot,0.0,False,0.0909,5,5,0,0
B,I2,8,物品:iron_ore,0.0,False,0.0,,,0,0
B,I2,8,物品:oak_fence,0.0064,False,0.1429,3,3,0,0
B,I2,8,物品:oak_log,0.0,False,0.1111,3,5,0,0
B,I2,8,物品:oak_planks,0.0224,False,0.2,1,3,0,0
B,I2,8,物品:raw_iron,0.0091,False,0.1111,5,3,0,0
B,I2,8,物品:stick,0.239,False,0.3333,1,1,1,1
B,I2,8,物品:stone,0.0,False,0.0,,,0,0
B,I2,8,物品:stone_pickaxe,0.2305,False,0.2,3,1,0,1
B,I2,8,物品:wooden_pickaxe,0.0206,False,0.2,1,3,0,0
B,I2,8,玩家,0.0,False,0.0,,,0,0
B,I2,8,生存需求,0.0,False,0.0,,,0,0
B,I2,8,用户资产保护,0.0,False,0.0,,,0,0
B,I2,8,配方:crafting_table:hand:0,0.0,False,0.1429,2,4,0,0
B,I2,8,配方:furnace:table:0,0.0236,False,0.1429,4,2,0,0
B,I2,8,配方:iron_ingot:smelt,0.0,False,0.0909,6,4,0,0
B,I2,8,配方:oak_fence:table:0,0.0192,False,0.2,2,2,0,0
B,I2,8,配方:oak_planks:hand:0,0.0,False,0.1429,2,4,0,0
B,I2,8,配方:stick:hand:0,0.0192,False,0.2,2,2,0,0
B,I2,8,配方:stone_pickaxe:table:0,2.7077,True,0.3333,2,0,0,1
B,I2,8,配方:wooden_pickaxe:table:0,0.0192,False,0.3333,0,2,0,0
B,I2,9,cobblestone,0.0236,False,0.2,2,2,0,0
B,I2,9,crafting_table,0.0,False,0.1111,4,4,0,0
B,I2,9,deepslate_iron_ore,0.0,False,0.1111,4,4,0,0
B,I2,9,diamond,0.0,False,0.1111,4,4,0,0
B,I2,9,diamond_ore,0.0,False,0.1111,4,4,0,0
B,I2,9,dirt,0.0,False,0.1111,4,4,0,0
B,I2,9,furnace,0.0,False,0.1111,4,4,0,0
B,I2,9,grass_block,0.0,False,0.1111,4,4,0,0
B,I2,9,iron_ingot,0.0,False,0.1111,4,4,0,0
B,I2,9,iron_ore,0.0305,False,0.1429,4,2,0,1
B,I2,9,oak_fence,0.0,False,0.1111,4,4,0,0
B,I2,9,oak_log,0.0,False,0.1111,4,4,0,0
B,I2,9,oak_planks,0.0,False,0.1429,2,4,0,0
B,I2,9,raw_iron,0.0,False,0.1111,4,4,0,0
B,I2,9,stick,0.0192,False,0.2,2,2,0,0
B,I2,9,stone,0.0236,False,0.2,2,2,0,0
B,I2,9,stone_pickaxe,0.0305,False,0.1429,4,2,0,0
B,I2,9,wooden_pickaxe,0.0,False,0.1429,2,4,0,0
B,I2,9,健康,0.0,False,0.0,,,0,0
B,I2,9,可采资源,0.0595,False,0.1429,3,3,0,1
B,I2,9,实体:birch_log,3.75,True,0.0,,,0,1
B,I2,9,实体:dirt,2.5,True,0.0,,,0,1
B,I2,9,物品:cobblestone,0.2343,False,0.2,3,1,0,1
B,I2,9,物品:crafting_table,0.0,False,0.1111,3,5,0,0
B,I2,9,物品:furnace,0.0118,False,0.1111,5,3,0,0
B,I2,9,物品:iron_ingot,0.0,False,0.0909,5,5,0,0
B,I2,9,物品:iron_ore,0.0,False,0.0,,,0,0
B,I2,9,物品:oak_fence,0.0064,False,0.1429,3,3,0,0
B,I2,9,物品:oak_log,0.0,False,0.1111,3,5,0,0
B,I2,9,物品:oak_planks,0.0224,False,0.2,1,3,0,0
B,I2,9,物品:raw_iron,0.0091,False,0.1111,5,3,0,0
B,I2,9,物品:stick,0.239,False,0.3333,1,1,1,1
B,I2,9,物品:stone,0.0,False,0.0,,,0,0
B,I2,9,物品:stone_pickaxe,0.2305,False,0.2,3,1,0,1
B,I2,9,物品:wooden_pickaxe,0.0206,False,0.2,1,3,0,0
B,I2,9,玩家,0.0,False,0.0,,,0,0
B,I2,9,生存需求,0.0,False,0.0,,,0,0
B,I2,9,用户资产保护,0.0,False,0.0,,,0,0
B,I2,9,配方:crafting_table:hand:0,0.0,False,0.1429,2,4,0,0
B,I2,9,配方:furnace:table:0,0.0236,False,0.1429,4,2,0,0
B,I2,9,配方:iron_ingot:smelt,0.0,False,0.0909,6,4,0,0
B,I2,9,配方:oak_fence:table:0,0.0192,False,0.2,2,2,0,0
B,I2,9,配方:oak_planks:hand:0,0.0,False,0.1429,2,4,0,0
B,I2,9,配方:stick:hand:0,0.0192,False,0.2,2,2,0,0
B,I2,9,配方:stone_pickaxe:table:0,2.7077,True,0.3333,2,0,0,1
B,I2,9,配方:wooden_pickaxe:table:0,0.0192,False,0.3333,0,2,0,0
B,I2,10,cobblestone,0.0236,False,0.2,2,2,0,0
B,I2,10,crafting_table,0.0,False,0.1111,4,4,0,0
B,I2,10,deepslate_iron_ore,0.0,False,0.1111,4,4,0,0
B,I2,10,diamond,0.0,False,0.1111,4,4,0,0
B,I2,10,diamond_ore,0.0,False,0.1111,4,4,0,0
B,I2,10,dirt,0.0,False,0.1111,4,4,0,0
B,I2,10,furnace,0.0,False,0.1111,4,4,0,0
B,I2,10,grass_block,0.0,False,0.1111,4,4,0,0
B,I2,10,iron_ingot,0.0,False,0.1111,4,4,0,0
B,I2,10,iron_ore,0.0305,False,0.1429,4,2,0,1
B,I2,10,oak_fence,0.0,False,0.1111,4,4,0,0
B,I2,10,oak_log,0.0,False,0.1111,4,4,0,0
B,I2,10,oak_planks,0.0,False,0.1429,2,4,0,0
B,I2,10,raw_iron,0.0,False,0.1111,4,4,0,0
B,I2,10,stick,0.0192,False,0.2,2,2,0,0
B,I2,10,stone,0.0236,False,0.2,2,2,0,0
B,I2,10,stone_pickaxe,0.0305,False,0.1429,4,2,0,0
B,I2,10,wooden_pickaxe,0.0,False,0.1429,2,4,0,0
B,I2,10,健康,0.0,False,0.0,,,0,0
B,I2,10,可采资源,0.0595,False,0.1429,3,3,0,1
B,I2,10,实体:diamond,2.5,True,0.0,,,0,1
B,I2,10,实体:emerald,3.75,True,0.0,,,0,1
B,I2,10,物品:cobblestone,0.2343,False,0.2,3,1,0,1
B,I2,10,物品:crafting_table,0.0,False,0.1111,3,5,0,0
B,I2,10,物品:furnace,0.0118,False,0.1111,5,3,0,0
B,I2,10,物品:iron_ingot,0.0,False,0.0909,5,5,0,0
B,I2,10,物品:iron_ore,0.0,False,0.0,,,0,0
B,I2,10,物品:oak_fence,0.0064,False,0.1429,3,3,0,0
B,I2,10,物品:oak_log,0.0,False,0.1111,3,5,0,0
B,I2,10,物品:oak_planks,0.0224,False,0.2,1,3,0,0
B,I2,10,物品:raw_iron,0.0091,False,0.1111,5,3,0,0
B,I2,10,物品:stick,0.239,False,0.3333,1,1,1,1
B,I2,10,物品:stone,0.0,False,0.0,,,0,0
B,I2,10,物品:stone_pickaxe,0.2305,False,0.2,3,1,0,1
B,I2,10,物品:wooden_pickaxe,0.0206,False,0.2,1,3,0,0
B,I2,10,玩家,0.0,False,0.0,,,0,0
B,I2,10,生存需求,0.0,False,0.0,,,0,0
B,I2,10,用户资产保护,0.0,False,0.0,,,0,0
B,I2,10,配方:crafting_table:hand:0,0.0,False,0.1429,2,4,0,0
B,I2,10,配方:furnace:table:0,0.0236,False,0.1429,4,2,0,0
B,I2,10,配方:iron_ingot:smelt,0.0,False,0.0909,6,4,0,0
B,I2,10,配方:oak_fence:table:0,0.0192,False,0.2,2,2,0,0
B,I2,10,配方:oak_planks:hand:0,0.0,False,0.1429,2,4,0,0
B,I2,10,配方:stick:hand:0,0.0192,False,0.2,2,2,0,0
B,I2,10,配方:stone_pickaxe:table:0,2.7077,True,0.3333,2,0,0,1
B,I2,10,配方:wooden_pickaxe:table:0,0.0192,False,0.3333,0,2,0,0
B,I3,1,cobblestone,0.0472,False,0.2,2,2,0,0
B,I3,1,crafting_table,0.0,False,0.1111,4,4,0,0
B,I3,1,deepslate_iron_ore,0.0,False,0.1111,4,4,0,0
B,I3,1,diamond,0.0,False,0.1111,4,4,0,0
B,I3,1,diamond_ore,0.0,False,0.1111,4,4,0,0
B,I3,1,dirt,0.0,False,0.1111,4,4,0,0
B,I3,1,furnace,0.0,False,0.1111,4,4,0,0
B,I3,1,grass_block,0.0,False,0.1111,4,4,0,0
B,I3,1,iron_ingot,0.0,False,0.1111,4,4,0,0
B,I3,1,iron_ore,0.0305,False,0.1429,4,2,0,0
B,I3,1,oak_fence,0.0,False,0.1111,4,4,0,0
B,I3,1,oak_log,0.0,False,0.1111,4,4,0,0
B,I3,1,oak_planks,0.0162,False,0.1429,2,4,0,0
B,I3,1,raw_iron,0.0,False,0.1111,4,4,0,0
B,I3,1,stick,0.0357,False,0.2,2,2,0,0
B,I3,1,stone,0.0472,False,0.2,2,2,0,0
B,I3,1,stone_pickaxe,0.0305,False,0.1429,4,2,0,0
B,I3,1,wooden_pickaxe,0.0236,False,0.1429,2,4,0,0
B,I3,1,健康,0.0,False,0.0,,,0,0
B,I3,1,可采资源,0.1105,False,0.1429,3,3,0,0
B,I3,1,实体:diamond,2.5,True,0.0,,,0,1
B,I3,1,实体:emerald,3.75,True,0.0,,,0,1
B,I3,1,物品:cobblestone,0.2484,False,0.2,3,1,0,1
B,I3,1,物品:crafting_table,0.0081,False,0.1111,3,5,0,0
B,I3,1,物品:furnace,0.0118,False,0.1111,5,3,0,0
B,I3,1,物品:iron_ingot,0.0,False,0.0909,5,5,0,0
B,I3,1,物品:iron_ore,0.0,False,0.0,,,0,0
B,I3,1,物品:oak_fence,0.0173,False,0.1429,3,3,0,0
B,I3,1,物品:oak_log,0.0081,False,0.1111,3,5,0,0
B,I3,1,物品:oak_planks,0.2748,False,0.2,1,3,0,1
B,I3,1,物品:raw_iron,0.0091,False,0.1111,5,3,0,0
B,I3,1,物品:stick,0.4753,False,0.3333,1,1,1,1
B,I3,1,物品:stone,0.0,False,0.0,,,0,0
B,I3,1,物品:stone_pickaxe,0.2305,False,0.2,3,1,0,0
B,I3,1,物品:wooden_pickaxe,0.2467,False,0.2,1,3,0,1
B,I3,1,玩家,0.0,False,0.0,,,0,0
B,I3,1,生存需求,0.0,False,0.0,,,0,0
B,I3,1,用户资产保护,0.0,False,0.0,,,0,0
B,I3,1,配方:crafting_table:hand:0,0.0162,False,0.1429,2,4,0,0
B,I3,1,配方:furnace:table:0,0.0236,False,0.1429,4,2,0,0
B,I3,1,配方:iron_ingot:smelt,0.0,False,0.0909,6,4,0,0
B,I3,1,配方:oak_fence:table:0,0.0519,False,0.2,2,2,0,0
B,I3,1,配方:oak_planks:hand:0,0.0162,False,0.1429,2,4,0,0
B,I3,1,配方:stick:hand:0,0.0519,False,0.2,2,2,0,0
B,I3,1,配方:stone_pickaxe:table:0,2.7544,True,0.3333,2,0,0,1
B,I3,1,配方:wooden_pickaxe:table:0,2.714,True,0.3333,0,2,0,1
B,I3,2,cobblestone,0.0472,False,0.2,2,2,0,0
B,I3,2,crafting_table,0.0,False,0.1111,4,4,0,0
B,I3,2,deepslate_iron_ore,0.0,False,0.1111,4,4,0,0
B,I3,2,diamond,0.0,False,0.1111,4,4,0,0
B,I3,2,diamond_ore,0.0,False,0.1111,4,4,0,0
B,I3,2,dirt,0.0,False,0.1111,4,4,0,0
B,I3,2,furnace,0.0,False,0.1111,4,4,0,0
B,I3,2,grass_block,0.0,False,0.1111,4,4,0,0
B,I3,2,iron_ingot,0.0,False,0.1111,4,4,0,0
B,I3,2,iron_ore,0.0305,False,0.1429,4,2,0,0
B,I3,2,oak_fence,0.0,False,0.1111,4,4,0,0
B,I3,2,oak_log,0.0,False,0.1111,4,4,0,0
B,I3,2,oak_planks,0.0162,False,0.1429,2,4,0,0
B,I3,2,raw_iron,0.0,False,0.1111,4,4,0,0
B,I3,2,stick,0.0357,False,0.2,2,2,0,0
B,I3,2,stone,0.0472,False,0.2,2,2,0,0
B,I3,2,stone_pickaxe,0.0305,False,0.1429,4,2,0,0
B,I3,2,wooden_pickaxe,0.0236,False,0.1429,2,4,0,0
B,I3,2,健康,0.0,False,0.0,,,0,0
B,I3,2,可采资源,0.1105,False,0.1429,3,3,0,0
B,I3,2,实体:birch_log,2.5,True,0.0,,,0,1
B,I3,2,实体:emerald,3.75,True,0.0,,,0,1
B,I3,2,物品:cobblestone,0.2484,False,0.2,3,1,0,1
B,I3,2,物品:crafting_table,0.0081,False,0.1111,3,5,0,0
B,I3,2,物品:furnace,0.0118,False,0.1111,5,3,0,0
B,I3,2,物品:iron_ingot,0.0,False,0.0909,5,5,0,0
B,I3,2,物品:iron_ore,0.0,False,0.0,,,0,0
B,I3,2,物品:oak_fence,0.0173,False,0.1429,3,3,0,0
B,I3,2,物品:oak_log,0.0081,False,0.1111,3,5,0,0
B,I3,2,物品:oak_planks,0.2748,False,0.2,1,3,0,1
B,I3,2,物品:raw_iron,0.0091,False,0.1111,5,3,0,0
B,I3,2,物品:stick,0.4753,False,0.3333,1,1,1,1
B,I3,2,物品:stone,0.0,False,0.0,,,0,0
B,I3,2,物品:stone_pickaxe,0.2305,False,0.2,3,1,0,0
B,I3,2,物品:wooden_pickaxe,0.2467,False,0.2,1,3,0,1
B,I3,2,玩家,0.0,False,0.0,,,0,0
B,I3,2,生存需求,0.0,False,0.0,,,0,0
B,I3,2,用户资产保护,0.0,False,0.0,,,0,0
B,I3,2,配方:crafting_table:hand:0,0.0162,False,0.1429,2,4,0,0
B,I3,2,配方:furnace:table:0,0.0236,False,0.1429,4,2,0,0
B,I3,2,配方:iron_ingot:smelt,0.0,False,0.0909,6,4,0,0
B,I3,2,配方:oak_fence:table:0,0.0519,False,0.2,2,2,0,0
B,I3,2,配方:oak_planks:hand:0,0.0162,False,0.1429,2,4,0,0
B,I3,2,配方:stick:hand:0,0.0519,False,0.2,2,2,0,0
B,I3,2,配方:stone_pickaxe:table:0,2.7544,True,0.3333,2,0,0,1
B,I3,2,配方:wooden_pickaxe:table:0,2.714,True,0.3333,0,2,0,1
B,I3,3,cobblestone,0.0472,False,0.2,2,2,0,0
B,I3,3,crafting_table,0.0,False,0.1111,4,4,0,0
B,I3,3,deepslate_iron_ore,0.0,False,0.1111,4,4,0,0
B,I3,3,diamond,0.0,False,0.1111,4,4,0,0
B,I3,3,diamond_ore,0.0,False,0.1111,4,4,0,0
B,I3,3,dirt,0.0,False,0.1111,4,4,0,0
B,I3,3,furnace,0.0,False,0.1111,4,4,0,0
B,I3,3,grass_block,0.0,False,0.1111,4,4,0,0
B,I3,3,iron_ingot,0.0,False,0.1111,4,4,0,0
B,I3,3,iron_ore,0.0305,False,0.1429,4,2,0,0
B,I3,3,oak_fence,0.0,False,0.1111,4,4,0,0
B,I3,3,oak_log,0.0,False,0.1111,4,4,0,0
B,I3,3,oak_planks,0.0162,False,0.1429,2,4,0,0
B,I3,3,raw_iron,0.0,False,0.1111,4,4,0,0
B,I3,3,stick,0.0357,False,0.2,2,2,0,0
B,I3,3,stone,0.0472,False,0.2,2,2,0,0
B,I3,3,stone_pickaxe,0.0305,False,0.1429,4,2,0,0
B,I3,3,wooden_pickaxe,0.0236,False,0.1429,2,4,0,0
B,I3,3,健康,0.0,False,0.0,,,0,0
B,I3,3,可采资源,0.1105,False,0.1429,3,3,0,0
B,I3,3,实体:diamond,2.5,True,0.0,,,0,1
B,I3,3,实体:gold_nugget,3.75,True,0.0,,,0,1
B,I3,3,物品:cobblestone,0.2484,False,0.2,3,1,0,1
B,I3,3,物品:crafting_table,0.0081,False,0.1111,3,5,0,0
B,I3,3,物品:furnace,0.0118,False,0.1111,5,3,0,0
B,I3,3,物品:iron_ingot,0.0,False,0.0909,5,5,0,0
B,I3,3,物品:iron_ore,0.0,False,0.0,,,0,0
B,I3,3,物品:oak_fence,0.0173,False,0.1429,3,3,0,0
B,I3,3,物品:oak_log,0.0081,False,0.1111,3,5,0,0
B,I3,3,物品:oak_planks,0.2748,False,0.2,1,3,0,1
B,I3,3,物品:raw_iron,0.0091,False,0.1111,5,3,0,0
B,I3,3,物品:stick,0.4753,False,0.3333,1,1,1,1
B,I3,3,物品:stone,0.0,False,0.0,,,0,0
B,I3,3,物品:stone_pickaxe,0.2305,False,0.2,3,1,0,0
B,I3,3,物品:wooden_pickaxe,0.2467,False,0.2,1,3,0,1
B,I3,3,玩家,0.0,False,0.0,,,0,0
B,I3,3,生存需求,0.0,False,0.0,,,0,0
B,I3,3,用户资产保护,0.0,False,0.0,,,0,0
B,I3,3,配方:crafting_table:hand:0,0.0162,False,0.1429,2,4,0,0
B,I3,3,配方:furnace:table:0,0.0236,False,0.1429,4,2,0,0
B,I3,3,配方:iron_ingot:smelt,0.0,False,0.0909,6,4,0,0
B,I3,3,配方:oak_fence:table:0,0.0519,False,0.2,2,2,0,0
B,I3,3,配方:oak_planks:hand:0,0.0162,False,0.1429,2,4,0,0
B,I3,3,配方:stick:hand:0,0.0519,False,0.2,2,2,0,0
B,I3,3,配方:stone_pickaxe:table:0,2.7544,True,0.3333,2,0,0,1
B,I3,3,配方:wooden_pickaxe:table:0,2.714,True,0.3333,0,2,0,1
B,I3,4,cobblestone,0.0472,False,0.2,2,2,0,0
B,I3,4,crafting_table,0.0,False,0.1111,4,4,0,0
B,I3,4,deepslate_iron_ore,0.0,False,0.1111,4,4,0,0
B,I3,4,diamond,0.0,False,0.1111,4,4,0,0
B,I3,4,diamond_ore,0.0,False,0.1111,4,4,0,0
B,I3,4,dirt,0.0,False,0.1111,4,4,0,0
B,I3,4,furnace,0.0,False,0.1111,4,4,0,0
B,I3,4,grass_block,0.0,False,0.1111,4,4,0,0
B,I3,4,iron_ingot,0.0,False,0.1111,4,4,0,0
B,I3,4,iron_ore,0.0305,False,0.1429,4,2,0,0
B,I3,4,oak_fence,0.0,False,0.1111,4,4,0,0
B,I3,4,oak_log,0.0,False,0.1111,4,4,0,0
B,I3,4,oak_planks,0.0162,False,0.1429,2,4,0,0
B,I3,4,raw_iron,0.0,False,0.1111,4,4,0,0
B,I3,4,stick,0.0357,False,0.2,2,2,0,0
B,I3,4,stone,0.0472,False,0.2,2,2,0,0
B,I3,4,stone_pickaxe,0.0305,False,0.1429,4,2,0,0
B,I3,4,wooden_pickaxe,0.0236,False,0.1429,2,4,0,0
B,I3,4,健康,0.0,False,0.0,,,0,0
B,I3,4,可采资源,0.1105,False,0.1429,3,3,0,0
B,I3,4,实体:diamond,3.75,True,0.0,,,0,1
B,I3,4,实体:dirt,2.5,True,0.0,,,0,1
B,I3,4,物品:cobblestone,0.2484,False,0.2,3,1,0,1
B,I3,4,物品:crafting_table,0.0081,False,0.1111,3,5,0,0
B,I3,4,物品:furnace,0.0118,False,0.1111,5,3,0,0
B,I3,4,物品:iron_ingot,0.0,False,0.0909,5,5,0,0
B,I3,4,物品:iron_ore,0.0,False,0.0,,,0,0
B,I3,4,物品:oak_fence,0.0173,False,0.1429,3,3,0,0
B,I3,4,物品:oak_log,0.0081,False,0.1111,3,5,0,0
B,I3,4,物品:oak_planks,0.2748,False,0.2,1,3,0,1
B,I3,4,物品:raw_iron,0.0091,False,0.1111,5,3,0,0
B,I3,4,物品:stick,0.4753,False,0.3333,1,1,1,1
B,I3,4,物品:stone,0.0,False,0.0,,,0,0
B,I3,4,物品:stone_pickaxe,0.2305,False,0.2,3,1,0,0
B,I3,4,物品:wooden_pickaxe,0.2467,False,0.2,1,3,0,1
B,I3,4,玩家,0.0,False,0.0,,,0,0
B,I3,4,生存需求,0.0,False,0.0,,,0,0
B,I3,4,用户资产保护,0.0,False,0.0,,,0,0
B,I3,4,配方:crafting_table:hand:0,0.0162,False,0.1429,2,4,0,0
B,I3,4,配方:furnace:table:0,0.0236,False,0.1429,4,2,0,0
B,I3,4,配方:iron_ingot:smelt,0.0,False,0.0909,6,4,0,0
B,I3,4,配方:oak_fence:table:0,0.0519,False,0.2,2,2,0,0
B,I3,4,配方:oak_planks:hand:0,0.0162,False,0.1429,2,4,0,0
B,I3,4,配方:stick:hand:0,0.0519,False,0.2,2,2,0,0
B,I3,4,配方:stone_pickaxe:table:0,2.7544,True,0.3333,2,0,0,1
B,I3,4,配方:wooden_pickaxe:table:0,2.714,True,0.3333,0,2,0,1
B,I3,5,cobblestone,0.0472,False,0.2,2,2,0,0
B,I3,5,crafting_table,0.0,False,0.1111,4,4,0,0
B,I3,5,deepslate_iron_ore,0.0,False,0.1111,4,4,0,0
B,I3,5,diamond,0.0,False,0.1111,4,4,0,0
B,I3,5,diamond_ore,0.0,False,0.1111,4,4,0,0
B,I3,5,dirt,0.0,False,0.1111,4,4,0,0
B,I3,5,furnace,0.0,False,0.1111,4,4,0,0
B,I3,5,grass_block,0.0,False,0.1111,4,4,0,0
B,I3,5,iron_ingot,0.0,False,0.1111,4,4,0,0
B,I3,5,iron_ore,0.0305,False,0.1429,4,2,0,0
B,I3,5,oak_fence,0.0,False,0.1111,4,4,0,0
B,I3,5,oak_log,0.0,False,0.1111,4,4,0,0
B,I3,5,oak_planks,0.0162,False,0.1429,2,4,0,0
B,I3,5,raw_iron,0.0,False,0.1111,4,4,0,0
B,I3,5,stick,0.0357,False,0.2,2,2,0,0
B,I3,5,stone,0.0472,False,0.2,2,2,0,0
B,I3,5,stone_pickaxe,0.0305,False,0.1429,4,2,0,0
B,I3,5,wooden_pickaxe,0.0236,False,0.1429,2,4,0,0
B,I3,5,健康,0.0,False,0.0,,,0,0
B,I3,5,可采资源,0.1105,False,0.1429,3,3,0,0
B,I3,5,实体:birch_log,3.75,True,0.0,,,0,1
B,I3,5,实体:emerald,2.5,True,0.0,,,0,1
B,I3,5,物品:cobblestone,0.2484,False,0.2,3,1,0,1
B,I3,5,物品:crafting_table,0.0081,False,0.1111,3,5,0,0
B,I3,5,物品:furnace,0.0118,False,0.1111,5,3,0,0
B,I3,5,物品:iron_ingot,0.0,False,0.0909,5,5,0,0
B,I3,5,物品:iron_ore,0.0,False,0.0,,,0,0
B,I3,5,物品:oak_fence,0.0173,False,0.1429,3,3,0,0
B,I3,5,物品:oak_log,0.0081,False,0.1111,3,5,0,0
B,I3,5,物品:oak_planks,0.2748,False,0.2,1,3,0,1
B,I3,5,物品:raw_iron,0.0091,False,0.1111,5,3,0,0
B,I3,5,物品:stick,0.4753,False,0.3333,1,1,1,1
B,I3,5,物品:stone,0.0,False,0.0,,,0,0
B,I3,5,物品:stone_pickaxe,0.2305,False,0.2,3,1,0,0
B,I3,5,物品:wooden_pickaxe,0.2467,False,0.2,1,3,0,1
B,I3,5,玩家,0.0,False,0.0,,,0,0
B,I3,5,生存需求,0.0,False,0.0,,,0,0
B,I3,5,用户资产保护,0.0,False,0.0,,,0,0
B,I3,5,配方:crafting_table:hand:0,0.0162,False,0.1429,2,4,0,0
B,I3,5,配方:furnace:table:0,0.0236,False,0.1429,4,2,0,0
B,I3,5,配方:iron_ingot:smelt,0.0,False,0.0909,6,4,0,0
B,I3,5,配方:oak_fence:table:0,0.0519,False,0.2,2,2,0,0
B,I3,5,配方:oak_planks:hand:0,0.0162,False,0.1429,2,4,0,0
B,I3,5,配方:stick:hand:0,0.0519,False,0.2,2,2,0,0
B,I3,5,配方:stone_pickaxe:table:0,2.7544,True,0.3333,2,0,0,1
B,I3,5,配方:wooden_pickaxe:table:0,2.714,True,0.3333,0,2,0,1
B,I3,6,cobblestone,0.0472,False,0.2,2,2,0,0
B,I3,6,crafting_table,0.0,False,0.1111,4,4,0,0
B,I3,6,deepslate_iron_ore,0.0,False,0.1111,4,4,0,0
B,I3,6,diamond,0.0,False,0.1111,4,4,0,0
B,I3,6,diamond_ore,0.0,False,0.1111,4,4,0,0
B,I3,6,dirt,0.0,False,0.1111,4,4,0,0
B,I3,6,furnace,0.0,False,0.1111,4,4,0,0
B,I3,6,grass_block,0.0,False,0.1111,4,4,0,0
B,I3,6,iron_ingot,0.0,False,0.1111,4,4,0,0
B,I3,6,iron_ore,0.0305,False,0.1429,4,2,0,0
B,I3,6,oak_fence,0.0,False,0.1111,4,4,0,0
B,I3,6,oak_log,0.0,False,0.1111,4,4,0,0
B,I3,6,oak_planks,0.0162,False,0.1429,2,4,0,0
B,I3,6,raw_iron,0.0,False,0.1111,4,4,0,0
B,I3,6,stick,0.0357,False,0.2,2,2,0,0
B,I3,6,stone,0.0472,False,0.2,2,2,0,0
B,I3,6,stone_pickaxe,0.0305,False,0.1429,4,2,0,0
B,I3,6,wooden_pickaxe,0.0236,False,0.1429,2,4,0,0
B,I3,6,健康,0.0,False,0.0,,,0,0
B,I3,6,可采资源,0.1105,False,0.1429,3,3,0,0
B,I3,6,实体:diamond,2.5,True,0.0,,,0,1
B,I3,6,实体:emerald,3.75,True,0.0,,,0,1
B,I3,6,物品:cobblestone,0.2484,False,0.2,3,1,0,1
B,I3,6,物品:crafting_table,0.0081,False,0.1111,3,5,0,0
B,I3,6,物品:furnace,0.0118,False,0.1111,5,3,0,0
B,I3,6,物品:iron_ingot,0.0,False,0.0909,5,5,0,0
B,I3,6,物品:iron_ore,0.0,False,0.0,,,0,0
B,I3,6,物品:oak_fence,0.0173,False,0.1429,3,3,0,0
B,I3,6,物品:oak_log,0.0081,False,0.1111,3,5,0,0
B,I3,6,物品:oak_planks,0.2748,False,0.2,1,3,0,1
B,I3,6,物品:raw_iron,0.0091,False,0.1111,5,3,0,0
B,I3,6,物品:stick,0.4753,False,0.3333,1,1,1,1
B,I3,6,物品:stone,0.0,False,0.0,,,0,0
B,I3,6,物品:stone_pickaxe,0.2305,False,0.2,3,1,0,0
B,I3,6,物品:wooden_pickaxe,0.2467,False,0.2,1,3,0,1
B,I3,6,玩家,0.0,False,0.0,,,0,0
B,I3,6,生存需求,0.0,False,0.0,,,0,0
B,I3,6,用户资产保护,0.0,False,0.0,,,0,0
B,I3,6,配方:crafting_table:hand:0,0.0162,False,0.1429,2,4,0,0
B,I3,6,配方:furnace:table:0,0.0236,False,0.1429,4,2,0,0
B,I3,6,配方:iron_ingot:smelt,0.0,False,0.0909,6,4,0,0
B,I3,6,配方:oak_fence:table:0,0.0519,False,0.2,2,2,0,0
B,I3,6,配方:oak_planks:hand:0,0.0162,False,0.1429,2,4,0,0
B,I3,6,配方:stick:hand:0,0.0519,False,0.2,2,2,0,0
B,I3,6,配方:stone_pickaxe:table:0,2.7544,True,0.3333,2,0,0,1
B,I3,6,配方:wooden_pickaxe:table:0,2.714,True,0.3333,0,2,0,1
B,I3,7,cobblestone,0.0472,False,0.2,2,2,0,0
B,I3,7,crafting_table,0.0,False,0.1111,4,4,0,0
B,I3,7,deepslate_iron_ore,0.0,False,0.1111,4,4,0,0
B,I3,7,diamond,0.0,False,0.1111,4,4,0,0
B,I3,7,diamond_ore,0.0,False,0.1111,4,4,0,0
B,I3,7,dirt,0.0,False,0.1111,4,4,0,0
B,I3,7,furnace,0.0,False,0.1111,4,4,0,0
B,I3,7,grass_block,0.0,False,0.1111,4,4,0,0
B,I3,7,iron_ingot,0.0,False,0.1111,4,4,0,0
B,I3,7,iron_ore,0.0305,False,0.1429,4,2,0,0
B,I3,7,oak_fence,0.0,False,0.1111,4,4,0,0
B,I3,7,oak_log,0.0,False,0.1111,4,4,0,0
B,I3,7,oak_planks,0.0162,False,0.1429,2,4,0,0
B,I3,7,raw_iron,0.0,False,0.1111,4,4,0,0
B,I3,7,stick,0.0357,False,0.2,2,2,0,0
B,I3,7,stone,0.0472,False,0.2,2,2,0,0
B,I3,7,stone_pickaxe,0.0305,False,0.1429,4,2,0,0
B,I3,7,wooden_pickaxe,0.0236,False,0.1429,2,4,0,0
B,I3,7,健康,0.0,False,0.0,,,0,0
B,I3,7,可采资源,0.1105,False,0.1429,3,3,0,0
B,I3,7,实体:dirt,2.5,True,0.0,,,0,1
B,I3,7,实体:emerald,3.75,True,0.0,,,0,1
B,I3,7,物品:cobblestone,0.2484,False,0.2,3,1,0,1
B,I3,7,物品:crafting_table,0.0081,False,0.1111,3,5,0,0
B,I3,7,物品:furnace,0.0118,False,0.1111,5,3,0,0
B,I3,7,物品:iron_ingot,0.0,False,0.0909,5,5,0,0
B,I3,7,物品:iron_ore,0.0,False,0.0,,,0,0
B,I3,7,物品:oak_fence,0.0173,False,0.1429,3,3,0,0
B,I3,7,物品:oak_log,0.0081,False,0.1111,3,5,0,0
B,I3,7,物品:oak_planks,0.2748,False,0.2,1,3,0,1
B,I3,7,物品:raw_iron,0.0091,False,0.1111,5,3,0,0
B,I3,7,物品:stick,0.4753,False,0.3333,1,1,1,1
B,I3,7,物品:stone,0.0,False,0.0,,,0,0
B,I3,7,物品:stone_pickaxe,0.2305,False,0.2,3,1,0,0
B,I3,7,物品:wooden_pickaxe,0.2467,False,0.2,1,3,0,1
B,I3,7,玩家,0.0,False,0.0,,,0,0
B,I3,7,生存需求,0.0,False,0.0,,,0,0
B,I3,7,用户资产保护,0.0,False,0.0,,,0,0
B,I3,7,配方:crafting_table:hand:0,0.0162,False,0.1429,2,4,0,0
B,I3,7,配方:furnace:table:0,0.0236,False,0.1429,4,2,0,0
B,I3,7,配方:iron_ingot:smelt,0.0,False,0.0909,6,4,0,0
B,I3,7,配方:oak_fence:table:0,0.0519,False,0.2,2,2,0,0
B,I3,7,配方:oak_planks:hand:0,0.0162,False,0.1429,2,4,0,0
B,I3,7,配方:stick:hand:0,0.0519,False,0.2,2,2,0,0
B,I3,7,配方:stone_pickaxe:table:0,2.7544,True,0.3333,2,0,0,1
B,I3,7,配方:wooden_pickaxe:table:0,2.714,True,0.3333,0,2,0,1
B,I3,8,cobblestone,0.0472,False,0.2,2,2,0,0
B,I3,8,crafting_table,0.0,False,0.1111,4,4,0,0
B,I3,8,deepslate_iron_ore,0.0,False,0.1111,4,4,0,0
B,I3,8,diamond,0.0,False,0.1111,4,4,0,0
B,I3,8,diamond_ore,0.0,False,0.1111,4,4,0,0
B,I3,8,dirt,0.0,False,0.1111,4,4,0,0
B,I3,8,furnace,0.0,False,0.1111,4,4,0,0
B,I3,8,grass_block,0.0,False,0.1111,4,4,0,0
B,I3,8,iron_ingot,0.0,False,0.1111,4,4,0,0
B,I3,8,iron_ore,0.0305,False,0.1429,4,2,0,0
B,I3,8,oak_fence,0.0,False,0.1111,4,4,0,0
B,I3,8,oak_log,0.0,False,0.1111,4,4,0,0
B,I3,8,oak_planks,0.0162,False,0.1429,2,4,0,0
B,I3,8,raw_iron,0.0,False,0.1111,4,4,0,0
B,I3,8,stick,0.0357,False,0.2,2,2,0,0
B,I3,8,stone,0.0472,False,0.2,2,2,0,0
B,I3,8,stone_pickaxe,0.0305,False,0.1429,4,2,0,0
B,I3,8,wooden_pickaxe,0.0236,False,0.1429,2,4,0,0
B,I3,8,健康,0.0,False,0.0,,,0,0
B,I3,8,可采资源,0.1105,False,0.1429,3,3,0,0
B,I3,8,实体:birch_log,2.5,True,0.0,,,0,1
B,I3,8,实体:dirt,3.75,True,0.0,,,0,1
B,I3,8,物品:cobblestone,0.2484,False,0.2,3,1,0,1
B,I3,8,物品:crafting_table,0.0081,False,0.1111,3,5,0,0
B,I3,8,物品:furnace,0.0118,False,0.1111,5,3,0,0
B,I3,8,物品:iron_ingot,0.0,False,0.0909,5,5,0,0
B,I3,8,物品:iron_ore,0.0,False,0.0,,,0,0
B,I3,8,物品:oak_fence,0.0173,False,0.1429,3,3,0,0
B,I3,8,物品:oak_log,0.0081,False,0.1111,3,5,0,0
B,I3,8,物品:oak_planks,0.2748,False,0.2,1,3,0,1
B,I3,8,物品:raw_iron,0.0091,False,0.1111,5,3,0,0
B,I3,8,物品:stick,0.4753,False,0.3333,1,1,1,1
B,I3,8,物品:stone,0.0,False,0.0,,,0,0
B,I3,8,物品:stone_pickaxe,0.2305,False,0.2,3,1,0,0
B,I3,8,物品:wooden_pickaxe,0.2467,False,0.2,1,3,0,1
B,I3,8,玩家,0.0,False,0.0,,,0,0
B,I3,8,生存需求,0.0,False,0.0,,,0,0
B,I3,8,用户资产保护,0.0,False,0.0,,,0,0
B,I3,8,配方:crafting_table:hand:0,0.0162,False,0.1429,2,4,0,0
B,I3,8,配方:furnace:table:0,0.0236,False,0.1429,4,2,0,0
B,I3,8,配方:iron_ingot:smelt,0.0,False,0.0909,6,4,0,0
B,I3,8,配方:oak_fence:table:0,0.0519,False,0.2,2,2,0,0
B,I3,8,配方:oak_planks:hand:0,0.0162,False,0.1429,2,4,0,0
B,I3,8,配方:stick:hand:0,0.0519,False,0.2,2,2,0,0
B,I3,8,配方:stone_pickaxe:table:0,2.7544,True,0.3333,2,0,0,1
B,I3,8,配方:wooden_pickaxe:table:0,2.714,True,0.3333,0,2,0,1
B,I3,9,cobblestone,0.0472,False,0.2,2,2,0,0
B,I3,9,crafting_table,0.0,False,0.1111,4,4,0,0
B,I3,9,deepslate_iron_ore,0.0,False,0.1111,4,4,0,0
B,I3,9,diamond,0.0,False,0.1111,4,4,0,0
B,I3,9,diamond_ore,0.0,False,0.1111,4,4,0,0
B,I3,9,dirt,0.0,False,0.1111,4,4,0,0
B,I3,9,furnace,0.0,False,0.1111,4,4,0,0
B,I3,9,grass_block,0.0,False,0.1111,4,4,0,0
B,I3,9,iron_ingot,0.0,False,0.1111,4,4,0,0
B,I3,9,iron_ore,0.0305,False,0.1429,4,2,0,0
B,I3,9,oak_fence,0.0,False,0.1111,4,4,0,0
B,I3,9,oak_log,0.0,False,0.1111,4,4,0,0
B,I3,9,oak_planks,0.0162,False,0.1429,2,4,0,0
B,I3,9,raw_iron,0.0,False,0.1111,4,4,0,0
B,I3,9,stick,0.0357,False,0.2,2,2,0,0
B,I3,9,stone,0.0472,False,0.2,2,2,0,0
B,I3,9,stone_pickaxe,0.0305,False,0.1429,4,2,0,0
B,I3,9,wooden_pickaxe,0.0236,False,0.1429,2,4,0,0
B,I3,9,健康,0.0,False,0.0,,,0,0
B,I3,9,可采资源,0.1105,False,0.1429,3,3,0,0
B,I3,9,实体:dirt,3.75,True,0.0,,,0,1
B,I3,9,实体:gold_nugget,2.5,True,0.0,,,0,1
B,I3,9,物品:cobblestone,0.2484,False,0.2,3,1,0,1
B,I3,9,物品:crafting_table,0.0081,False,0.1111,3,5,0,0
B,I3,9,物品:furnace,0.0118,False,0.1111,5,3,0,0
B,I3,9,物品:iron_ingot,0.0,False,0.0909,5,5,0,0
B,I3,9,物品:iron_ore,0.0,False,0.0,,,0,0
B,I3,9,物品:oak_fence,0.0173,False,0.1429,3,3,0,0
B,I3,9,物品:oak_log,0.0081,False,0.1111,3,5,0,0
B,I3,9,物品:oak_planks,0.2748,False,0.2,1,3,0,1
B,I3,9,物品:raw_iron,0.0091,False,0.1111,5,3,0,0
B,I3,9,物品:stick,0.4753,False,0.3333,1,1,1,1
B,I3,9,物品:stone,0.0,False,0.0,,,0,0
B,I3,9,物品:stone_pickaxe,0.2305,False,0.2,3,1,0,0
B,I3,9,物品:wooden_pickaxe,0.2467,False,0.2,1,3,0,1
B,I3,9,玩家,0.0,False,0.0,,,0,0
B,I3,9,生存需求,0.0,False,0.0,,,0,0
B,I3,9,用户资产保护,0.0,False,0.0,,,0,0
B,I3,9,配方:crafting_table:hand:0,0.0162,False,0.1429,2,4,0,0
B,I3,9,配方:furnace:table:0,0.0236,False,0.1429,4,2,0,0
B,I3,9,配方:iron_ingot:smelt,0.0,False,0.0909,6,4,0,0
B,I3,9,配方:oak_fence:table:0,0.0519,False,0.2,2,2,0,0
B,I3,9,配方:oak_planks:hand:0,0.0162,False,0.1429,2,4,0,0
B,I3,9,配方:stick:hand:0,0.0519,False,0.2,2,2,0,0
B,I3,9,配方:stone_pickaxe:table:0,2.7544,True,0.3333,2,0,0,1
B,I3,9,配方:wooden_pickaxe:table:0,2.714,True,0.3333,0,2,0,1
B,I3,10,cobblestone,0.0472,False,0.2,2,2,0,0
B,I3,10,crafting_table,0.0,False,0.1111,4,4,0,0
B,I3,10,deepslate_iron_ore,0.0,False,0.1111,4,4,0,0
B,I3,10,diamond,0.0,False,0.1111,4,4,0,0
B,I3,10,diamond_ore,0.0,False,0.1111,4,4,0,0
B,I3,10,dirt,0.0,False,0.1111,4,4,0,0
B,I3,10,furnace,0.0,False,0.1111,4,4,0,0
B,I3,10,grass_block,0.0,False,0.1111,4,4,0,0
B,I3,10,iron_ingot,0.0,False,0.1111,4,4,0,0
B,I3,10,iron_ore,0.0305,False,0.1429,4,2,0,0
B,I3,10,oak_fence,0.0,False,0.1111,4,4,0,0
B,I3,10,oak_log,0.0,False,0.1111,4,4,0,0
B,I3,10,oak_planks,0.0162,False,0.1429,2,4,0,0
B,I3,10,raw_iron,0.0,False,0.1111,4,4,0,0
B,I3,10,stick,0.0357,False,0.2,2,2,0,0
B,I3,10,stone,0.0472,False,0.2,2,2,0,0
B,I3,10,stone_pickaxe,0.0305,False,0.1429,4,2,0,0
B,I3,10,wooden_pickaxe,0.0236,False,0.1429,2,4,0,0
B,I3,10,健康,0.0,False,0.0,,,0,0
B,I3,10,可采资源,0.1105,False,0.1429,3,3,0,0
B,I3,10,实体:birch_log,2.5,True,0.0,,,0,1
B,I3,10,实体:dirt,3.75,True,0.0,,,0,1
B,I3,10,物品:cobblestone,0.2484,False,0.2,3,1,0,1
B,I3,10,物品:crafting_table,0.0081,False,0.1111,3,5,0,0
B,I3,10,物品:furnace,0.0118,False,0.1111,5,3,0,0
B,I3,10,物品:iron_ingot,0.0,False,0.0909,5,5,0,0
B,I3,10,物品:iron_ore,0.0,False,0.0,,,0,0
B,I3,10,物品:oak_fence,0.0173,False,0.1429,3,3,0,0
B,I3,10,物品:oak_log,0.0081,False,0.1111,3,5,0,0
B,I3,10,物品:oak_planks,0.2748,False,0.2,1,3,0,1
B,I3,10,物品:raw_iron,0.0091,False,0.1111,5,3,0,0
B,I3,10,物品:stick,0.4753,False,0.3333,1,1,1,1
B,I3,10,物品:stone,0.0,False,0.0,,,0,0
B,I3,10,物品:stone_pickaxe,0.2305,False,0.2,3,1,0,0
B,I3,10,物品:wooden_pickaxe,0.2467,False,0.2,1,3,0,1
B,I3,10,玩家,0.0,False,0.0,,,0,0
B,I3,10,生存需求,0.0,False,0.0,,,0,0
B,I3,10,用户资产保护,0.0,False,0.0,,,0,0
B,I3,10,配方:crafting_table:hand:0,0.0162,False,0.1429,2,4,0,0
B,I3,10,配方:furnace:table:0,0.0236,False,0.1429,4,2,0,0
B,I3,10,配方:iron_ingot:smelt,0.0,False,0.0909,6,4,0,0
B,I3,10,配方:oak_fence:table:0,0.0519,False,0.2,2,2,0,0
B,I3,10,配方:oak_planks:hand:0,0.0162,False,0.1429,2,4,0,0
B,I3,10,配方:stick:hand:0,0.0519,False,0.2,2,2,0,0
B,I3,10,配方:stone_pickaxe:table:0,2.7544,True,0.3333,2,0,0,1
B,I3,10,配方:wooden_pickaxe:table:0,2.714,True,0.3333,0,2,0,1
