kind,N,noise,direction,inputs,seed,passed,first,gold,acts,_kind0,_params,joint,singles,distractors,stats,n_active,total_activation,max_activation,entropy,gini,zero_fraction,mrr_joint,recall@1,recall@3,margin_vs_best_single,margin_vs_best_distractor,joint_rank,joint_act_single_mean,jcg,rho_topology,flat_joint_and,flat_joint_or,flat_single_max,time_s,joint_act_multi,joint_act_singles,single_best_act_mean,random_act
,,,,,,True,O1,O1,"{'O1': 1.1708, 'O2': 0.4132, 'O3': 0.4523}",toy,"{'cond': 'std', 'dim': 'toy'}",,,,,,,,,,,,,,,,,,,,,,,,,,,
,,,,,,True,O1,O1,"{'O1': 0.605, 'O2': 0.4132}",toy,"{'cond': 'single_input', 'dim': 'toy'}",,,,,,,,,,,,,,,,,,,,,,,,,,,
,,,,,,True,O1,O1,"{'O1': 1.1708, 'O2': 0.4132, 'O3': 0.4523}",toy,"{'cond': 'conflict', 'dim': 'toy'}",,,,,,,,,,,,,,,,,,,,,,,,,,,
graph,10,0.0,forward,2,0,,,,,graph,"{'N': 10, 'noise': 0.0, 'dim': 'complexity', 'direction': 'forward'}",C0,"['C1', 'C2']","['C3', 'C4', 'C5', 'C6', 'C7']","{'edges_fwd': 24, 'edges_bwd': 24, 'nodes': 24, 'edge_total': 24}",12,12.217594,4.072531,1.846821,0.549243,0.0,1.0,1.0,1.0,0.278778,,0,0.332249,0.332249,0.8660254037844385,0.0,0.0,0.0,,,,,
graph,10,0.0,forward,2,1,,,,,graph,"{'N': 10, 'noise': 0.0, 'dim': 'complexity', 'direction': 'forward'}",C0,"['C1', 'C2']","['C3', 'C4', 'C5', 'C6', 'C7']","{'edges_fwd': 26, 'edges_bwd': 26, 'nodes': 24, 'edge_total': 26}",17,12.217594,4.072531,1.925899,0.65261,0.0,1.0,1.0,1.0,0.3179,0.593181,0,0.366473,0.305115,0.7944613465542747,0.0,0.0,0.0,,,,,
graph,10,0.0,forward,2,2,,,,,graph,"{'N': 10, 'noise': 0.0, 'dim': 'complexity', 'direction': 'forward'}",C0,"['C1', 'C2']","['C3', 'C4', 'C5', 'C6', 'C7']","{'edges_fwd': 26, 'edges_bwd': 26, 'nodes': 24, 'edge_total': 26}",13,12.217594,4.072531,1.849094,0.594099,0.0,1.0,1.0,1.0,0.275978,0.513415,0,0.392522,0.392522,0.7745966692414834,0.0,0.0,0.0,,,,,
graph,10,0.0,forward,2,3,,,,,graph,"{'N': 10, 'noise': 0.0, 'dim': 'complexity', 'direction': 'forward'}",C0,"['C1', 'C2']","['C3', 'C4', 'C5', 'C6', 'C7']","{'edges_fwd': 24, 'edges_bwd': 24, 'nodes': 24, 'edge_total': 24}",11,12.217594,4.072531,1.812576,0.530375,0.0,1.0,1.0,1.0,0.339701,0.510036,0,0.424384,0.424384,0.6324555320336759,0.0,0.0,0.0,,,,,
graph,10,0.0,forward,2,4,,,,,graph,"{'N': 10, 'noise': 0.0, 'dim': 'complexity', 'direction': 'forward'}",C0,"['C1', 'C2']","['C3', 'C4', 'C5', 'C6', 'C7']","{'edges_fwd': 25, 'edges_bwd': 25, 'nodes': 24, 'edge_total': 25}",13,12.217594,4.072531,1.869591,0.572439,0.0,1.0,1.0,1.0,0.288399,,0,0.316642,0.316642,0.8660254037844385,0.0,0.0,0.0,,,,,
graph,10,0.0,forward,2,5,,,,,graph,"{'N': 10, 'noise': 0.0, 'dim': 'complexity', 'direction': 'forward'}",C0,"['C1', 'C2']","['C3', 'C4', 'C5', 'C6', 'C7']","{'edges_fwd': 24, 'edges_bwd': 24, 'nodes': 24, 'edge_total': 24}",12,12.217594,4.072531,1.829486,0.569656,0.0,1.0,1.0,1.0,0.35095,0.701901,0,0.430008,0.430008,0.9486832980505138,0.0,0.0,0.0,,,,,
graph,10,0.0,forward,2,6,,,,,graph,"{'N': 10, 'noise': 0.0, 'dim': 'complexity', 'direction': 'forward'}",C0,"['C1', 'C2']","['C3', 'C4', 'C5', 'C6', 'C7']","{'edges_fwd': 24, 'edges_bwd': 24, 'nodes': 24, 'edge_total': 24}",12,12.217594,4.072531,1.829306,0.569833,0.0,1.0,1.0,1.0,0.351763,,0,0.430415,0.430415,0.8660254037844385,0.0,0.0,0.0,,,,,
graph,10,0.0,forward,2,7,,,,,graph,"{'N': 10, 'noise': 0.0, 'dim': 'complexity', 'direction': 'forward'}",C0,"['C1', 'C2']","['C3', 'C4', 'C5', 'C6', 'C7']","{'edges_fwd': 26, 'edges_bwd': 26, 'nodes': 24, 'edge_total': 26}",16,12.182336,4.286875,1.855648,0.655156,0.0,1.0,1.0,1.0,0.3364,0.641608,0,0.352965,0.352965,0.7745966692414834,0.0,0.0,0.0,,,,,
graph,10,0.0,forward,2,8,,,,,graph,"{'N': 10, 'noise': 0.0, 'dim': 'complexity', 'direction': 'forward'}",C0,"['C1', 'C2']","['C3', 'C4', 'C5', 'C6', 'C7']","{'edges_fwd': 29, 'edges_bwd': 29, 'nodes': 24, 'edge_total': 29}",14,12.217594,4.072531,1.870237,0.614151,0.0,1.0,1.0,1.0,0.285252,0.594243,0,0.335393,0.335393,0.7745966692414834,0.0,0.0,0.0,,,,,
graph,10,0.0,forward,2,9,,,,,graph,"{'N': 10, 'noise': 0.0, 'dim': 'complexity', 'direction': 'forward'}",C0,"['C1', 'C2']","['C3', 'C4', 'C5', 'C6', 'C7']","{'edges_fwd': 26, 'edges_bwd': 26, 'nodes': 24, 'edge_total': 26}",11,12.217594,4.072531,1.804855,0.540078,0.0,0.5,0.0,1.0,0.310569,-0.099385,1,0.322813,0.322813,0.8944271909999159,0.0,0.0,0.0,,,,,
graph,10,0.0,forward,2,10,,,,,graph,"{'N': 10, 'noise': 0.0, 'dim': 'complexity', 'direction': 'forward'}",C0,"['C1', 'C2']","['C3', 'C4', 'C5', 'C6', 'C7']","{'edges_fwd': 24, 'edges_bwd': 24, 'nodes': 24, 'edge_total': 24}",13,12.217594,4.072531,1.868988,0.57226,0.0,1.0,1.0,1.0,0.340094,0.532809,0,0.346125,0.346125,0.31622776601683794,0.0,0.0,0.0,,,,,
graph,10,0.0,forward,2,11,,,,,graph,"{'N': 10, 'noise': 0.0, 'dim': 'complexity', 'direction': 'forward'}",C0,"['C1', 'C2']","['C3', 'C4', 'C5', 'C6', 'C7']","{'edges_fwd': 26, 'edges_bwd': 26, 'nodes': 24, 'edge_total': 26}",13,12.217594,4.072531,1.838071,0.602344,0.0,1.0,1.0,1.0,0.356882,0.748291,0,0.432974,0.432974,0.6324555320336759,0.0,0.0,0.0,,,,,
graph,10,0.0,forward,2,12,,,,,graph,"{'N': 10, 'noise': 0.0, 'dim': 'complexity', 'direction': 'forward'}",C0,"['C1', 'C2']","['C3', 'C4', 'C5', 'C6', 'C7']","{'edges_fwd': 26, 'edges_bwd': 26, 'nodes': 24, 'edge_total': 26}",13,12.217594,4.072531,1.836687,0.601705,0.0,1.0,1.0,1.0,0.322431,0.649126,0,0.415749,0.415749,0.7745966692414834,0.0,0.0,0.0,,,,,
graph,10,0.0,forward,2,13,,,,,graph,"{'N': 10, 'noise': 0.0, 'dim': 'complexity', 'direction': 'forward'}",C0,"['C1', 'C2']","['C3', 'C4', 'C5', 'C6', 'C7']","{'edges_fwd': 23, 'edges_bwd': 23, 'nodes': 24, 'edge_total': 23}",13,12.217594,4.072531,1.846449,0.597247,0.0,1.0,1.0,1.0,0.315757,0.718721,0,0.412411,0.412411,0.9486832980505138,0.0,0.0,0.0,,,,,
graph,10,0.0,forward,2,14,,,,,graph,"{'N': 10, 'noise': 0.0, 'dim': 'complexity', 'direction': 'forward'}",C0,"['C1', 'C2']","['C3', 'C4', 'C5', 'C6', 'C7']","{'edges_fwd': 26, 'edges_bwd': 26, 'nodes': 24, 'edge_total': 26}",13,12.217594,4.072531,1.851821,0.592335,0.0,1.0,1.0,1.0,0.286214,0.319018,0,0.317669,0.317669,0.21081851067789195,0.0,0.0,0.0,,,,,
graph,10,0.0,forward,2,15,,,,,graph,"{'N': 10, 'noise': 0.0, 'dim': 'complexity', 'direction': 'forward'}",C0,"['C1', 'C2']","['C3', 'C4', 'C5', 'C6', 'C7']","{'edges_fwd': 25, 'edges_bwd': 25, 'nodes': 24, 'edge_total': 25}",13,12.217594,4.072531,1.845412,0.597761,0.0,1.0,1.0,1.0,0.321243,0.745483,0,0.415155,0.415155,0.9486832980505138,0.0,0.0,0.0,,,,,
graph,10,0.0,forward,2,16,,,,,graph,"{'N': 10, 'noise': 0.0, 'dim': 'complexity', 'direction': 'forward'}",C0,"['C1', 'C2']","['C3', 'C4', 'C5', 'C6', 'C7']","{'edges_fwd': 25, 'edges_bwd': 25, 'nodes': 24, 'edge_total': 25}",13,12.217594,4.072531,1.83863,0.601821,0.0,1.0,1.0,1.0,0.352591,0.79449,0,0.430829,0.430829,0.7745966692414834,0.0,0.0,0.0,,,,,
graph,10,0.0,forward,2,17,,,,,graph,"{'N': 10, 'noise': 0.0, 'dim': 'complexity', 'direction': 'forward'}",C0,"['C1', 'C2']","['C3', 'C4', 'C5', 'C6', 'C7']","{'edges_fwd': 29, 'edges_bwd': 29, 'nodes': 24, 'edge_total': 29}",17,12.217594,4.072531,1.938108,0.643214,0.0,1.0,1.0,1.0,0.247504,0.331852,0,0.308798,0.308798,0.47079190906919977,0.0,0.0,0.0,,,,,
graph,10,0.0,forward,2,18,,,,,graph,"{'N': 10, 'noise': 0.0, 'dim': 'complexity', 'direction': 'forward'}",C0,"['C1', 'C2']","['C3', 'C4', 'C5', 'C6', 'C7']","{'edges_fwd': 29, 'edges_bwd': 29, 'nodes': 24, 'edge_total': 29}",18,12.217594,4.072531,1.943699,0.664826,0.0,1.0,1.0,1.0,0.304969,0.511518,0,0.308144,0.308144,0.13098420799889596,0.0,0.0,0.0,,,,,
graph,10,0.0,forward,2,19,,,,,graph,"{'N': 10, 'noise': 0.0, 'dim': 'complexity', 'direction': 'forward'}",C0,"['C1', 'C2']","['C3', 'C4', 'C5', 'C6', 'C7']","{'edges_fwd': 26, 'edges_bwd': 26, 'nodes': 24, 'edge_total': 26}",18,12.217594,4.072531,1.94862,0.662758,0.0,1.0,1.0,1.0,0.278597,0.415816,0,0.345131,0.260195,0.33394720739540396,0.0,0.0,0.0,,,,,
graph,30,0.0,forward,2,0,,,,,graph,"{'N': 30, 'noise': 0.0, 'dim': 'complexity', 'direction': 'forward'}",C0,"['C1', 'C2']","['C3', 'C4', 'C5', 'C6', 'C7']","{'edges_fwd': 48, 'edges_bwd': 48, 'nodes': 44, 'edge_total': 48}",12,12.217594,4.072531,1.809092,0.582126,0.0,1.0,1.0,1.0,0.262252,,0,0.402993,0.402993,0.8660254037844385,0.0,0.0,0.0,,,,,
graph,30,0.0,forward,2,1,,,,,graph,"{'N': 30, 'noise': 0.0, 'dim': 'complexity', 'direction': 'forward'}",C0,"['C1', 'C2']","['C3', 'C4', 'C5', 'C6', 'C7']","{'edges_fwd': 52, 'edges_bwd': 52, 'nodes': 44, 'edge_total': 52}",15,12.217594,4.072531,1.913285,0.609992,0.0,1.0,1.0,1.0,0.054773,0.534307,0,0.31054,0.31054,0.8944271909999159,0.0,0.0,0.0,,,,,
graph,30,0.0,forward,2,2,,,,,graph,"{'N': 30, 'noise': 0.0, 'dim': 'complexity', 'direction': 'forward'}",C0,"['C1', 'C2']","['C3', 'C4', 'C5', 'C6', 'C7']","{'edges_fwd': 52, 'edges_bwd': 52, 'nodes': 44, 'edge_total': 52}",13,12.217594,4.072531,1.836531,0.603153,0.0,1.0,1.0,1.0,0.356621,0.80625,0,0.432844,0.432844,0.31622776601683794,0.0,0.0,0.0,,,,,
graph,30,0.0,forward,2,3,,,,,graph,"{'N': 30, 'noise': 0.0, 'dim': 'complexity', 'direction': 'forward'}",C0,"['C1', 'C2']","['C3', 'C4', 'C5', 'C6', 'C7']","{'edges_fwd': 52, 'edges_bwd': 52, 'nodes': 44, 'edge_total': 52}",16,12.217594,4.072531,1.941243,0.61217,0.0,1.0,1.0,1.0,0.320892,0.448561,0,0.324464,0.324464,0.7745966692414834,0.0,0.0,0.0,,,,,
graph,30,0.0,forward,2,4,,,,,graph,"{'N': 30, 'noise': 0.0, 'dim': 'complexity', 'direction': 'forward'}",C0,"['C1', 'C2']","['C3', 'C4', 'C5', 'C6', 'C7']","{'edges_fwd': 57, 'edges_bwd': 57, 'nodes': 44, 'edge_total': 57}",13,12.217594,4.072531,1.838745,0.601365,0.0,1.0,1.0,1.0,0.289152,0.544104,0,0.399109,0.399109,0.6324555320336759,0.0,0.0,0.0,,,,,
graph,30,0.0,forward,2,5,,,,,graph,"{'N': 30, 'noise': 0.0, 'dim': 'complexity', 'direction': 'forward'}",C0,"['C1', 'C2']","['C3', 'C4', 'C5', 'C6', 'C7']","{'edges_fwd': 49, 'edges_bwd': 49, 'nodes': 44, 'edge_total': 49}",9,12.217594,4.072531,1.733997,0.472222,0.0,1.0,1.0,1.0,0.509066,,0,0.509066,0.509066,0.9999999999999998,0.0,0.0,0.0,,,,,
graph,30,0.0,forward,2,6,,,,,graph,"{'N': 30, 'noise': 0.0, 'dim': 'complexity', 'direction': 'forward'}",C0,"['C1', 'C2']","['C3', 'C4', 'C5', 'C6', 'C7']","{'edges_fwd': 51, 'edges_bwd': 51, 'nodes': 44, 'edge_total': 51}",15,12.217594,4.072531,1.908827,0.611062,0.0,1.0,1.0,1.0,0.377028,,0,0.378719,0.378719,0.8660254037844385,0.0,0.0,0.0,,,,,
graph,30,0.0,forward,2,7,,,,,graph,"{'N': 30, 'noise': 0.0, 'dim': 'complexity', 'direction': 'forward'}",C0,"['C1', 'C2']","['C3', 'C4', 'C5', 'C6', 'C7']","{'edges_fwd': 54, 'edges_bwd': 54, 'nodes': 44, 'edge_total': 54}",12,12.217594,4.072531,1.808836,0.581849,0.0,1.0,1.0,1.0,0.335578,,0,0.431771,0.431771,1.0,0.0,0.0,0.0,,,,,
graph,30,0.0,forward,2,8,,,,,graph,"{'N': 30, 'noise': 0.0, 'dim': 'complexity', 'direction': 'forward'}",C0,"['C1', 'C2']","['C3', 'C4', 'C5', 'C6', 'C7']","{'edges_fwd': 53, 'edges_bwd': 53, 'nodes': 44, 'edge_total': 53}",13,12.217594,4.072531,1.846035,0.597155,0.0,1.0,1.0,1.0,0.327058,0.720387,0,0.418062,0.418062,0.31622776601683794,0.0,0.0,0.0,,,,,
graph,30,0.0,forward,2,9,,,,,graph,"{'N': 30, 'noise': 0.0, 'dim': 'complexity', 'direction': 'forward'}",C0,"['C1', 'C2']","['C3', 'C4', 'C5', 'C6', 'C7']","{'edges_fwd': 58, 'edges_bwd': 58, 'nodes': 44, 'edge_total': 58}",16,12.217594,4.072531,1.876496,0.661256,0.0,1.0,1.0,1.0,0.224793,0.725717,0,0.381928,0.381928,0.9486832980505138,0.0,0.0,0.0,,,,,
graph,30,0.0,forward,2,10,,,,,graph,"{'N': 30, 'noise': 0.0, 'dim': 'complexity', 'direction': 'forward'}",C0,"['C1', 'C2']","['C3', 'C4', 'C5', 'C6', 'C7']","{'edges_fwd': 51, 'edges_bwd': 51, 'nodes': 44, 'edge_total': 51}",11,12.217594,4.072531,1.811738,0.532476,0.0,1.0,1.0,1.0,0.349112,0.538271,0,0.429089,0.429089,0.7745966692414834,0.0,0.0,0.0,,,,,
graph,30,0.0,forward,2,11,,,,,graph,"{'N': 30, 'noise': 0.0, 'dim': 'complexity', 'direction': 'forward'}",C0,"['C1', 'C2']","['C3', 'C4', 'C5', 'C6', 'C7']","{'edges_fwd': 54, 'edges_bwd': 54, 'nodes': 44, 'edge_total': 54}",10,12.217594,4.072531,1.773174,0.515427,0.0,1.0,1.0,1.0,0.292395,,0,0.400731,0.400731,1.0,0.0,0.0,0.0,,,,,
graph,30,0.0,forward,2,12,,,,,graph,"{'N': 30, 'noise': 0.0, 'dim': 'complexity', 'direction': 'forward'}",C0,"['C1', 'C2']","['C3', 'C4', 'C5', 'C6', 'C7']","{'edges_fwd': 48, 'edges_bwd': 48, 'nodes': 44, 'edge_total': 48}",12,12.217594,4.072531,1.822648,0.575396,0.0,1.0,1.0,1.0,0.37725,,0,0.443158,0.443158,0.8660254037844385,0.0,0.0,0.0,,,,,
graph,30,0.0,forward,2,13,,,,,graph,"{'N': 30, 'noise': 0.0, 'dim': 'complexity', 'direction': 'forward'}",C0,"['C1', 'C2']","['C3', 'C4', 'C5', 'C6', 'C7']","{'edges_fwd': 49, 'edges_bwd': 49, 'nodes': 44, 'edge_total': 49}",12,12.217594,4.072531,1.834904,0.565346,0.0,1.0,1.0,1.0,0.320701,,0,0.414884,0.414884,1.0,0.0,0.0,0.0,,,,,
graph,30,0.0,forward,2,14,,,,,graph,"{'N': 30, 'noise': 0.0, 'dim': 'complexity', 'direction': 'forward'}",C0,"['C1', 'C2']","['C3', 'C4', 'C5', 'C6', 'C7']","{'edges_fwd': 50, 'edges_bwd': 50, 'nodes': 44, 'edge_total': 50}",12,12.217594,4.072531,1.835172,0.565158,0.0,1.0,1.0,1.0,0.318729,,0,0.413898,0.413898,0.5,0.0,0.0,0.0,,,,,
graph,30,0.0,forward,2,15,,,,,graph,"{'N': 30, 'noise': 0.0, 'dim': 'complexity', 'direction': 'forward'}",C0,"['C1', 'C2']","['C3', 'C4', 'C5', 'C6', 'C7']","{'edges_fwd': 52, 'edges_bwd': 52, 'nodes': 44, 'edge_total': 52}",15,12.217594,4.072531,1.927056,0.596627,0.0,1.0,1.0,1.0,0.154537,,0,0.291944,0.291944,0.8660254037844385,0.0,0.0,0.0,,,,,
graph,30,0.0,forward,2,16,,,,,graph,"{'N': 30, 'noise': 0.0, 'dim': 'complexity', 'direction': 'forward'}",C0,"['C1', 'C2']","['C3', 'C4', 'C5', 'C6', 'C7']","{'edges_fwd': 51, 'edges_bwd': 51, 'nodes': 44, 'edge_total': 51}",9,12.217594,4.072531,1.733997,0.472222,0.0,1.0,1.0,1.0,0.509066,,0,0.509066,0.509066,0.9999999999999998,0.0,0.0,0.0,,,,,
graph,30,0.0,forward,2,17,,,,,graph,"{'N': 30, 'noise': 0.0, 'dim': 'complexity', 'direction': 'forward'}",C0,"['C1', 'C2']","['C3', 'C4', 'C5', 'C6', 'C7']","{'edges_fwd': 52, 'edges_bwd': 52, 'nodes': 44, 'edge_total': 52}",17,12.217594,4.072531,1.930258,0.647565,0.0,1.0,1.0,1.0,0.243845,0.461297,0,0.339574,0.339574,0.7905694150420948,0.0,0.0,0.0,,,,,
graph,30,0.0,forward,2,18,,,,,graph,"{'N': 30, 'noise': 0.0, 'dim': 'complexity', 'direction': 'forward'}",C0,"['C1', 'C2']","['C3', 'C4', 'C5', 'C6', 'C7']","{'edges_fwd': 49, 'edges_bwd': 49, 'nodes': 44, 'edge_total': 49}",12,12.217594,4.072531,1.837951,0.562427,0.0,1.0,1.0,1.0,0.290135,,0,0.399601,0.399601,0.8660254037844385,0.0,0.0,0.0,,,,,
graph,30,0.0,forward,2,19,,,,,graph,"{'N': 30, 'noise': 0.0, 'dim': 'complexity', 'direction': 'forward'}",C0,"['C1', 'C2']","['C3', 'C4', 'C5', 'C6', 'C7']","{'edges_fwd': 49, 'edges_bwd': 49, 'nodes': 44, 'edge_total': 49}",12,12.217594,4.072531,1.825236,0.573423,0.0,1.0,1.0,1.0,0.368212,,0,0.438639,0.438639,0.8660254037844385,0.0,0.0,0.0,,,,,
graph,100,0.0,forward,2,0,,,,,graph,"{'N': 100, 'noise': 0.0, 'dim': 'complexity', 'direction': 'forward'}",C0,"['C1', 'C2']","['C3', 'C4', 'C5', 'C6', 'C7']","{'edges_fwd': 132, 'edges_bwd': 132, 'nodes': 114, 'edge_total': 132}",16,12.217594,4.072531,1.94433,0.61243,0.0,1.0,1.0,1.0,0.29366,0.533596,0,0.3157,0.3157,0.31622776601683794,0.0,0.0,0.0,,,,,
graph,100,0.0,forward,2,1,,,,,graph,"{'N': 100, 'noise': 0.0, 'dim': 'complexity', 'direction': 'forward'}",C0,"['C1', 'C2']","['C3', 'C4', 'C5', 'C6', 'C7']","{'edges_fwd': 137, 'edges_bwd': 137, 'nodes': 114, 'edge_total': 137}",12,12.217594,4.072531,1.83851,0.5613,0.0,1.0,1.0,1.0,0.278331,,0,0.393699,0.393699,0.5,0.0,0.0,0.0,,,,,
graph,100,0.0,forward,2,2,,,,,graph,"{'N': 100, 'noise': 0.0, 'dim': 'complexity', 'direction': 'forward'}",C0,"['C1', 'C2']","['C3', 'C4', 'C5', 'C6', 'C7']","{'edges_fwd': 139, 'edges_bwd': 139, 'nodes': 114, 'edge_total': 139}",17,12.217594,4.072531,1.93389,0.648852,0.0,1.0,1.0,1.0,0.327083,0.604738,0,0.35854,0.35854,0.051298917604257706,0.0,0.0,0.0,,,,,
graph,100,0.0,forward,2,3,,,,,graph,"{'N': 100, 'noise': 0.0, 'dim': 'complexity', 'direction': 'forward'}",C0,"['C1', 'C2']","['C3', 'C4', 'C5', 'C6', 'C7']","{'edges_fwd': 135, 'edges_bwd': 135, 'nodes': 114, 'edge_total': 135}",12,12.217594,4.072531,1.836215,0.564345,0.0,1.0,1.0,1.0,0.310213,,0,0.40964,0.40964,0.8660254037844385,0.0,0.0,0.0,,,,,
graph,100,0.0,forward,2,4,,,,,graph,"{'N': 100, 'noise': 0.0, 'dim': 'complexity', 'direction': 'forward'}",C0,"['C1', 'C2']","['C3', 'C4', 'C5', 'C6', 'C7']","{'edges_fwd': 149, 'edges_bwd': 149, 'nodes': 114, 'edge_total': 149}",15,12.217594,4.072531,1.908635,0.611217,0.0,1.0,1.0,1.0,0.335307,,0,0.348043,0.348043,0.5,0.0,0.0,0.0,,,,,
graph,100,0.0,forward,2,5,,,,,graph,"{'N': 100, 'noise': 0.0, 'dim': 'complexity', 'direction': 'forward'}",C0,"['C1', 'C2']","['C3', 'C4', 'C5', 'C6', 'C7']","{'edges_fwd': 143, 'edges_bwd': 143, 'nodes': 114, 'edge_total': 143}",16,12.217594,4.072531,1.943394,0.613516,0.0,1.0,1.0,1.0,0.289099,0.550582,0,0.316002,0.316002,0.19999999999999996,0.0,0.0,0.0,,,,,
graph,100,0.0,forward,2,6,,,,,graph,"{'N': 100, 'noise': 0.0, 'dim': 'complexity', 'direction': 'forward'}",C0,"['C1', 'C2']","['C3', 'C4', 'C5', 'C6', 'C7']","{'edges_fwd': 139, 'edges_bwd': 139, 'nodes': 114, 'edge_total': 139}",12,12.217594,4.072531,1.838613,0.560959,0.0,1.0,1.0,1.0,0.274754,,0,0.39191,0.39191,0.5,0.0,0.0,0.0,,,,,
graph,100,0.0,forward,2,7,,,,,graph,"{'N': 100, 'noise': 0.0, 'dim': 'complexity', 'direction': 'forward'}",C0,"['C1', 'C2']","['C3', 'C4', 'C5', 'C6', 'C7']","{'edges_fwd': 145, 'edges_bwd': 145, 'nodes': 114, 'edge_total': 145}",12,12.217594,4.072531,1.831402,0.567644,0.0,1.0,1.0,1.0,0.341736,,0,0.425401,0.425401,1.0,0.0,0.0,0.0,,,,,
graph,100,0.0,forward,2,8,,,,,graph,"{'N': 100, 'noise': 0.0, 'dim': 'complexity', 'direction': 'forward'}",C0,"['C1', 'C2']","['C3', 'C4', 'C5', 'C6', 'C7']","{'edges_fwd': 137, 'edges_bwd': 137, 'nodes': 114, 'edge_total': 137}",17,12.217594,4.100861,1.939527,0.637404,0.0,1.0,1.0,1.0,0.306082,0.446048,0,0.313477,0.313477,0.10540925533894598,0.0,0.0,0.0,,,,,
graph,100,0.0,forward,2,9,,,,,graph,"{'N': 100, 'noise': 0.0, 'dim': 'complexity', 'direction': 'forward'}",C0,"['C1', 'C2']","['C3', 'C4', 'C5', 'C6', 'C7']","{'edges_fwd': 138, 'edges_bwd': 138, 'nodes': 114, 'edge_total': 138}",12,12.217594,4.072531,1.838706,0.560474,0.0,1.0,1.0,1.0,0.269679,,0,0.389372,0.389372,0.5,0.0,0.0,0.0,,,,,
graph,100,0.0,forward,2,10,,,,,graph,"{'N': 100, 'noise': 0.0, 'dim': 'complexity', 'direction': 'forward'}",C0,"['C1', 'C2']","['C3', 'C4', 'C5', 'C6', 'C7']","{'edges_fwd': 143, 'edges_bwd': 143, 'nodes': 114, 'edge_total': 143}",16,12.217594,4.072531,1.944271,0.612083,0.0,1.0,1.0,1.0,0.286029,0.552477,0,0.310004,0.310004,0.31622776601683794,0.0,0.0,0.0,,,,,
graph,100,0.0,forward,2,11,,,,,graph,"{'N': 100, 'noise': 0.0, 'dim': 'complexity', 'direction': 'forward'}",C0,"['C1', 'C2']","['C3', 'C4', 'C5', 'C6', 'C7']","{'edges_fwd': 142, 'edges_bwd': 142, 'nodes': 114, 'edge_total': 142}",16,12.217594,4.072531,1.883355,0.650744,0.0,1.0,1.0,1.0,0.523233,0.669948,0,0.450759,0.450759,0.9486832980505138,0.0,0.0,0.0,,,,,
graph,100,0.0,forward,2,12,,,,,graph,"{'N': 100, 'noise': 0.0, 'dim': 'complexity', 'direction': 'forward'}",C0,"['C1', 'C2']","['C3', 'C4', 'C5', 'C6', 'C7']","{'edges_fwd': 132, 'edges_bwd': 132, 'nodes': 114, 'edge_total': 132}",15,12.217594,4.125297,1.901813,0.61153,0.0,1.0,1.0,1.0,0.337583,,0,0.358966,0.358966,0.5,0.0,0.0,0.0,,,,,
graph,100,0.0,forward,2,13,,,,,graph,"{'N': 100, 'noise': 0.0, 'dim': 'complexity', 'direction': 'forward'}",C0,"['C1', 'C2']","['C3', 'C4', 'C5', 'C6', 'C7']","{'edges_fwd': 138, 'edges_bwd': 138, 'nodes': 114, 'edge_total': 138}",16,12.217594,4.072531,1.923899,0.629582,0.0,1.0,1.0,1.0,0.052511,0.53537,0,0.290925,0.290925,0.31622776601683794,0.0,0.0,0.0,,,,,
graph,100,0.0,forward,2,14,,,,,graph,"{'N': 100, 'noise': 0.0, 'dim': 'complexity', 'direction': 'forward'}",C0,"['C1', 'C2']","['C3', 'C4', 'C5', 'C6', 'C7']","{'edges_fwd': 146, 'edges_bwd': 146, 'nodes': 114, 'edge_total': 146}",16,12.217594,4.072531,1.949442,0.604239,0.0,1.0,1.0,1.0,0.268312,0.473196,0,0.273245,0.273245,0.7745966692414834,0.0,0.0,0.0,,,,,
graph,100,0.0,forward,2,15,,,,,graph,"{'N': 100, 'noise': 0.0, 'dim': 'complexity', 'direction': 'forward'}",C0,"['C1', 'C2']","['C3', 'C4', 'C5', 'C6', 'C7']","{'edges_fwd': 138, 'edges_bwd': 138, 'nodes': 114, 'edge_total': 138}",12,12.217594,4.072531,1.82846,0.570276,0.0,1.0,1.0,1.0,0.313647,,0,0.411357,0.411357,1.0,0.0,0.0,0.0,,,,,
graph,100,0.0,forward,2,16,,,,,graph,"{'N': 100, 'noise': 0.0, 'dim': 'complexity', 'direction': 'forward'}",C0,"['C1', 'C2']","['C3', 'C4', 'C5', 'C6', 'C7']","{'edges_fwd': 144, 'edges_bwd': 144, 'nodes': 114, 'edge_total': 144}",15,12.217594,4.072531,1.913198,0.607487,0.0,1.0,1.0,1.0,0.330358,,0,0.337849,0.337849,1.0,0.0,0.0,0.0,,,,,
graph,100,0.0,forward,2,17,,,,,graph,"{'N': 100, 'noise': 0.0, 'dim': 'complexity', 'direction': 'forward'}",C0,"['C1', 'C2']","['C3', 'C4', 'C5', 'C6', 'C7']","{'edges_fwd': 141, 'edges_bwd': 141, 'nodes': 114, 'edge_total': 141}",12,12.217594,4.072531,1.836868,0.563743,0.0,1.0,1.0,1.0,0.303916,,0,0.406491,0.406491,0.5,0.0,0.0,0.0,,,,,
graph,100,0.0,forward,2,18,,,,,graph,"{'N': 100, 'noise': 0.0, 'dim': 'complexity', 'direction': 'forward'}",C0,"['C1', 'C2']","['C3', 'C4', 'C5', 'C6', 'C7']","{'edges_fwd': 144, 'edges_bwd': 144, 'nodes': 114, 'edge_total': 144}",12,12.217594,4.072531,1.817217,0.577389,0.0,1.0,1.0,1.0,0.28546,,0,0.397263,0.397263,0.8660254037844385,0.0,0.0,0.0,,,,,
graph,100,0.0,forward,2,19,,,,,graph,"{'N': 100, 'noise': 0.0, 'dim': 'complexity', 'direction': 'forward'}",C0,"['C1', 'C2']","['C3', 'C4', 'C5', 'C6', 'C7']","{'edges_fwd': 137, 'edges_bwd': 137, 'nodes': 114, 'edge_total': 137}",16,12.217594,4.072531,1.943832,0.61239,0.0,1.0,1.0,1.0,0.281423,0.383172,0,0.308647,0.308647,0.31622776601683794,0.0,0.0,0.0,,,,,
graph,300,0.0,forward,2,0,,,,,graph,"{'N': 300, 'noise': 0.0, 'dim': 'complexity', 'direction': 'forward'}",C0,"['C1', 'C2']","['C3', 'C4', 'C5', 'C6', 'C7']","{'edges_fwd': 381, 'edges_bwd': 381, 'nodes': 314, 'edge_total': 381}",9,12.217594,4.072531,1.733997,0.472222,0.0,1.0,1.0,1.0,0.509066,,0,0.509066,0.509066,0.9999999999999998,0.0,0.0,0.0,,,,,
graph,300,0.0,forward,2,1,,,,,graph,"{'N': 300, 'noise': 0.0, 'dim': 'complexity', 'direction': 'forward'}",C0,"['C1', 'C2']","['C3', 'C4', 'C5', 'C6', 'C7']","{'edges_fwd': 372, 'edges_bwd': 372, 'nodes': 314, 'edge_total': 372}",9,12.217594,4.072531,1.733997,0.472222,0.0,1.0,1.0,1.0,0.509066,,0,0.509066,0.509066,0.8660254037844385,0.0,0.0,0.0,,,,,
graph,300,0.0,forward,2,2,,,,,graph,"{'N': 300, 'noise': 0.0, 'dim': 'complexity', 'direction': 'forward'}",C0,"['C1', 'C2']","['C3', 'C4', 'C5', 'C6', 'C7']","{'edges_fwd': 393, 'edges_bwd': 393, 'nodes': 314, 'edge_total': 393}",15,12.217594,4.072531,1.929601,0.589165,0.0,1.0,1.0,1.0,0.319342,,0,0.329887,0.329887,0.5,0.0,0.0,0.0,,,,,
graph,300,0.0,forward,2,3,,,,,graph,"{'N': 300, 'noise': 0.0, 'dim': 'complexity', 'direction': 'forward'}",C0,"['C1', 'C2']","['C3', 'C4', 'C5', 'C6', 'C7']","{'edges_fwd': 397, 'edges_bwd': 397, 'nodes': 314, 'edge_total': 397}",15,12.217594,4.072531,1.920401,0.601576,0.0,1.0,1.0,1.0,0.172888,,0,0.311364,0.311364,0.5,0.0,0.0,0.0,,,,,
graph,300,0.0,forward,2,4,,,,,graph,"{'N': 300, 'noise': 0.0, 'dim': 'complexity', 'direction': 'forward'}",C0,"['C1', 'C2']","['C3', 'C4', 'C5', 'C6', 'C7']","{'edges_fwd': 392, 'edges_bwd': 392, 'nodes': 314, 'edge_total': 392}",16,12.217594,4.072531,1.950679,0.604737,0.0,1.0,1.0,1.0,0.268003,0.451186,0,0.276047,0.276047,0.7745966692414834,0.0,0.0,0.0,,,,,
graph,300,0.0,forward,2,5,,,,,graph,"{'N': 300, 'noise': 0.0, 'dim': 'complexity', 'direction': 'forward'}",C0,"['C1', 'C2']","['C3', 'C4', 'C5', 'C6', 'C7']","{'edges_fwd': 399, 'edges_bwd': 399, 'nodes': 314, 'edge_total': 399}",9,12.217594,4.072531,1.733997,0.472222,0.0,1.0,1.0,1.0,0.509066,,0,0.509066,0.509066,0.9999999999999998,0.0,0.0,0.0,,,,,
graph,300,0.0,forward,2,6,,,,,graph,"{'N': 300, 'noise': 0.0, 'dim': 'complexity', 'direction': 'forward'}",C0,"['C1', 'C2']","['C3', 'C4', 'C5', 'C6', 'C7']","{'edges_fwd': 382, 'edges_bwd': 382, 'nodes': 314, 'edge_total': 382}",12,12.217594,4.072531,1.830143,0.568994,0.0,1.0,1.0,1.0,0.347921,,0,0.428493,0.428493,0.5,0.0,0.0,0.0,,,,,
graph,300,0.0,forward,2,7,,,,,graph,"{'N': 300, 'noise': 0.0, 'dim': 'complexity', 'direction': 'forward'}",C0,"['C1', 'C2']","['C3', 'C4', 'C5', 'C6', 'C7']","{'edges_fwd': 405, 'edges_bwd': 405, 'nodes': 314, 'edge_total': 405}",15,12.217594,4.072531,1.920775,0.602522,0.0,1.0,1.0,1.0,0.303723,,0,0.344153,0.344153,1.0,0.0,0.0,0.0,,,,,
graph,300,0.0,forward,2,8,,,,,graph,"{'N': 300, 'noise': 0.0, 'dim': 'complexity', 'direction': 'forward'}",C0,"['C1', 'C2']","['C3', 'C4', 'C5', 'C6', 'C7']","{'edges_fwd': 380, 'edges_bwd': 380, 'nodes': 314, 'edge_total': 380}",12,12.217594,4.072531,1.828828,0.570294,0.0,1.0,1.0,1.0,0.353874,,0,0.43147,0.43147,0.8660254037844385,0.0,0.0,0.0,,,,,
graph,300,0.0,forward,2,9,,,,,graph,"{'N': 300, 'noise': 0.0, 'dim': 'complexity', 'direction': 'forward'}",C0,"['C1', 'C2']","['C3', 'C4', 'C5', 'C6', 'C7']","{'edges_fwd': 392, 'edges_bwd': 392, 'nodes': 314, 'edge_total': 392}",12,12.217594,4.072531,1.83856,0.561147,0.0,1.0,1.0,1.0,0.276728,,0,0.392897,0.392897,0.8660254037844385,0.0,0.0,0.0,,,,,
graph,300,0.0,forward,2,10,,,,,graph,"{'N': 300, 'noise': 0.0, 'dim': 'complexity', 'direction': 'forward'}",C0,"['C1', 'C2']","['C3', 'C4', 'C5', 'C6', 'C7']","{'edges_fwd': 372, 'edges_bwd': 372, 'nodes': 314, 'edge_total': 372}",12,12.217594,4.072531,1.838219,0.56197,0.0,1.0,1.0,1.0,0.285343,,0,0.397205,0.397205,0.8660254037844385,0.0,0.0,0.0,,,,,
graph,300,0.0,forward,2,11,,,,,graph,"{'N': 300, 'noise': 0.0, 'dim': 'complexity', 'direction': 'forward'}",C0,"['C1', 'C2']","['C3', 'C4', 'C5', 'C6', 'C7']","{'edges_fwd': 389, 'edges_bwd': 389, 'nodes': 314, 'edge_total': 389}",15,12.217594,4.072531,1.898531,0.621115,0.0,1.0,1.0,1.0,0.27975,,0,0.317882,0.317882,0.8660254037844385,0.0,0.0,0.0,,,,,
graph,300,0.0,forward,2,12,,,,,graph,"{'N': 300, 'noise': 0.0, 'dim': 'complexity', 'direction': 'forward'}",C0,"['C1', 'C2']","['C3', 'C4', 'C5', 'C6', 'C7']","{'edges_fwd': 387, 'edges_bwd': 387, 'nodes': 314, 'edge_total': 387}",15,12.217594,4.072531,1.930899,0.591119,0.0,1.0,1.0,1.0,0.279753,,0,0.313823,0.313823,1.0,0.0,0.0,0.0,,,,,
graph,300,0.0,forward,2,13,,,,,graph,"{'N': 300, 'noise': 0.0, 'dim': 'complexity', 'direction': 'forward'}",C0,"['C1', 'C2']","['C3', 'C4', 'C5', 'C6', 'C7']","{'edges_fwd': 394, 'edges_bwd': 394, 'nodes': 314, 'edge_total': 394}",15,12.217594,4.072531,1.928284,0.594486,0.0,1.0,1.0,1.0,0.278259,,0,0.319504,0.319504,0.8660254037844385,0.0,0.0,0.0,,,,,
graph,300,0.0,forward,2,14,,,,,graph,"{'N': 300, 'noise': 0.0, 'dim': 'complexity', 'direction': 'forward'}",C0,"['C1', 'C2']","['C3', 'C4', 'C5', 'C6', 'C7']","{'edges_fwd': 390, 'edges_bwd': 390, 'nodes': 314, 'edge_total': 390}",16,12.163076,4.286875,1.864058,0.651017,0.0,1.0,1.0,1.0,0.300725,0.594307,0,0.330145,0.330145,0.7999999999999998,0.0,0.0,0.0,,,,,
graph,300,0.0,forward,2,15,,,,,graph,"{'N': 300, 'noise': 0.0, 'dim': 'complexity', 'direction': 'forward'}",C0,"['C1', 'C2']","['C3', 'C4', 'C5', 'C6', 'C7']","{'edges_fwd': 398, 'edges_bwd': 398, 'nodes': 314, 'edge_total': 398}",12,12.217594,4.072531,1.838332,0.56174,0.0,1.0,1.0,1.0,0.282938,,0,0.396002,0.396002,0.5,0.0,0.0,0.0,,,,,
graph,300,0.0,forward,2,16,,,,,graph,"{'N': 300, 'noise': 0.0, 'dim': 'complexity', 'direction': 'forward'}",C0,"['C1', 'C2']","['C3', 'C4', 'C5', 'C6', 'C7']","{'edges_fwd': 386, 'edges_bwd': 386, 'nodes': 314, 'edge_total': 386}",12,12.217594,4.155647,1.803194,0.583933,0.0,1.0,1.0,1.0,0.361819,,0,0.435443,0.435443,0.8660254037844385,0.0,0.0,0.0,,,,,
graph,300,0.0,forward,2,17,,,,,graph,"{'N': 300, 'noise': 0.0, 'dim': 'complexity', 'direction': 'forward'}",C0,"['C1', 'C2']","['C3', 'C4', 'C5', 'C6', 'C7']","{'edges_fwd': 387, 'edges_bwd': 387, 'nodes': 314, 'edge_total': 387}",12,12.217594,4.072531,1.820528,0.57688,0.0,1.0,1.0,1.0,0.384049,,0,0.446558,0.446558,0.8660254037844385,0.0,0.0,0.0,,,,,
graph,300,0.0,forward,2,18,,,,,graph,"{'N': 300, 'noise': 0.0, 'dim': 'complexity', 'direction': 'forward'}",C0,"['C1', 'C2']","['C3', 'C4', 'C5', 'C6', 'C7']","{'edges_fwd': 389, 'edges_bwd': 389, 'nodes': 314, 'edge_total': 389}",16,12.217594,4.138419,1.926778,0.622076,0.0,1.0,1.0,1.0,0.268471,0.489364,0,0.306059,0.306059,0.9486832980505138,0.0,0.0,0.0,,,,,
graph,300,0.0,forward,2,19,,,,,graph,"{'N': 300, 'noise': 0.0, 'dim': 'complexity', 'direction': 'forward'}",C0,"['C1', 'C2']","['C3', 'C4', 'C5', 'C6', 'C7']","{'edges_fwd': 378, 'edges_bwd': 378, 'nodes': 314, 'edge_total': 378}",16,12.217594,4.072531,1.90264,0.645507,0.0,1.0,1.0,1.0,0.178434,0.604604,0,0.361175,0.361175,0.7745966692414834,0.0,0.0,0.0,,,,,
graph,1000,0.0,forward,2,0,,,,,graph,"{'N': 1000, 'noise': 0.0, 'dim': 'complexity', 'direction': 'forward'}",C0,"['C1', 'C2']","['C3', 'C4', 'C5', 'C6', 'C7']","{'edges_fwd': 1262, 'edges_bwd': 1262, 'nodes': 1014, 'edge_total': 1262}",12,12.217594,4.072531,1.837441,0.563119,0.0,1.0,1.0,1.0,0.297376,,0,0.403221,0.403221,1.0,0.0,0.0,0.0,,,,,
graph,1000,0.0,forward,2,1,,,,,graph,"{'N': 1000, 'noise': 0.0, 'dim': 'complexity', 'direction': 'forward'}",C0,"['C1', 'C2']","['C3', 'C4', 'C5', 'C6', 'C7']","{'edges_fwd': 1259, 'edges_bwd': 1259, 'nodes': 1014, 'edge_total': 1259}",18,12.217594,4.072531,1.948435,0.659707,0.0,1.0,1.0,1.0,0.316672,0.468304,0,0.341047,0.341047,0.12344267996967352,0.0,0.0,0.0,,,,,
graph,1000,0.0,forward,2,2,,,,,graph,"{'N': 1000, 'noise': 0.0, 'dim': 'complexity', 'direction': 'forward'}",C0,"['C1', 'C2']","['C3', 'C4', 'C5', 'C6', 'C7']","{'edges_fwd': 1287, 'edges_bwd': 1287, 'nodes': 1014, 'edge_total': 1287}",9,12.217594,4.072531,1.733997,0.472222,0.0,1.0,1.0,1.0,0.509066,,0,0.509066,0.509066,0.8660254037844385,0.0,0.0,0.0,,,,,
graph,1000,0.0,forward,2,3,,,,,graph,"{'N': 1000, 'noise': 0.0, 'dim': 'complexity', 'direction': 'forward'}",C0,"['C1', 'C2']","['C3', 'C4', 'C5', 'C6', 'C7']","{'edges_fwd': 1289, 'edges_bwd': 1289, 'nodes': 1014, 'edge_total': 1289}",12,12.217594,4.072531,1.825092,0.574417,0.0,1.0,1.0,1.0,0.330602,,0,0.419834,0.419834,1.0,0.0,0.0,0.0,,,,,
graph,1000,0.0,forward,2,4,,,,,graph,"{'N': 1000, 'noise': 0.0, 'dim': 'complexity', 'direction': 'forward'}",C0,"['C1', 'C2']","['C3', 'C4', 'C5', 'C6', 'C7']","{'edges_fwd': 1269, 'edges_bwd': 1269, 'nodes': 1014, 'edge_total': 1269}",16,12.217594,4.072531,1.931525,0.626834,0.0,1.0,1.0,1.0,0.271239,0.429886,0,0.28019,0.28019,0.7745966692414834,0.0,0.0,0.0,,,,,
graph,1000,0.0,forward,2,5,,,,,graph,"{'N': 1000, 'noise': 0.0, 'dim': 'complexity', 'direction': 'forward'}",C0,"['C1', 'C2']","['C3', 'C4', 'C5', 'C6', 'C7']","{'edges_fwd': 1283, 'edges_bwd': 1283, 'nodes': 1014, 'edge_total': 1283}",9,12.217594,4.072531,1.733997,0.472222,0.0,1.0,1.0,1.0,0.509066,,0,0.509066,0.509066,0.8660254037844385,0.0,0.0,0.0,,,,,
graph,1000,0.0,forward,2,6,,,,,graph,"{'N': 1000, 'noise': 0.0, 'dim': 'complexity', 'direction': 'forward'}",C0,"['C1', 'C2']","['C3', 'C4', 'C5', 'C6', 'C7']","{'edges_fwd': 1265, 'edges_bwd': 1265, 'nodes': 1014, 'edge_total': 1265}",12,12.217594,4.072531,1.829098,0.572436,0.0,1.0,1.0,1.0,0.192499,,0,0.39802,0.39802,0.8660254037844385,0.0,0.0,0.0,,,,,
graph,1000,0.0,forward,2,7,,,,,graph,"{'N': 1000, 'noise': 0.0, 'dim': 'complexity', 'direction': 'forward'}",C0,"['C1', 'C2']","['C3', 'C4', 'C5', 'C6', 'C7']","{'edges_fwd': 1262, 'edges_bwd': 1262, 'nodes': 1014, 'edge_total': 1262}",13,12.217594,4.072531,1.837143,0.602245,0.0,1.0,1.0,1.0,0.296729,0.558932,0,0.402898,0.402898,0.9486832980505138,0.0,0.0,0.0,,,,,
graph,1000,0.0,forward,2,8,,,,,graph,"{'N': 1000, 'noise': 0.0, 'dim': 'complexity', 'direction': 'forward'}",C0,"['C1', 'C2']","['C3', 'C4', 'C5', 'C6', 'C7']","{'edges_fwd': 1249, 'edges_bwd': 1249, 'nodes': 1014, 'edge_total': 1249}",15,12.217594,4.072531,1.913921,0.607056,0.0,1.0,1.0,1.0,0.238225,,0,0.347657,0.347657,0.8660254037844385,0.0,0.0,0.0,,,,,
graph,1000,0.0,forward,2,9,,,,,graph,"{'N': 1000, 'noise': 0.0, 'dim': 'complexity', 'direction': 'forward'}",C0,"['C1', 'C2']","['C3', 'C4', 'C5', 'C6', 'C7']","{'edges_fwd': 1251, 'edges_bwd': 1251, 'nodes': 1014, 'edge_total': 1251}",15,12.217594,4.072531,1.937319,0.579932,0.0,1.0,1.0,1.0,0.272476,,0,0.27857,0.27857,1.0,0.0,0.0,0.0,,,,,
graph,1000,0.0,forward,2,10,,,,,graph,"{'N': 1000, 'noise': 0.0, 'dim': 'complexity', 'direction': 'forward'}",C0,"['C1', 'C2']","['C3', 'C4', 'C5', 'C6', 'C7']","{'edges_fwd': 1259, 'edges_bwd': 1259, 'nodes': 1014, 'edge_total': 1259}",12,12.217594,4.072531,1.833833,0.566037,0.0,1.0,1.0,1.0,0.327934,,0,0.4185,0.4185,0.5,0.0,0.0,0.0,,,,,
graph,1000,0.0,forward,2,11,,,,,graph,"{'N': 1000, 'noise': 0.0, 'dim': 'complexity', 'direction': 'forward'}",C0,"['C1', 'C2']","['C3', 'C4', 'C5', 'C6', 'C7']","{'edges_fwd': 1254, 'edges_bwd': 1254, 'nodes': 1014, 'edge_total': 1254}",12,12.217594,4.072531,1.830038,0.569101,0.0,1.0,1.0,1.0,0.34841,,0,0.428738,0.428738,0.8660254037844385,0.0,0.0,0.0,,,,,
graph,1000,0.0,forward,2,12,,,,,graph,"{'N': 1000, 'noise': 0.0, 'dim': 'complexity', 'direction': 'forward'}",C0,"['C1', 'C2']","['C3', 'C4', 'C5', 'C6', 'C7']","{'edges_fwd': 1251, 'edges_bwd': 1251, 'nodes': 1014, 'edge_total': 1251}",12,12.217594,4.072531,1.836119,0.564426,0.0,1.0,1.0,1.0,0.311066,,0,0.410066,0.410066,1.0,0.0,0.0,0.0,,,,,
graph,1000,0.0,forward,2,13,,,,,graph,"{'N': 1000, 'noise': 0.0, 'dim': 'complexity', 'direction': 'forward'}",C0,"['C1', 'C2']","['C3', 'C4', 'C5', 'C6', 'C7']","{'edges_fwd': 1258, 'edges_bwd': 1258, 'nodes': 1014, 'edge_total': 1258}",12,12.217594,4.072531,1.803205,0.588933,0.0,1.0,1.0,1.0,0.265995,,0,0.446518,0.446518,0.8660254037844385,0.0,0.0,0.0,,,,,
graph,1000,0.0,forward,2,14,,,,,graph,"{'N': 1000, 'noise': 0.0, 'dim': 'complexity', 'direction': 'forward'}",C0,"['C1', 'C2']","['C3', 'C4', 'C5', 'C6', 'C7']","{'edges_fwd': 1273, 'edges_bwd': 1273, 'nodes': 1014, 'edge_total': 1273}",15,12.217594,4.072531,1.910614,0.612745,0.0,1.0,1.0,1.0,0.20403,,0,0.323778,0.323778,1.0,0.0,0.0,0.0,,,,,
graph,1000,0.0,forward,2,15,,,,,graph,"{'N': 1000, 'noise': 0.0, 'dim': 'complexity', 'direction': 'forward'}",C0,"['C1', 'C2']","['C3', 'C4', 'C5', 'C6', 'C7']","{'edges_fwd': 1284, 'edges_bwd': 1284, 'nodes': 1014, 'edge_total': 1284}",15,12.217594,4.072531,1.925227,0.597145,0.0,1.0,1.0,1.0,0.305284,,0,0.336644,0.336644,0.8660254037844385,0.0,0.0,0.0,,,,,
graph,1000,0.0,forward,2,16,,,,,graph,"{'N': 1000, 'noise': 0.0, 'dim': 'complexity', 'direction': 'forward'}",C0,"['C1', 'C2']","['C3', 'C4', 'C5', 'C6', 'C7']","{'edges_fwd': 1267, 'edges_bwd': 1267, 'nodes': 1014, 'edge_total': 1267}",13,12.217594,4.072531,1.831419,0.606476,0.0,1.0,1.0,1.0,0.373703,0.748207,0,0.441385,0.441385,0.19999999999999996,0.0,0.0,0.0,,,,,
graph,1000,0.0,forward,2,17,,,,,graph,"{'N': 1000, 'noise': 0.0, 'dim': 'complexity', 'direction': 'forward'}",C0,"['C1', 'C2']","['C3', 'C4', 'C5', 'C6', 'C7']","{'edges_fwd': 1275, 'edges_bwd': 1275, 'nodes': 1014, 'edge_total': 1275}",16,12.217594,4.147714,1.92009,0.621372,0.0,1.0,1.0,1.0,0.306799,0.54423,0,0.311428,0.311428,0.31622776601683794,0.0,0.0,0.0,,,,,
graph,1000,0.0,forward,2,18,,,,,graph,"{'N': 1000, 'noise': 0.0, 'dim': 'complexity', 'direction': 'forward'}",C0,"['C1', 'C2']","['C3', 'C4', 'C5', 'C6', 'C7']","{'edges_fwd': 1256, 'edges_bwd': 1256, 'nodes': 1014, 'edge_total': 1256}",12,12.217594,4.232755,1.785783,0.59037,0.0,1.0,1.0,1.0,0.340708,,0,0.424887,0.424887,0.8660254037844385,0.0,0.0,0.0,,,,,
graph,1000,0.0,forward,2,19,,,,,graph,"{'N': 1000, 'noise': 0.0, 'dim': 'complexity', 'direction': 'forward'}",C0,"['C1', 'C2']","['C3', 'C4', 'C5', 'C6', 'C7']","{'edges_fwd': 1260, 'edges_bwd': 1260, 'nodes': 1014, 'edge_total': 1260}",15,12.217594,4.072531,1.91107,0.610211,0.0,1.0,1.0,1.0,0.360958,,0,0.373885,0.373885,0.8660254037844385,0.0,0.0,0.0,,,,,
graph,100,0.0,forward,2,0,,,,,graph,"{'N': 100, 'noise': 0.0, 'dim': 'noise', 'direction': 'forward'}",C0,"['C1', 'C2']","['C3', 'C4', 'C5', 'C6', 'C7']","{'edges_fwd': 132, 'edges_bwd': 132, 'nodes': 114, 'edge_total': 132}",16,12.217594,4.072531,1.94433,0.61243,0.0,1.0,1.0,1.0,0.29366,0.533596,0,0.3157,0.3157,0.31622776601683794,0.0,0.0,0.0,,,,,
graph,100,0.0,forward,2,1,,,,,graph,"{'N': 100, 'noise': 0.0, 'dim': 'noise', 'direction': 'forward'}",C0,"['C1', 'C2']","['C3', 'C4', 'C5', 'C6', 'C7']","{'edges_fwd': 137, 'edges_bwd': 137, 'nodes': 114, 'edge_total': 137}",12,12.217594,4.072531,1.83851,0.5613,0.0,1.0,1.0,1.0,0.278331,,0,0.393699,0.393699,0.5,0.0,0.0,0.0,,,,,
graph,100,0.0,forward,2,2,,,,,graph,"{'N': 100, 'noise': 0.0, 'dim': 'noise', 'direction': 'forward'}",C0,"['C1', 'C2']","['C3', 'C4', 'C5', 'C6', 'C7']","{'edges_fwd': 139, 'edges_bwd': 139, 'nodes': 114, 'edge_total': 139}",17,12.217594,4.072531,1.93389,0.648852,0.0,1.0,1.0,1.0,0.327083,0.604738,0,0.35854,0.35854,0.051298917604257706,0.0,0.0,0.0,,,,,
graph,100,0.0,forward,2,3,,,,,graph,"{'N': 100, 'noise': 0.0, 'dim': 'noise', 'direction': 'forward'}",C0,"['C1', 'C2']","['C3', 'C4', 'C5', 'C6', 'C7']","{'edges_fwd': 135, 'edges_bwd': 135, 'nodes': 114, 'edge_total': 135}",12,12.217594,4.072531,1.836215,0.564345,0.0,1.0,1.0,1.0,0.310213,,0,0.40964,0.40964,0.8660254037844385,0.0,0.0,0.0,,,,,
graph,100,0.0,forward,2,4,,,,,graph,"{'N': 100, 'noise': 0.0, 'dim': 'noise', 'direction': 'forward'}",C0,"['C1', 'C2']","['C3', 'C4', 'C5', 'C6', 'C7']","{'edges_fwd': 149, 'edges_bwd': 149, 'nodes': 114, 'edge_total': 149}",15,12.217594,4.072531,1.908635,0.611217,0.0,1.0,1.0,1.0,0.335307,,0,0.348043,0.348043,0.5,0.0,0.0,0.0,,,,,
graph,100,0.0,forward,2,5,,,,,graph,"{'N': 100, 'noise': 0.0, 'dim': 'noise', 'direction': 'forward'}",C0,"['C1', 'C2']","['C3', 'C4', 'C5', 'C6', 'C7']","{'edges_fwd': 143, 'edges_bwd': 143, 'nodes': 114, 'edge_total': 143}",16,12.217594,4.072531,1.943394,0.613516,0.0,1.0,1.0,1.0,0.289099,0.550582,0,0.316002,0.316002,0.19999999999999996,0.0,0.0,0.0,,,,,
graph,100,0.0,forward,2,6,,,,,graph,"{'N': 100, 'noise': 0.0, 'dim': 'noise', 'direction': 'forward'}",C0,"['C1', 'C2']","['C3', 'C4', 'C5', 'C6', 'C7']","{'edges_fwd': 139, 'edges_bwd': 139, 'nodes': 114, 'edge_total': 139}",12,12.217594,4.072531,1.838613,0.560959,0.0,1.0,1.0,1.0,0.274754,,0,0.39191,0.39191,0.5,0.0,0.0,0.0,,,,,
graph,100,0.0,forward,2,7,,,,,graph,"{'N': 100, 'noise': 0.0, 'dim': 'noise', 'direction': 'forward'}",C0,"['C1', 'C2']","['C3', 'C4', 'C5', 'C6', 'C7']","{'edges_fwd': 145, 'edges_bwd': 145, 'nodes': 114, 'edge_total': 145}",12,12.217594,4.072531,1.831402,0.567644,0.0,1.0,1.0,1.0,0.341736,,0,0.425401,0.425401,1.0,0.0,0.0,0.0,,,,,
graph,100,0.0,forward,2,8,,,,,graph,"{'N': 100, 'noise': 0.0, 'dim': 'noise', 'direction': 'forward'}",C0,"['C1', 'C2']","['C3', 'C4', 'C5', 'C6', 'C7']","{'edges_fwd': 137, 'edges_bwd': 137, 'nodes': 114, 'edge_total': 137}",17,12.217594,4.100861,1.939527,0.637404,0.0,1.0,1.0,1.0,0.306082,0.446048,0,0.313477,0.313477,0.10540925533894598,0.0,0.0,0.0,,,,,
graph,100,0.0,forward,2,9,,,,,graph,"{'N': 100, 'noise': 0.0, 'dim': 'noise', 'direction': 'forward'}",C0,"['C1', 'C2']","['C3', 'C4', 'C5', 'C6', 'C7']","{'edges_fwd': 138, 'edges_bwd': 138, 'nodes': 114, 'edge_total': 138}",12,12.217594,4.072531,1.838706,0.560474,0.0,1.0,1.0,1.0,0.269679,,0,0.389372,0.389372,0.5,0.0,0.0,0.0,,,,,
graph,100,0.0,forward,2,10,,,,,graph,"{'N': 100, 'noise': 0.0, 'dim': 'noise', 'direction': 'forward'}",C0,"['C1', 'C2']","['C3', 'C4', 'C5', 'C6', 'C7']","{'edges_fwd': 143, 'edges_bwd': 143, 'nodes': 114, 'edge_total': 143}",16,12.217594,4.072531,1.944271,0.612083,0.0,1.0,1.0,1.0,0.286029,0.552477,0,0.310004,0.310004,0.31622776601683794,0.0,0.0,0.0,,,,,
graph,100,0.0,forward,2,11,,,,,graph,"{'N': 100, 'noise': 0.0, 'dim': 'noise', 'direction': 'forward'}",C0,"['C1', 'C2']","['C3', 'C4', 'C5', 'C6', 'C7']","{'edges_fwd': 142, 'edges_bwd': 142, 'nodes': 114, 'edge_total': 142}",16,12.217594,4.072531,1.883355,0.650744,0.0,1.0,1.0,1.0,0.523233,0.669948,0,0.450759,0.450759,0.9486832980505138,0.0,0.0,0.0,,,,,
graph,100,0.0,forward,2,12,,,,,graph,"{'N': 100, 'noise': 0.0, 'dim': 'noise', 'direction': 'forward'}",C0,"['C1', 'C2']","['C3', 'C4', 'C5', 'C6', 'C7']","{'edges_fwd': 132, 'edges_bwd': 132, 'nodes': 114, 'edge_total': 132}",15,12.217594,4.125297,1.901813,0.61153,0.0,1.0,1.0,1.0,0.337583,,0,0.358966,0.358966,0.5,0.0,0.0,0.0,,,,,
graph,100,0.0,forward,2,13,,,,,graph,"{'N': 100, 'noise': 0.0, 'dim': 'noise', 'direction': 'forward'}",C0,"['C1', 'C2']","['C3', 'C4', 'C5', 'C6', 'C7']","{'edges_fwd': 138, 'edges_bwd': 138, 'nodes': 114, 'edge_total': 138}",16,12.217594,4.072531,1.923899,0.629582,0.0,1.0,1.0,1.0,0.052511,0.53537,0,0.290925,0.290925,0.31622776601683794,0.0,0.0,0.0,,,,,
graph,100,0.0,forward,2,14,,,,,graph,"{'N': 100, 'noise': 0.0, 'dim': 'noise', 'direction': 'forward'}",C0,"['C1', 'C2']","['C3', 'C4', 'C5', 'C6', 'C7']","{'edges_fwd': 146, 'edges_bwd': 146, 'nodes': 114, 'edge_total': 146}",16,12.217594,4.072531,1.949442,0.604239,0.0,1.0,1.0,1.0,0.268312,0.473196,0,0.273245,0.273245,0.7745966692414834,0.0,0.0,0.0,,,,,
graph,100,0.0,forward,2,15,,,,,graph,"{'N': 100, 'noise': 0.0, 'dim': 'noise', 'direction': 'forward'}",C0,"['C1', 'C2']","['C3', 'C4', 'C5', 'C6', 'C7']","{'edges_fwd': 138, 'edges_bwd': 138, 'nodes': 114, 'edge_total': 138}",12,12.217594,4.072531,1.82846,0.570276,0.0,1.0,1.0,1.0,0.313647,,0,0.411357,0.411357,1.0,0.0,0.0,0.0,,,,,
graph,100,0.0,forward,2,16,,,,,graph,"{'N': 100, 'noise': 0.0, 'dim': 'noise', 'direction': 'forward'}",C0,"['C1', 'C2']","['C3', 'C4', 'C5', 'C6', 'C7']","{'edges_fwd': 144, 'edges_bwd': 144, 'nodes': 114, 'edge_total': 144}",15,12.217594,4.072531,1.913198,0.607487,0.0,1.0,1.0,1.0,0.330358,,0,0.337849,0.337849,1.0,0.0,0.0,0.0,,,,,
graph,100,0.0,forward,2,17,,,,,graph,"{'N': 100, 'noise': 0.0, 'dim': 'noise', 'direction': 'forward'}",C0,"['C1', 'C2']","['C3', 'C4', 'C5', 'C6', 'C7']","{'edges_fwd': 141, 'edges_bwd': 141, 'nodes': 114, 'edge_total': 141}",12,12.217594,4.072531,1.836868,0.563743,0.0,1.0,1.0,1.0,0.303916,,0,0.406491,0.406491,0.5,0.0,0.0,0.0,,,,,
graph,100,0.0,forward,2,18,,,,,graph,"{'N': 100, 'noise': 0.0, 'dim': 'noise', 'direction': 'forward'}",C0,"['C1', 'C2']","['C3', 'C4', 'C5', 'C6', 'C7']","{'edges_fwd': 144, 'edges_bwd': 144, 'nodes': 114, 'edge_total': 144}",12,12.217594,4.072531,1.817217,0.577389,0.0,1.0,1.0,1.0,0.28546,,0,0.397263,0.397263,0.8660254037844385,0.0,0.0,0.0,,,,,
graph,100,0.0,forward,2,19,,,,,graph,"{'N': 100, 'noise': 0.0, 'dim': 'noise', 'direction': 'forward'}",C0,"['C1', 'C2']","['C3', 'C4', 'C5', 'C6', 'C7']","{'edges_fwd': 137, 'edges_bwd': 137, 'nodes': 114, 'edge_total': 137}",16,12.217594,4.072531,1.943832,0.61239,0.0,1.0,1.0,1.0,0.281423,0.383172,0,0.308647,0.308647,0.31622776601683794,0.0,0.0,0.0,,,,,
graph,100,0.1,forward,2,0,,,,,graph,"{'N': 100, 'noise': 0.1, 'dim': 'noise', 'direction': 'forward'}",C0,"['C1', 'C2']","['C3', 'C4', 'C5', 'C6', 'C7']","{'edges_fwd': 145, 'edges_bwd': 145, 'nodes': 114, 'edge_total': 145}",18,12.217594,4.150853,1.934876,0.662724,0.0,1.0,1.0,1.0,0.29366,0.599216,0,0.3157,0.3157,0.3999999999999999,0.0,0.0,0.0,,,,,
graph,100,0.1,forward,2,1,,,,,graph,"{'N': 100, 'noise': 0.1, 'dim': 'noise', 'direction': 'forward'}",C0,"['C1', 'C2']","['C3', 'C4', 'C5', 'C6', 'C7']","{'edges_fwd': 150, 'edges_bwd': 150, 'nodes': 114, 'edge_total': 150}",12,12.217594,4.072531,1.83851,0.5613,0.0,1.0,1.0,1.0,0.278331,,0,0.393699,0.393699,0.5,0.0,0.0,0.0,,,,,
graph,100,0.1,forward,2,2,,,,,graph,"{'N': 100, 'noise': 0.1, 'dim': 'noise', 'direction': 'forward'}",C0,"['C1', 'C2']","['C3', 'C4', 'C5', 'C6', 'C7']","{'edges_fwd': 152, 'edges_bwd': 152, 'nodes': 114, 'edge_total': 152}",24,12.217594,4.26753,2.000585,0.711571,0.0,1.0,1.0,1.0,0.389997,0.479786,0,0.296064,0.296064,0.20519567041703082,0.0,0.0,0.0,,,,,
graph,100,0.1,forward,2,3,,,,,graph,"{'N': 100, 'noise': 0.1, 'dim': 'noise', 'direction': 'forward'}",C0,"['C1', 'C2']","['C3', 'C4', 'C5', 'C6', 'C7']","{'edges_fwd': 148, 'edges_bwd': 148, 'nodes': 114, 'edge_total': 148}",12,12.217594,4.072531,1.836215,0.564345,0.0,1.0,1.0,1.0,0.310213,,0,0.40964,0.40964,0.5,0.0,0.0,0.0,,,,,
graph,100,0.1,forward,2,4,,,,,graph,"{'N': 100, 'noise': 0.1, 'dim': 'noise', 'direction': 'forward'}",C0,"['C1', 'C2']","['C3', 'C4', 'C5', 'C6', 'C7']","{'edges_fwd': 163, 'edges_bwd': 163, 'nodes': 114, 'edge_total': 163}",15,12.217594,4.072531,1.924391,0.592108,0.0,0.5,0.0,1.0,-0.012735,,1,0.174021,0.174021,-0.5,0.0,0.0,0.0,,,,,
graph,100,0.1,forward,2,5,,,,,graph,"{'N': 100, 'noise': 0.1, 'dim': 'noise', 'direction': 'forward'}",C0,"['C1', 'C2']","['C3', 'C4', 'C5', 'C6', 'C7']","{'edges_fwd': 157, 'edges_bwd': 157, 'nodes': 114, 'edge_total': 157}",22,12.217594,4.072531,2.008812,0.695414,0.0,1.0,1.0,1.0,0.047064,0.416631,0,0.222957,0.222957,0.19999999999999996,0.0,0.0,0.0,,,,,
graph,100,0.1,forward,2,6,,,,,graph,"{'N': 100, 'noise': 0.1, 'dim': 'noise', 'direction': 'forward'}",C0,"['C1', 'C2']","['C3', 'C4', 'C5', 'C6', 'C7']","{'edges_fwd': 152, 'edges_bwd': 152, 'nodes': 114, 'edge_total': 152}",12,12.217594,4.072531,1.838613,0.560959,0.0,1.0,1.0,1.0,0.274754,,0,0.39191,0.39191,0.5,0.0,0.0,0.0,,,,,
graph,100,0.1,forward,2,7,,,,,graph,"{'N': 100, 'noise': 0.1, 'dim': 'noise', 'direction': 'forward'}",C0,"['C1', 'C2']","['C3', 'C4', 'C5', 'C6', 'C7']","{'edges_fwd': 159, 'edges_bwd': 159, 'nodes': 114, 'edge_total': 159}",13,12.217594,4.072531,1.860283,0.584966,0.0,1.0,1.0,1.0,0.509066,,0,0.425401,0.425401,0.5,0.0,0.0,0.0,,,,,
graph,100,0.1,forward,2,8,,,,,graph,"{'N': 100, 'noise': 0.1, 'dim': 'noise', 'direction': 'forward'}",C0,"['C1', 'C2']","['C3', 'C4', 'C5', 'C6', 'C7']","{'edges_fwd': 149, 'edges_bwd': 149, 'nodes': 114, 'edge_total': 149}",18,12.217594,4.091881,1.93811,0.662983,0.0,1.0,1.0,1.0,0.306082,0.536501,0,0.313477,0.313477,0.10540925533894598,0.0,0.0,0.0,,,,,
graph,100,0.1,forward,2,9,,,,,graph,"{'N': 100, 'noise': 0.1, 'dim': 'noise', 'direction': 'forward'}",C0,"['C1', 'C2']","['C3', 'C4', 'C5', 'C6', 'C7']","{'edges_fwd': 151, 'edges_bwd': 151, 'nodes': 114, 'edge_total': 151}",22,12.217594,4.072531,2.018494,0.68955,0.0,1.0,1.0,1.0,0.20833,0.511034,0,0.266048,0.266048,0.7999999999999998,0.0,0.0,0.0,,,,,
graph,100,0.1,forward,2,10,,,,,graph,"{'N': 100, 'noise': 0.1, 'dim': 'noise', 'direction': 'forward'}",C0,"['C1', 'C2']","['C3', 'C4', 'C5', 'C6', 'C7']","{'edges_fwd': 157, 'edges_bwd': 157, 'nodes': 114, 'edge_total': 157}",20,12.217594,4.167451,2.004321,0.64891,0.0,1.0,1.0,1.0,0.216002,0.228613,0,0.234177,0.234177,0.5270462766947298,0.0,0.0,0.0,,,,,
graph,100,0.1,forward,2,11,,,,,graph,"{'N': 100, 'noise': 0.1, 'dim': 'noise', 'direction': 'forward'}",C0,"['C1', 'C2']","['C3', 'C4', 'C5', 'C6', 'C7']","{'edges_fwd': 156, 'edges_bwd': 156, 'nodes': 114, 'edge_total': 156}",17,12.217594,4.072531,1.896493,0.668606,0.0,1.0,1.0,1.0,0.523233,0.785733,0,0.450759,0.450759,0.7745966692414834,0.0,0.0,0.0,,,,,
graph,100,0.1,forward,2,12,,,,,graph,"{'N': 100, 'noise': 0.1, 'dim': 'noise', 'direction': 'forward'}",C0,"['C1', 'C2']","['C3', 'C4', 'C5', 'C6', 'C7']","{'edges_fwd': 145, 'edges_bwd': 145, 'nodes': 114, 'edge_total': 145}",22,12.217594,4.125297,1.999398,0.698524,0.0,1.0,1.0,1.0,0.170123,0.457764,0,0.253853,0.253853,0.9486832980505138,0.0,0.0,0.0,,,,,
graph,100,0.1,forward,2,13,,,,,graph,"{'N': 100, 'noise': 0.1, 'dim': 'noise', 'direction': 'forward'}",C0,"['C1', 'C2']","['C3', 'C4', 'C5', 'C6', 'C7']","{'edges_fwd': 151, 'edges_bwd': 151, 'nodes': 114, 'edge_total': 151}",17,12.217594,4.187036,1.934574,0.631705,0.0,1.0,1.0,1.0,0.173616,0.420865,0,0.233673,0.233673,0.31622776601683794,0.0,0.0,0.0,,,,,
graph,100,0.1,forward,2,14,,,,,graph,"{'N': 100, 'noise': 0.1, 'dim': 'noise', 'direction': 'forward'}",C0,"['C1', 'C2']","['C3', 'C4', 'C5', 'C6', 'C7']","{'edges_fwd': 160, 'edges_bwd': 160, 'nodes': 114, 'edge_total': 160}",21,12.217594,4.072531,1.994044,0.689091,0.0,1.0,1.0,1.0,0.268312,0.514814,0,0.273245,0.273245,0.4472135954999579,0.0,0.0,0.0,,,,,
graph,100,0.1,forward,2,15,,,,,graph,"{'N': 100, 'noise': 0.1, 'dim': 'noise', 'direction': 'forward'}",C0,"['C1', 'C2']","['C3', 'C4', 'C5', 'C6', 'C7']","{'edges_fwd': 151, 'edges_bwd': 151, 'nodes': 114, 'edge_total': 151}",13,12.217594,4.072531,1.857342,0.588791,0.0,1.0,1.0,1.0,0.509066,,0,0.411357,0.411357,0.5,0.0,0.0,0.0,,,,,
graph,100,0.1,forward,2,16,,,,,graph,"{'N': 100, 'noise': 0.1, 'dim': 'noise', 'direction': 'forward'}",C0,"['C1', 'C2']","['C3', 'C4', 'C5', 'C6', 'C7']","{'edges_fwd': 158, 'edges_bwd': 158, 'nodes': 114, 'edge_total': 158}",16,12.217594,4.072531,1.93194,0.624875,0.0,1.0,1.0,1.0,0.330358,,0,0.337849,0.337849,1.0,0.0,0.0,0.0,,,,,
graph,100,0.1,forward,2,17,,,,,graph,"{'N': 100, 'noise': 0.1, 'dim': 'noise', 'direction': 'forward'}",C0,"['C1', 'C2']","['C3', 'C4', 'C5', 'C6', 'C7']","{'edges_fwd': 155, 'edges_bwd': 155, 'nodes': 114, 'edge_total': 155}",17,12.217594,4.072531,1.919561,0.663188,0.0,1.0,1.0,1.0,0.2074,,0,0.358233,0.358233,0.5,0.0,0.0,0.0,,,,,
graph,100,0.1,forward,2,18,,,,,graph,"{'N': 100, 'noise': 0.1, 'dim': 'noise', 'direction': 'forward'}",C0,"['C1', 'C2']","['C3', 'C4', 'C5', 'C6', 'C7']","{'edges_fwd': 157, 'edges_bwd': 157, 'nodes': 114, 'edge_total': 157}",19,12.217594,4.072531,1.913856,0.704263,0.0,1.0,1.0,1.0,0.28546,0.549669,0,0.360403,0.228548,0.9486832980505138,0.0,0.0,0.0,,,,,
graph,100,0.1,forward,2,19,,,,,graph,"{'N': 100, 'noise': 0.1, 'dim': 'noise', 'direction': 'forward'}",C0,"['C1', 'C2']","['C3', 'C4', 'C5', 'C6', 'C7']","{'edges_fwd': 149, 'edges_bwd': 149, 'nodes': 114, 'edge_total': 149}",18,12.217594,4.072531,1.961307,0.65166,0.0,1.0,1.0,1.0,0.281423,0.383172,0,0.308647,0.308647,0.6324555320336759,0.0,0.0,0.0,,,,,
graph,100,0.25,forward,2,0,,,,,graph,"{'N': 100, 'noise': 0.25, 'dim': 'noise', 'direction': 'forward'}",C0,"['C1', 'C2']","['C3', 'C4', 'C5', 'C6', 'C7']","{'edges_fwd': 165, 'edges_bwd': 165, 'nodes': 114, 'edge_total': 165}",21,12.217594,4.118911,1.953312,0.706169,0.0,1.0,1.0,1.0,0.29366,0.601766,0,0.3157,0.3157,0.22360679774997896,0.0,0.0,0.0,,,,,
graph,100,0.25,forward,2,1,,,,,graph,"{'N': 100, 'noise': 0.25, 'dim': 'noise', 'direction': 'forward'}",C0,"['C1', 'C2']","['C3', 'C4', 'C5', 'C6', 'C7']","{'edges_fwd': 171, 'edges_bwd': 171, 'nodes': 114, 'edge_total': 171}",12,12.217594,4.072531,1.83851,0.5613,0.0,1.0,1.0,1.0,0.278331,,0,0.393699,0.393699,0.5,0.0,0.0,0.0,,,,,
graph,100,0.25,forward,2,2,,,,,graph,"{'N': 100, 'noise': 0.25, 'dim': 'noise', 'direction': 'forward'}",C0,"['C1', 'C2']","['C3', 'C4', 'C5', 'C6', 'C7']","{'edges_fwd': 173, 'edges_bwd': 173, 'nodes': 114, 'edge_total': 173}",26,12.217594,4.26753,2.008435,0.731984,0.0,1.0,1.0,1.0,0.389997,0.479786,0,0.296064,0.296064,0.3162277660168379,0.0,0.0,0.0,,,,,
graph,100,0.25,forward,2,3,,,,,graph,"{'N': 100, 'noise': 0.25, 'dim': 'noise', 'direction': 'forward'}",C0,"['C1', 'C2']","['C3', 'C4', 'C5', 'C6', 'C7']","{'edges_fwd': 168, 'edges_bwd': 168, 'nodes': 114, 'edge_total': 168}",14,12.217594,4.072531,1.876601,0.607016,0.0,1.0,1.0,1.0,0.123839,,0,0.316453,0.316453,0.5,0.0,0.0,0.0,,,,,
graph,100,0.25,forward,2,4,,,,,graph,"{'N': 100, 'noise': 0.25, 'dim': 'noise', 'direction': 'forward'}",C0,"['C1', 'C2']","['C3', 'C4', 'C5', 'C6', 'C7']","{'edges_fwd': 186, 'edges_bwd': 186, 'nodes': 114, 'edge_total': 186}",15,12.217594,4.072531,1.930698,0.588687,0.0,1.0,1.0,1.0,0.012735,,0,0.174021,0.174021,0.8660254037844385,0.0,0.0,0.0,,,,,
graph,100,0.25,forward,2,5,,,,,graph,"{'N': 100, 'noise': 0.25, 'dim': 'noise', 'direction': 'forward'}",C0,"['C1', 'C2']","['C3', 'C4', 'C5', 'C6', 'C7']","{'edges_fwd': 178, 'edges_bwd': 178, 'nodes': 114, 'edge_total': 178}",26,12.217594,4.072531,2.046522,0.726238,0.0,0.33333,0.0,1.0,-0.175892,0.201898,2,0.111478,0.111478,-0.7999999999999998,0.0,0.0,0.0,,,,,
graph,100,0.25,forward,2,6,,,,,graph,"{'N': 100, 'noise': 0.25, 'dim': 'noise', 'direction': 'forward'}",C0,"['C1', 'C2']","['C3', 'C4', 'C5', 'C6', 'C7']","{'edges_fwd': 173, 'edges_bwd': 173, 'nodes': 114, 'edge_total': 173}",13,12.217594,4.072531,1.883082,0.559168,0.0,0.5,0.0,1.0,-0.117156,,1,0.195955,0.195955,-0.5,0.0,0.0,0.0,,,,,
graph,100,0.25,forward,2,7,,,,,graph,"{'N': 100, 'noise': 0.25, 'dim': 'noise', 'direction': 'forward'}",C0,"['C1', 'C2']","['C3', 'C4', 'C5', 'C6', 'C7']","{'edges_fwd': 181, 'edges_bwd': 181, 'nodes': 114, 'edge_total': 181}",21,12.217594,4.072531,1.949255,0.716791,0.0,1.0,1.0,1.0,0.315787,,0,0.356059,0.356059,1.0,0.0,0.0,0.0,,,,,
graph,100,0.25,forward,2,8,,,,,graph,"{'N': 100, 'noise': 0.25, 'dim': 'noise', 'direction': 'forward'}",C0,"['C1', 'C2']","['C3', 'C4', 'C5', 'C6', 'C7']","{'edges_fwd': 169, 'edges_bwd': 169, 'nodes': 114, 'edge_total': 169}",23,12.217594,4.091881,1.997594,0.716799,0.0,1.0,1.0,1.0,0.163509,0.379137,0,0.234795,0.234795,0.1543033499620919,0.0,0.0,0.0,,,,,
graph,100,0.25,forward,2,9,,,,,graph,"{'N': 100, 'noise': 0.25, 'dim': 'noise', 'direction': 'forward'}",C0,"['C1', 'C2']","['C3', 'C4', 'C5', 'C6', 'C7']","{'edges_fwd': 172, 'edges_bwd': 172, 'nodes': 114, 'edge_total': 172}",27,12.217594,4.072531,2.073081,0.722286,0.0,1.0,1.0,1.0,0.020433,0.323137,0,0.172099,0.172099,0.7999999999999998,0.0,0.0,0.0,,,,,
graph,100,0.25,forward,2,10,,,,,graph,"{'N': 100, 'noise': 0.25, 'dim': 'noise', 'direction': 'forward'}",C0,"['C1', 'C2']","['C3', 'C4', 'C5', 'C6', 'C7']","{'edges_fwd': 178, 'edges_bwd': 178, 'nodes': 114, 'edge_total': 178}",26,12.217594,4.187008,2.050338,0.713065,0.0,1.0,1.0,1.0,0.360813,0.401322,0,0.289959,0.289959,0.5270462766947298,0.0,0.0,0.0,,,,,
graph,100,0.25,forward,2,11,,,,,graph,"{'N': 100, 'noise': 0.25, 'dim': 'noise', 'direction': 'forward'}",C0,"['C1', 'C2']","['C3', 'C4', 'C5', 'C6', 'C7']","{'edges_fwd': 176, 'edges_bwd': 176, 'nodes': 114, 'edge_total': 176}",18,12.217594,4.072531,1.898388,0.686862,0.0,1.0,1.0,1.0,0.523233,0.785733,0,0.450759,0.450759,0.7745966692414834,0.0,0.0,0.0,,,,,
graph,100,0.25,forward,2,12,,,,,graph,"{'N': 100, 'noise': 0.25, 'dim': 'noise', 'direction': 'forward'}",C0,"['C1', 'C2']","['C3', 'C4', 'C5', 'C6', 'C7']","{'edges_fwd': 165, 'edges_bwd': 165, 'nodes': 114, 'edge_total': 165}",27,12.217594,4.100776,2.074737,0.720237,0.0,1.0,1.0,1.0,0.137967,0.256816,0,0.153379,0.153379,0.9486832980505138,0.0,0.0,0.0,,,,,
graph,100,0.25,forward,2,13,,,,,graph,"{'N': 100, 'noise': 0.25, 'dim': 'noise', 'direction': 'forward'}",C0,"['C1', 'C2']","['C3', 'C4', 'C5', 'C6', 'C7']","{'edges_fwd': 172, 'edges_bwd': 172, 'nodes': 114, 'edge_total': 172}",17,12.217594,4.187036,1.934574,0.631705,0.0,1.0,1.0,1.0,0.173616,0.420865,0,0.233673,0.233673,0.7745966692414834,0.0,0.0,0.0,,,,,
graph,100,0.25,forward,2,14,,,,,graph,"{'N': 100, 'noise': 0.25, 'dim': 'noise', 'direction': 'forward'}",C0,"['C1', 'C2']","['C3', 'C4', 'C5', 'C6', 'C7']","{'edges_fwd': 182, 'edges_bwd': 182, 'nodes': 114, 'edge_total': 182}",28,12.217594,4.072531,2.095999,0.717628,0.0,1.0,1.0,1.0,0.028735,0.207901,0,0.119789,0.119789,0.5070925528371099,0.0,0.0,0.0,,,,,
graph,100,0.25,forward,2,15,,,,,graph,"{'N': 100, 'noise': 0.25, 'dim': 'noise', 'direction': 'forward'}",C0,"['C1', 'C2']","['C3', 'C4', 'C5', 'C6', 'C7']","{'edges_fwd': 172, 'edges_bwd': 172, 'nodes': 114, 'edge_total': 172}",17,12.217594,4.072531,1.943257,0.646025,0.0,1.0,1.0,1.0,0.299401,,0,0.276967,0.276967,1.0,0.0,0.0,0.0,,,,,
graph,100,0.25,forward,2,16,,,,,graph,"{'N': 100, 'noise': 0.25, 'dim': 'noise', 'direction': 'forward'}",C0,"['C1', 'C2']","['C3', 'C4', 'C5', 'C6', 'C7']","{'edges_fwd': 180, 'edges_bwd': 180, 'nodes': 114, 'edge_total': 180}",19,12.217594,4.072531,1.96059,0.67359,0.0,1.0,1.0,1.0,0.330358,,0,0.337849,0.337849,1.0,0.0,0.0,0.0,,,,,
graph,100,0.25,forward,2,17,,,,,graph,"{'N': 100, 'noise': 0.25, 'dim': 'noise', 'direction': 'forward'}",C0,"['C1', 'C2']","['C3', 'C4', 'C5', 'C6', 'C7']","{'edges_fwd': 176, 'edges_bwd': 176, 'nodes': 114, 'edge_total': 176}",20,12.217594,4.072531,1.934826,0.70948,0.0,1.0,1.0,1.0,0.313932,,0,0.411499,0.411499,0.5,0.0,0.0,0.0,,,,,
graph,100,0.25,forward,2,18,,,,,graph,"{'N': 100, 'noise': 0.25, 'dim': 'noise', 'direction': 'forward'}",C0,"['C1', 'C2']","['C3', 'C4', 'C5', 'C6', 'C7']","{'edges_fwd': 178, 'edges_bwd': 178, 'nodes': 114, 'edge_total': 178}",21,12.217594,4.072531,1.924539,0.729026,0.0,1.0,1.0,1.0,0.28546,0.549669,0,0.360403,0.228548,0.9486832980505138,0.0,0.0,0.0,,,,,
graph,100,0.25,forward,2,19,,,,,graph,"{'N': 100, 'noise': 0.25, 'dim': 'noise', 'direction': 'forward'}",C0,"['C1', 'C2']","['C3', 'C4', 'C5', 'C6', 'C7']","{'edges_fwd': 170, 'edges_bwd': 170, 'nodes': 114, 'edge_total': 170}",22,12.217594,4.072531,2.010028,0.695793,0.0,1.0,1.0,1.0,0.444887,0.455876,0,0.308647,0.308647,0.6324555320336759,0.0,0.0,0.0,,,,,
graph,100,0.5,forward,2,0,,,,,graph,"{'N': 100, 'noise': 0.5, 'dim': 'noise', 'direction': 'forward'}",C0,"['C1', 'C2']","['C3', 'C4', 'C5', 'C6', 'C7']","{'edges_fwd': 198, 'edges_bwd': 198, 'nodes': 114, 'edge_total': 198}",26,12.217594,4.105377,1.992924,0.751148,0.0,1.0,1.0,1.0,0.29366,0.594367,0,0.3157,0.3157,0.1543033499620919,0.0,0.0,0.0,,,,,
graph,100,0.5,forward,2,1,,,,,graph,"{'N': 100, 'noise': 0.5, 'dim': 'noise', 'direction': 'forward'}",C0,"['C1', 'C2']","['C3', 'C4', 'C5', 'C6', 'C7']","{'edges_fwd': 205, 'edges_bwd': 205, 'nodes': 114, 'edge_total': 205}",18,12.217594,4.072531,1.934496,0.674739,0.0,1.0,1.0,1.0,0.375294,,0,0.317723,0.317723,0.8660254037844385,0.0,0.0,0.0,,,,,
graph,100,0.5,forward,2,2,,,,,graph,"{'N': 100, 'noise': 0.5, 'dim': 'noise', 'direction': 'forward'}",C0,"['C1', 'C2']","['C3', 'C4', 'C5', 'C6', 'C7']","{'edges_fwd': 208, 'edges_bwd': 208, 'nodes': 114, 'edge_total': 208}",37,12.217594,4.143837,2.073861,0.795947,0.0,1.0,1.0,1.0,0.484946,0.630485,0,0.343538,0.343538,0.6210590034081188,0.0,0.0,0.0,,,,,
graph,100,0.5,forward,2,3,,,,,graph,"{'N': 100, 'noise': 0.5, 'dim': 'noise', 'direction': 'forward'}",C0,"['C1', 'C2']","['C3', 'C4', 'C5', 'C6', 'C7']","{'edges_fwd': 202, 'edges_bwd': 202, 'nodes': 114, 'edge_total': 202}",23,12.217594,4.072531,1.99528,0.717847,0.0,1.0,1.0,1.0,0.006239,0.293932,0,0.158226,0.158226,0.9486832980505138,0.0,0.0,0.0,,,,,
graph,100,0.5,forward,2,4,,,,,graph,"{'N': 100, 'noise': 0.5, 'dim': 'noise', 'direction': 'forward'}",C0,"['C1', 'C2']","['C3', 'C4', 'C5', 'C6', 'C7']","{'edges_fwd': 223, 'edges_bwd': 223, 'nodes': 114, 'edge_total': 223}",33,12.217594,4.103045,2.119597,0.74833,0.0,0.5,0.0,1.0,-0.100385,0.148763,1,0.085772,0.085772,-0.4472135954999579,0.0,0.0,0.0,,,,,
graph,100,0.5,forward,2,5,,,,,graph,"{'N': 100, 'noise': 0.5, 'dim': 'noise', 'direction': 'forward'}",C0,"['C1', 'C2']","['C3', 'C4', 'C5', 'C6', 'C7']","{'edges_fwd': 214, 'edges_bwd': 214, 'nodes': 114, 'edge_total': 214}",40,12.217594,4.072531,2.162154,0.779938,0.0,0.5,0.0,1.0,-0.171525,0.072908,1,0.058787,0.058787,-0.05270462766947299,0.0,0.0,0.0,,,,,
graph,100,0.5,forward,2,6,,,,,graph,"{'N': 100, 'noise': 0.5, 'dim': 'noise', 'direction': 'forward'}",C0,"['C1', 'C2']","['C3', 'C4', 'C5', 'C6', 'C7']","{'edges_fwd': 207, 'edges_bwd': 207, 'nodes': 114, 'edge_total': 207}",14,12.217594,4.072531,1.911963,0.570768,0.0,1.0,1.0,1.0,0.117156,,0,0.195955,0.195955,1.0,0.0,0.0,0.0,,,,,
graph,100,0.5,forward,2,7,,,,,graph,"{'N': 100, 'noise': 0.5, 'dim': 'noise', 'direction': 'forward'}",C0,"['C1', 'C2']","['C3', 'C4', 'C5', 'C6', 'C7']","{'edges_fwd': 217, 'edges_bwd': 217, 'nodes': 114, 'edge_total': 217}",24,12.217594,4.072531,1.984161,0.738401,0.0,1.0,1.0,1.0,0.486655,,0,0.356059,0.356059,1.0,0.0,0.0,0.0,,,,,
graph,100,0.5,forward,2,8,,,,,graph,"{'N': 100, 'noise': 0.5, 'dim': 'noise', 'direction': 'forward'}",C0,"['C1', 'C2']","['C3', 'C4', 'C5', 'C6', 'C7']","{'edges_fwd': 203, 'edges_bwd': 203, 'nodes': 114, 'edge_total': 203}",28,12.217594,4.082705,2.045264,0.748488,0.0,0.5,0.0,1.0,-0.071286,0.187238,1,0.117398,0.117398,0.08827348295047496,0.0,0.0,0.0,,,,,
graph,100,0.5,forward,2,9,,,,,graph,"{'N': 100, 'noise': 0.5, 'dim': 'noise', 'direction': 'forward'}",C0,"['C1', 'C2']","['C3', 'C4', 'C5', 'C6', 'C7']","{'edges_fwd': 206, 'edges_bwd': 206, 'nodes': 114, 'edge_total': 206}",33,12.217594,4.072531,2.105045,0.762405,0.0,1.0,1.0,1.0,0.103567,0.328459,0,0.172099,0.172099,0.9486832980505138,0.0,0.0,0.0,,,,,
graph,100,0.5,forward,2,10,,,,,graph,"{'N': 100, 'noise': 0.5, 'dim': 'noise', 'direction': 'forward'}",C0,"['C1', 'C2']","['C3', 'C4', 'C5', 'C6', 'C7']","{'edges_fwd': 214, 'edges_bwd': 214, 'nodes': 114, 'edge_total': 214}",36,12.217594,4.194927,2.108103,0.772183,0.0,1.0,1.0,1.0,0.297504,0.364086,0,0.226692,0.226692,0.5270462766947298,0.0,0.0,0.0,,,,,
graph,100,0.5,forward,2,11,,,,,graph,"{'N': 100, 'noise': 0.5, 'dim': 'noise', 'direction': 'forward'}",C0,"['C1', 'C2']","['C3', 'C4', 'C5', 'C6', 'C7']","{'edges_fwd': 212, 'edges_bwd': 212, 'nodes': 114, 'edge_total': 212}",30,12.217594,4.095013,2.043163,0.764728,0.0,1.0,1.0,1.0,0.029409,0.342667,0,0.203848,0.203848,0.7745966692414834,0.0,0.0,0.0,,,,,
graph,100,0.5,forward,2,12,,,,,graph,"{'N': 100, 'noise': 0.5, 'dim': 'noise', 'direction': 'forward'}",C0,"['C1', 'C2']","['C3', 'C4', 'C5', 'C6', 'C7']","{'edges_fwd': 198, 'edges_bwd': 198, 'nodes': 114, 'edge_total': 198}",33,12.217594,4.090126,2.11956,0.752142,0.0,0.5,0.0,1.0,-0.026991,0.132984,1,0.091463,0.091463,0.8720815992723809,0.0,0.0,0.0,,,,,
graph,100,0.5,forward,2,13,,,,,graph,"{'N': 100, 'noise': 0.5, 'dim': 'noise', 'direction': 'forward'}",C0,"['C1', 'C2']","['C3', 'C4', 'C5', 'C6', 'C7']","{'edges_fwd': 207, 'edges_bwd': 207, 'nodes': 114, 'edge_total': 207}",17,12.217594,4.300117,1.906552,0.64491,0.0,1.0,1.0,1.0,0.173616,0.420865,0,0.233673,0.233673,0.7745966692414834,0.0,0.0,1.0,,,,,
graph,100,0.5,forward,2,14,,,,,graph,"{'N': 100, 'noise': 0.5, 'dim': 'noise', 'direction': 'forward'}",C0,"['C1', 'C2']","['C3', 'C4', 'C5', 'C6', 'C7']","{'edges_fwd': 219, 'edges_bwd': 219, 'nodes': 114, 'edge_total': 219}",39,12.217594,4.072531,2.166212,0.771446,0.0,1.0,1.0,1.0,0.024751,0.149858,0,0.102016,0.102016,0.23145502494313785,0.0,0.0,0.0,,,,,
graph,100,0.5,forward,2,15,,,,,graph,"{'N': 100, 'noise': 0.5, 'dim': 'noise', 'direction': 'forward'}",C0,"['C1', 'C2']","['C3', 'C4', 'C5', 'C6', 'C7']","{'edges_fwd': 207, 'edges_bwd': 207, 'nodes': 114, 'edge_total': 207}",19,12.217594,4.072531,1.975809,0.666734,0.0,1.0,1.0,1.0,0.210389,,0,0.232461,0.232461,0.0,0.0,0.0,0.0,,,,,
graph,100,0.5,forward,2,16,,,,,graph,"{'N': 100, 'noise': 0.5, 'dim': 'noise', 'direction': 'forward'}",C0,"['C1', 'C2']","['C3', 'C4', 'C5', 'C6', 'C7']","{'edges_fwd': 215, 'edges_bwd': 215, 'nodes': 114, 'edge_total': 215}",24,12.217594,4.226158,1.993686,0.71844,0.0,1.0,1.0,1.0,0.17267,,0,0.168925,0.168925,0.0,0.0,0.0,0.0,,,,,
graph,100,0.5,forward,2,17,,,,,graph,"{'N': 100, 'noise': 0.5, 'dim': 'noise', 'direction': 'forward'}",C0,"['C1', 'C2']","['C3', 'C4', 'C5', 'C6', 'C7']","{'edges_fwd': 211, 'edges_bwd': 211, 'nodes': 114, 'edge_total': 211}",23,12.217594,4.072531,1.992828,0.722144,0.0,0.5,0.0,1.0,-0.125896,,1,0.191585,0.191585,0.5,0.0,0.0,0.0,,,,,
graph,100,0.5,forward,2,18,,,,,graph,"{'N': 100, 'noise': 0.5, 'dim': 'noise', 'direction': 'forward'}",C0,"['C1', 'C2']","['C3', 'C4', 'C5', 'C6', 'C7']","{'edges_fwd': 214, 'edges_bwd': 214, 'nodes': 114, 'edge_total': 214}",24,12.217594,4.072531,1.976938,0.742313,0.0,1.0,1.0,1.0,0.257817,0.431822,0,0.277013,0.192345,0.9486832980505138,0.0,0.0,0.0,,,,,
graph,100,0.5,forward,2,19,,,,,graph,"{'N': 100, 'noise': 0.5, 'dim': 'noise', 'direction': 'forward'}",C0,"['C1', 'C2']","['C3', 'C4', 'C5', 'C6', 'C7']","{'edges_fwd': 203, 'edges_bwd': 203, 'nodes': 114, 'edge_total': 203}",32,12.217594,4.072531,2.121936,0.743767,0.0,1.0,1.0,1.0,0.157534,0.122398,0,0.139747,0.139747,0.3590924232298039,0.0,0.0,0.0,,,,,
graph,100,0.75,forward,2,0,,,,,graph,"{'N': 100, 'noise': 0.75, 'dim': 'noise', 'direction': 'forward'}",C0,"['C1', 'C2']","['C3', 'C4', 'C5', 'C6', 'C7']","{'edges_fwd': 231, 'edges_bwd': 231, 'nodes': 114, 'edge_total': 231}",30,12.217594,4.096991,2.025465,0.773902,0.0,1.0,1.0,1.0,0.457842,0.559547,0,0.323231,0.323231,0.3086066999241838,0.0,0.0,0.0,,,,,
graph,100,0.75,forward,2,1,,,,,graph,"{'N': 100, 'noise': 0.75, 'dim': 'noise', 'direction': 'forward'}",C0,"['C1', 'C2']","['C3', 'C4', 'C5', 'C6', 'C7']","{'edges_fwd': 238, 'edges_bwd': 238, 'nodes': 114, 'edge_total': 238}",21,12.217594,4.072531,1.990722,0.693826,0.0,1.0,1.0,1.0,0.047112,,0,0.127283,0.127283,0.8660254037844385,0.0,0.0,0.0,,,,,
graph,100,0.75,forward,2,2,,,,,graph,"{'N': 100, 'noise': 0.75, 'dim': 'noise', 'direction': 'forward'}",C0,"['C1', 'C2']","['C3', 'C4', 'C5', 'C6', 'C7']","{'edges_fwd': 243, 'edges_bwd': 243, 'nodes': 114, 'edge_total': 243}",42,12.217594,4.096446,2.137482,0.800001,0.0,1.0,1.0,1.0,0.141407,0.300963,0,0.171769,0.171769,0.6210590034081188,0.0,0.0,0.0,,,,,
graph,100,0.75,forward,2,3,,,,,graph,"{'N': 100, 'noise': 0.75, 'dim': 'noise', 'direction': 'forward'}",C0,"['C1', 'C2']","['C3', 'C4', 'C5', 'C6', 'C7']","{'edges_fwd': 235, 'edges_bwd': 235, 'nodes': 114, 'edge_total': 235}",49,12.217594,4.072531,2.220437,0.795749,0.0,0.33333,0.0,1.0,-0.218493,0.070741,2,0.045432,0.045432,0.7745966692414834,0.0,0.0,0.0,,,,,
graph,100,0.75,forward,2,4,,,,,graph,"{'N': 100, 'noise': 0.75, 'dim': 'noise', 'direction': 'forward'}",C0,"['C1', 'C2']","['C3', 'C4', 'C5', 'C6', 'C7']","{'edges_fwd': 260, 'edges_bwd': 260, 'nodes': 114, 'edge_total': 260}",47,12.217594,4.080744,2.190635,0.800768,0.0,1.0,1.0,1.0,0.083005,0.17603,0,0.099405,0.099405,0.0,0.0,0.0,0.0,,,,,
graph,100,0.75,forward,2,5,,,,,graph,"{'N': 100, 'noise': 0.75, 'dim': 'noise', 'direction': 'forward'}",C0,"['C1', 'C2']","['C3', 'C4', 'C5', 'C6', 'C7']","{'edges_fwd': 249, 'edges_bwd': 249, 'nodes': 114, 'edge_total': 249}",50,12.217594,4.072531,2.211753,0.804954,0.0,0.33333,0.0,1.0,-0.204041,0.067738,2,0.050914,0.050914,-0.21081851067789195,0.0,0.0,0.0,,,,,
graph,100,0.75,forward,2,6,,,,,graph,"{'N': 100, 'noise': 0.75, 'dim': 'noise', 'direction': 'forward'}",C0,"['C1', 'C2']","['C3', 'C4', 'C5', 'C6', 'C7']","{'edges_fwd': 241, 'edges_bwd': 241, 'nodes': 114, 'edge_total': 241}",22,12.217594,4.072531,1.989769,0.708208,0.0,1.0,1.0,1.0,0.117156,0.288391,0,0.195955,0.195955,0.9486832980505138,0.0,0.0,0.0,,,,,
graph,100,0.75,forward,2,7,,,,,graph,"{'N': 100, 'noise': 0.75, 'dim': 'noise', 'direction': 'forward'}",C0,"['C1', 'C2']","['C3', 'C4', 'C5', 'C6', 'C7']","{'edges_fwd': 252, 'edges_bwd': 252, 'nodes': 114, 'edge_total': 252}",43,12.217594,4.072531,2.123659,0.812129,0.0,1.0,1.0,1.0,0.153086,0.275359,0,0.161565,0.161565,0.3380617018914066,0.0,0.0,0.0,,,,,
graph,100,0.75,forward,2,8,,,,,graph,"{'N': 100, 'noise': 0.75, 'dim': 'noise', 'direction': 'forward'}",C0,"['C1', 'C2']","['C3', 'C4', 'C5', 'C6', 'C7']","{'edges_fwd': 237, 'edges_bwd': 237, 'nodes': 114, 'edge_total': 237}",37,12.217594,4.082705,2.127463,0.778331,0.0,0.33333,0.0,1.0,-0.023945,-0.147858,2,0.10546,0.10546,0.11572751247156893,0.0,0.0,0.0,,,,,
graph,100,0.75,forward,2,9,,,,,graph,"{'N': 100, 'noise': 0.75, 'dim': 'noise', 'direction': 'forward'}",C0,"['C1', 'C2']","['C3', 'C4', 'C5', 'C6', 'C7']","{'edges_fwd': 240, 'edges_bwd': 240, 'nodes': 114, 'edge_total': 240}",36,12.217594,4.072531,2.113785,0.779238,0.0,1.0,1.0,1.0,0.116966,0.332886,0,0.172099,0.172099,0.9486832980505138,0.0,0.0,0.0,,,,,
graph,100,0.75,forward,2,10,,,,,graph,"{'N': 100, 'noise': 0.75, 'dim': 'noise', 'direction': 'forward'}",C0,"['C1', 'C2']","['C3', 'C4', 'C5', 'C6', 'C7']","{'edges_fwd': 250, 'edges_bwd': 250, 'nodes': 114, 'edge_total': 250}",46,12.217594,4.194927,2.159333,0.799094,0.0,1.0,1.0,1.0,0.145046,0.204229,0,0.146763,0.146763,0.4472135954999579,0.0,0.0,0.0,,,,,
graph,100,0.75,forward,2,11,,,,,graph,"{'N': 100, 'noise': 0.75, 'dim': 'noise', 'direction': 'forward'}",C0,"['C1', 'C2']","['C3', 'C4', 'C5', 'C6', 'C7']","{'edges_fwd': 247, 'edges_bwd': 247, 'nodes': 114, 'edge_total': 247}",37,12.217594,4.089819,2.11245,0.783153,0.0,1.0,1.0,1.0,0.190106,0.329244,0,0.189625,0.189625,0.7745966692414834,0.0,0.0,0.0,,,,,
graph,100,0.75,forward,2,12,,,,,graph,"{'N': 100, 'noise': 0.75, 'dim': 'noise', 'direction': 'forward'}",C0,"['C1', 'C2']","['C3', 'C4', 'C5', 'C6', 'C7']","{'edges_fwd': 231, 'edges_bwd': 231, 'nodes': 114, 'edge_total': 231}",44,12.217594,4.087258,2.198717,0.779259,0.0,0.5,0.0,1.0,-0.009904,0.103661,1,0.072319,0.072319,0.8443565629465052,0.0,0.0,0.0,,,,,
graph,100,0.75,forward,2,13,,,,,graph,"{'N': 100, 'noise': 0.75, 'dim': 'noise', 'direction': 'forward'}",C0,"['C1', 'C2']","['C3', 'C4', 'C5', 'C6', 'C7']","{'edges_fwd': 241, 'edges_bwd': 241, 'nodes': 114, 'edge_total': 241}",18,12.217594,4.300117,1.905472,0.668786,0.0,1.0,1.0,1.0,0.116868,0.430668,0,0.233673,0.233673,0.9486832980505138,0.0,0.0,1.0,,,,,
graph,100,0.75,forward,2,14,,,,,graph,"{'N': 100, 'noise': 0.75, 'dim': 'noise', 'direction': 'forward'}",C0,"['C1', 'C2']","['C3', 'C4', 'C5', 'C6', 'C7']","{'edges_fwd': 255, 'edges_bwd': 255, 'nodes': 114, 'edge_total': 255}",45,12.217594,4.072531,2.180789,0.796457,0.0,1.0,1.0,1.0,0.024751,0.149858,0,0.102016,0.102016,0.8017837257372732,0.0,0.0,0.0,,,,,
graph,100,0.75,forward,2,15,,,,,graph,"{'N': 100, 'noise': 0.75, 'dim': 'noise', 'direction': 'forward'}",C0,"['C1', 'C2']","['C3', 'C4', 'C5', 'C6', 'C7']","{'edges_fwd': 241, 'edges_bwd': 241, 'nodes': 114, 'edge_total': 241}",24,12.217594,4.072531,2.037429,0.708577,0.0,0.33333,0.0,1.0,-0.106762,,2,0.073885,0.073885,-0.8660254037844385,0.0,0.0,0.0,,,,,
graph,100,0.75,forward,2,16,,,,,graph,"{'N': 100, 'noise': 0.75, 'dim': 'noise', 'direction': 'forward'}",C0,"['C1', 'C2']","['C3', 'C4', 'C5', 'C6', 'C7']","{'edges_fwd': 250, 'edges_bwd': 250, 'nodes': 114, 'edge_total': 250}",36,12.217594,4.171359,2.118158,0.768708,0.0,1.0,1.0,1.0,0.029741,0.130362,0,0.09746,0.09746,0.05270462766947299,0.0,0.0,0.0,,,,,
graph,100,0.75,forward,2,17,,,,,graph,"{'N': 100, 'noise': 0.75, 'dim': 'noise', 'direction': 'forward'}",C0,"['C1', 'C2']","['C3', 'C4', 'C5', 'C6', 'C7']","{'edges_fwd': 246, 'edges_bwd': 246, 'nodes': 114, 'edge_total': 246}",36,12.217594,4.072531,2.148344,0.761114,0.0,0.5,0.0,1.0,-0.056774,0.187527,1,0.113173,0.113173,0.5797509043642028,0.0,0.0,0.0,,,,,
graph,100,0.75,forward,2,18,,,,,graph,"{'N': 100, 'noise': 0.75, 'dim': 'noise', 'direction': 'forward'}",C0,"['C1', 'C2']","['C3', 'C4', 'C5', 'C6', 'C7']","{'edges_fwd': 250, 'edges_bwd': 250, 'nodes': 114, 'edge_total': 250}",31,12.217594,4.106982,2.050202,0.769889,0.0,1.0,1.0,1.0,0.043084,0.18498,0,0.139934,0.074192,0.8944271909999159,0.0,0.0,0.0,,,,,
graph,100,0.75,forward,2,19,,,,,graph,"{'N': 100, 'noise': 0.75, 'dim': 'noise', 'direction': 'forward'}",C0,"['C1', 'C2']","['C3', 'C4', 'C5', 'C6', 'C7']","{'edges_fwd': 236, 'edges_bwd': 236, 'nodes': 114, 'edge_total': 236}",41,12.217594,4.072531,2.165113,0.784293,0.0,1.0,1.0,1.0,0.109793,0.11789,0,0.115876,0.115876,0.5270462766947298,0.0,0.0,0.0,,,,,
graph,100,0.9,forward,2,0,,,,,graph,"{'N': 100, 'noise': 0.9, 'dim': 'noise', 'direction': 'forward'}",C0,"['C1', 'C2']","['C3', 'C4', 'C5', 'C6', 'C7']","{'edges_fwd': 250, 'edges_bwd': 250, 'nodes': 114, 'edge_total': 250}",37,12.217594,4.116848,2.082388,0.794177,0.0,1.0,1.0,1.0,0.259329,0.366334,0,0.223974,0.223974,0.3086066999241838,0.0,0.0,0.0,,,,,
graph,100,0.9,forward,2,1,,,,,graph,"{'N': 100, 'noise': 0.9, 'dim': 'noise', 'direction': 'forward'}",C0,"['C1', 'C2']","['C3', 'C4', 'C5', 'C6', 'C7']","{'edges_fwd': 259, 'edges_bwd': 259, 'nodes': 114, 'edge_total': 259}",23,12.217594,4.072531,2.007525,0.713566,0.0,1.0,1.0,1.0,0.047112,,0,0.127283,0.127283,0.8660254037844385,0.0,0.0,0.0,,,,,
graph,100,0.9,forward,2,2,,,,,graph,"{'N': 100, 'noise': 0.9, 'dim': 'noise', 'direction': 'forward'}",C0,"['C1', 'C2']","['C3', 'C4', 'C5', 'C6', 'C7']","{'edges_fwd': 263, 'edges_bwd': 263, 'nodes': 114, 'edge_total': 263}",46,12.217594,4.129965,2.131808,0.81769,0.0,1.0,1.0,1.0,0.151708,0.341111,0,0.17692,0.17692,0.6210590034081188,0.0,0.0,0.0,,,,,
graph,100,0.9,forward,2,3,,,,,graph,"{'N': 100, 'noise': 0.9, 'dim': 'noise', 'direction': 'forward'}",C0,"['C1', 'C2']","['C3', 'C4', 'C5', 'C6', 'C7']","{'edges_fwd': 255, 'edges_bwd': 255, 'nodes': 114, 'edge_total': 255}",55,12.217594,4.223741,2.192318,0.81538,0.0,0.5,0.0,1.0,-0.227959,0.065937,1,0.040699,0.040699,0.7745966692414834,0.0,0.0,0.0,,,,,
graph,100,0.9,forward,2,4,,,,,graph,"{'N': 100, 'noise': 0.9, 'dim': 'noise', 'direction': 'forward'}",C0,"['C1', 'C2']","['C3', 'C4', 'C5', 'C6', 'C7']","{'edges_fwd': 282, 'edges_bwd': 282, 'nodes': 114, 'edge_total': 282}",58,12.217594,4.106888,2.22424,0.82392,0.0,1.0,1.0,1.0,0.070683,0.167089,0,0.093244,0.093244,0.6172133998483676,0.0,0.0,1.0,,,,,
graph,100,0.9,forward,2,5,,,,,graph,"{'N': 100, 'noise': 0.9, 'dim': 'noise', 'direction': 'forward'}",C0,"['C1', 'C2']","['C3', 'C4', 'C5', 'C6', 'C7']","{'edges_fwd': 270, 'edges_bwd': 270, 'nodes': 114, 'edge_total': 270}",53,12.217594,4.072531,2.235292,0.805397,0.0,0.5,0.0,1.0,-0.051106,0.046532,1,0.050914,0.050914,0.6708203932499368,0.0,0.0,0.0,,,,,
graph,100,0.9,forward,2,6,,,,,graph,"{'N': 100, 'noise': 0.9, 'dim': 'noise', 'direction': 'forward'}",C0,"['C1', 'C2']","['C3', 'C4', 'C5', 'C6', 'C7']","{'edges_fwd': 262, 'edges_bwd': 262, 'nodes': 114, 'edge_total': 262}",38,12.217594,4.072531,2.117269,0.786369,0.0,1.0,1.0,1.0,0.129117,0.162975,0,0.133247,0.133247,0.4008918628686366,0.0,0.0,0.0,,,,,
graph,100,0.9,forward,2,7,,,,,graph,"{'N': 100, 'noise': 0.9, 'dim': 'noise', 'direction': 'forward'}",C0,"['C1', 'C2']","['C3', 'C4', 'C5', 'C6', 'C7']","{'edges_fwd': 274, 'edges_bwd': 274, 'nodes': 114, 'edge_total': 274}",48,12.217594,4.072531,2.16991,0.813359,0.0,1.0,1.0,1.0,0.07578,0.211558,0,0.122912,0.122912,0.3380617018914066,0.0,0.0,0.0,,,,,
graph,100,0.9,forward,2,8,,,,,graph,"{'N': 100, 'noise': 0.9, 'dim': 'noise', 'direction': 'forward'}",C0,"['C1', 'C2']","['C3', 'C4', 'C5', 'C6', 'C7']","{'edges_fwd': 257, 'edges_bwd': 257, 'nodes': 114, 'edge_total': 257}",40,12.217594,4.082705,2.134254,0.792783,0.0,0.33333,0.0,1.0,-0.033987,-0.1579,2,0.100439,0.100439,0.11572751247156893,0.0,0.0,0.0,,,,,
graph,100,0.9,forward,2,9,,,,,graph,"{'N': 100, 'noise': 0.9, 'dim': 'noise', 'direction': 'forward'}",C0,"['C1', 'C2']","['C3', 'C4', 'C5', 'C6', 'C7']","{'edges_fwd': 261, 'edges_bwd': 261, 'nodes': 114, 'edge_total': 261}",36,12.217594,4.167955,2.082836,0.786755,0.0,1.0,1.0,1.0,0.169402,0.332886,0,0.172099,0.172099,0.9486832980505138,0.0,0.0,0.0,,,,,
graph,100,0.9,forward,2,10,,,,,graph,"{'N': 100, 'noise': 0.9, 'dim': 'noise', 'direction': 'forward'}",C0,"['C1', 'C2']","['C3', 'C4', 'C5', 'C6', 'C7']","{'edges_fwd': 271, 'edges_bwd': 271, 'nodes': 114, 'edge_total': 271}",53,12.217594,4.19452,2.202368,0.808047,0.0,1.0,1.0,1.0,0.095009,0.168205,0,0.128751,0.128751,0.6546536707079772,0.0,0.0,0.0,,,,,
graph,100,0.9,forward,2,11,,,,,graph,"{'N': 100, 'noise': 0.9, 'dim': 'noise', 'direction': 'forward'}",C0,"['C1', 'C2']","['C3', 'C4', 'C5', 'C6', 'C7']","{'edges_fwd': 268, 'edges_bwd': 268, 'nodes': 114, 'edge_total': 268}",40,12.217594,4.089819,2.154578,0.781501,0.0,1.0,1.0,1.0,0.097246,0.236384,0,0.143195,0.143195,0.7745966692414834,0.0,0.0,0.0,,,,,
graph,100,0.9,forward,2,12,,,,,graph,"{'N': 100, 'noise': 0.9, 'dim': 'noise', 'direction': 'forward'}",C0,"['C1', 'C2']","['C3', 'C4', 'C5', 'C6', 'C7']","{'edges_fwd': 249, 'edges_bwd': 249, 'nodes': 114, 'edge_total': 249}",52,12.217594,4.083506,2.24306,0.795329,0.0,0.5,0.0,1.0,-0.012243,0.05845,1,0.065223,0.065223,0.7671932182792477,0.0,0.0,0.0,,,,,
graph,100,0.9,forward,2,13,,,,,graph,"{'N': 100, 'noise': 0.9, 'dim': 'noise', 'direction': 'forward'}",C0,"['C1', 'C2']","['C3', 'C4', 'C5', 'C6', 'C7']","{'edges_fwd': 262, 'edges_bwd': 262, 'nodes': 114, 'edge_total': 262}",24,12.217594,4.300117,1.961467,0.734094,0.0,1.0,1.0,1.0,0.153602,0.431529,0,0.233673,0.233673,0.7378647873726217,0.0,0.0,1.0,,,,,
graph,100,0.9,forward,2,14,,,,,graph,"{'N': 100, 'noise': 0.9, 'dim': 'noise', 'direction': 'forward'}",C0,"['C1', 'C2']","['C3', 'C4', 'C5', 'C6', 'C7']","{'edges_fwd': 277, 'edges_bwd': 277, 'nodes': 114, 'edge_total': 277}",52,12.217594,4.072531,2.206453,0.813949,0.0,1.0,1.0,1.0,0.032443,0.126465,0,0.090319,0.090319,0.8017837257372732,0.0,0.0,0.0,,,,,
graph,100,0.9,forward,2,15,,,,,graph,"{'N': 100, 'noise': 0.9, 'dim': 'noise', 'direction': 'forward'}",C0,"['C1', 'C2']","['C3', 'C4', 'C5', 'C6', 'C7']","{'edges_fwd': 262, 'edges_bwd': 262, 'nodes': 114, 'edge_total': 262}",29,12.217594,4.072531,2.065245,0.7488,0.0,0.5,0.0,1.0,-0.131069,0.101965,1,0.061732,0.061732,-0.31622776601683794,0.0,0.0,0.0,,,,,
graph,100,0.9,forward,2,16,,,,,graph,"{'N': 100, 'noise': 0.9, 'dim': 'noise', 'direction': 'forward'}",C0,"['C1', 'C2']","['C3', 'C4', 'C5', 'C6', 'C7']","{'edges_fwd': 270, 'edges_bwd': 270, 'nodes': 114, 'edge_total': 270}",38,12.217594,4.171359,2.123832,0.778389,0.0,1.0,1.0,1.0,0.127096,0.114506,0,0.09746,0.09746,0.21081851067789195,0.0,0.0,0.0,,,,,
graph,100,0.9,forward,2,17,,,,,graph,"{'N': 100, 'noise': 0.9, 'dim': 'noise', 'direction': 'forward'}",C0,"['C1', 'C2']","['C3', 'C4', 'C5', 'C6', 'C7']","{'edges_fwd': 267, 'edges_bwd': 267, 'nodes': 114, 'edge_total': 267}",43,12.217594,4.072531,2.186527,0.785134,0.0,0.5,0.0,1.0,-0.007683,0.131512,1,0.085166,0.085166,0.5797509043642028,0.0,0.0,0.0,,,,,
graph,100,0.9,forward,2,18,,,,,graph,"{'N': 100, 'noise': 0.9, 'dim': 'noise', 'direction': 'forward'}",C0,"['C1', 'C2']","['C3', 'C4', 'C5', 'C6', 'C7']","{'edges_fwd': 271, 'edges_bwd': 271, 'nodes': 114, 'edge_total': 271}",32,12.217594,4.106982,2.051384,0.776846,0.0,1.0,1.0,1.0,0.043084,0.18498,0,0.139934,0.074192,0.8944271909999159,0.0,0.0,0.0,,,,,
graph,100,0.9,forward,2,19,,,,,graph,"{'N': 100, 'noise': 0.9, 'dim': 'noise', 'direction': 'forward'}",C0,"['C1', 'C2']","['C3', 'C4', 'C5', 'C6', 'C7']","{'edges_fwd': 257, 'edges_bwd': 257, 'nodes': 114, 'edge_total': 257}",47,12.217594,4.072531,2.196519,0.800211,0.0,1.0,1.0,1.0,0.105101,0.05955,0,0.104815,0.104815,0.7171371656006362,0.0,0.0,0.0,,,,,
graph,300,0.0,forward,2,0,,,,,graph,"{'N': 300, 'noise': 0.0, 'dim': 'noise', 'direction': 'forward'}",C0,"['C1', 'C2']","['C3', 'C4', 'C5', 'C6', 'C7']","{'edges_fwd': 381, 'edges_bwd': 381, 'nodes': 314, 'edge_total': 381}",9,12.217594,4.072531,1.733997,0.472222,0.0,1.0,1.0,1.0,0.509066,,0,0.509066,0.509066,0.9999999999999998,0.0,0.0,0.0,,,,,
graph,300,0.0,forward,2,1,,,,,graph,"{'N': 300, 'noise': 0.0, 'dim': 'noise', 'direction': 'forward'}",C0,"['C1', 'C2']","['C3', 'C4', 'C5', 'C6', 'C7']","{'edges_fwd': 372, 'edges_bwd': 372, 'nodes': 314, 'edge_total': 372}",9,12.217594,4.072531,1.733997,0.472222,0.0,1.0,1.0,1.0,0.509066,,0,0.509066,0.509066,0.8660254037844385,0.0,0.0,0.0,,,,,
graph,300,0.0,forward,2,2,,,,,graph,"{'N': 300, 'noise': 0.0, 'dim': 'noise', 'direction': 'forward'}",C0,"['C1', 'C2']","['C3', 'C4', 'C5', 'C6', 'C7']","{'edges_fwd': 393, 'edges_bwd': 393, 'nodes': 314, 'edge_total': 393}",15,12.217594,4.072531,1.929601,0.589165,0.0,1.0,1.0,1.0,0.319342,,0,0.329887,0.329887,0.5,0.0,0.0,0.0,,,,,
graph,300,0.0,forward,2,3,,,,,graph,"{'N': 300, 'noise': 0.0, 'dim': 'noise', 'direction': 'forward'}",C0,"['C1', 'C2']","['C3', 'C4', 'C5', 'C6', 'C7']","{'edges_fwd': 397, 'edges_bwd': 397, 'nodes': 314, 'edge_total': 397}",15,12.217594,4.072531,1.920401,0.601576,0.0,1.0,1.0,1.0,0.172888,,0,0.311364,0.311364,0.5,0.0,0.0,0.0,,,,,
graph,300,0.0,forward,2,4,,,,,graph,"{'N': 300, 'noise': 0.0, 'dim': 'noise', 'direction': 'forward'}",C0,"['C1', 'C2']","['C3', 'C4', 'C5', 'C6', 'C7']","{'edges_fwd': 392, 'edges_bwd': 392, 'nodes': 314, 'edge_total': 392}",16,12.217594,4.072531,1.950679,0.604737,0.0,1.0,1.0,1.0,0.268003,0.451186,0,0.276047,0.276047,0.7745966692414834,0.0,0.0,0.0,,,,,
graph,300,0.0,forward,2,5,,,,,graph,"{'N': 300, 'noise': 0.0, 'dim': 'noise', 'direction': 'forward'}",C0,"['C1', 'C2']","['C3', 'C4', 'C5', 'C6', 'C7']","{'edges_fwd': 399, 'edges_bwd': 399, 'nodes': 314, 'edge_total': 399}",9,12.217594,4.072531,1.733997,0.472222,0.0,1.0,1.0,1.0,0.509066,,0,0.509066,0.509066,0.9999999999999998,0.0,0.0,0.0,,,,,
graph,300,0.0,forward,2,6,,,,,graph,"{'N': 300, 'noise': 0.0, 'dim': 'noise', 'direction': 'forward'}",C0,"['C1', 'C2']","['C3', 'C4', 'C5', 'C6', 'C7']","{'edges_fwd': 382, 'edges_bwd': 382, 'nodes': 314, 'edge_total': 382}",12,12.217594,4.072531,1.830143,0.568994,0.0,1.0,1.0,1.0,0.347921,,0,0.428493,0.428493,0.5,0.0,0.0,0.0,,,,,
graph,300,0.0,forward,2,7,,,,,graph,"{'N': 300, 'noise': 0.0, 'dim': 'noise', 'direction': 'forward'}",C0,"['C1', 'C2']","['C3', 'C4', 'C5', 'C6', 'C7']","{'edges_fwd': 405, 'edges_bwd': 405, 'nodes': 314, 'edge_total': 405}",15,12.217594,4.072531,1.920775,0.602522,0.0,1.0,1.0,1.0,0.303723,,0,0.344153,0.344153,1.0,0.0,0.0,0.0,,,,,
graph,300,0.0,forward,2,8,,,,,graph,"{'N': 300, 'noise': 0.0, 'dim': 'noise', 'direction': 'forward'}",C0,"['C1', 'C2']","['C3', 'C4', 'C5', 'C6', 'C7']","{'edges_fwd': 380, 'edges_bwd': 380, 'nodes': 314, 'edge_total': 380}",12,12.217594,4.072531,1.828828,0.570294,0.0,1.0,1.0,1.0,0.353874,,0,0.43147,0.43147,0.8660254037844385,0.0,0.0,0.0,,,,,
graph,300,0.0,forward,2,9,,,,,graph,"{'N': 300, 'noise': 0.0, 'dim': 'noise', 'direction': 'forward'}",C0,"['C1', 'C2']","['C3', 'C4', 'C5', 'C6', 'C7']","{'edges_fwd': 392, 'edges_bwd': 392, 'nodes': 314, 'edge_total': 392}",12,12.217594,4.072531,1.83856,0.561147,0.0,1.0,1.0,1.0,0.276728,,0,0.392897,0.392897,0.8660254037844385,0.0,0.0,0.0,,,,,
graph,300,0.0,forward,2,10,,,,,graph,"{'N': 300, 'noise': 0.0, 'dim': 'noise', 'direction': 'forward'}",C0,"['C1', 'C2']","['C3', 'C4', 'C5', 'C6', 'C7']","{'edges_fwd': 372, 'edges_bwd': 372, 'nodes': 314, 'edge_total': 372}",12,12.217594,4.072531,1.838219,0.56197,0.0,1.0,1.0,1.0,0.285343,,0,0.397205,0.397205,0.8660254037844385,0.0,0.0,0.0,,,,,
graph,300,0.0,forward,2,11,,,,,graph,"{'N': 300, 'noise': 0.0, 'dim': 'noise', 'direction': 'forward'}",C0,"['C1', 'C2']","['C3', 'C4', 'C5', 'C6', 'C7']","{'edges_fwd': 389, 'edges_bwd': 389, 'nodes': 314, 'edge_total': 389}",15,12.217594,4.072531,1.898531,0.621115,0.0,1.0,1.0,1.0,0.27975,,0,0.317882,0.317882,0.8660254037844385,0.0,0.0,0.0,,,,,
graph,300,0.0,forward,2,12,,,,,graph,"{'N': 300, 'noise': 0.0, 'dim': 'noise', 'direction': 'forward'}",C0,"['C1', 'C2']","['C3', 'C4', 'C5', 'C6', 'C7']","{'edges_fwd': 387, 'edges_bwd': 387, 'nodes': 314, 'edge_total': 387}",15,12.217594,4.072531,1.930899,0.591119,0.0,1.0,1.0,1.0,0.279753,,0,0.313823,0.313823,1.0,0.0,0.0,0.0,,,,,
graph,300,0.0,forward,2,13,,,,,graph,"{'N': 300, 'noise': 0.0, 'dim': 'noise', 'direction': 'forward'}",C0,"['C1', 'C2']","['C3', 'C4', 'C5', 'C6', 'C7']","{'edges_fwd': 394, 'edges_bwd': 394, 'nodes': 314, 'edge_total': 394}",15,12.217594,4.072531,1.928284,0.594486,0.0,1.0,1.0,1.0,0.278259,,0,0.319504,0.319504,0.8660254037844385,0.0,0.0,0.0,,,,,
graph,300,0.0,forward,2,14,,,,,graph,"{'N': 300, 'noise': 0.0, 'dim': 'noise', 'direction': 'forward'}",C0,"['C1', 'C2']","['C3', 'C4', 'C5', 'C6', 'C7']","{'edges_fwd': 390, 'edges_bwd': 390, 'nodes': 314, 'edge_total': 390}",16,12.163076,4.286875,1.864058,0.651017,0.0,1.0,1.0,1.0,0.300725,0.594307,0,0.330145,0.330145,0.7999999999999998,0.0,0.0,0.0,,,,,
graph,300,0.0,forward,2,15,,,,,graph,"{'N': 300, 'noise': 0.0, 'dim': 'noise', 'direction': 'forward'}",C0,"['C1', 'C2']","['C3', 'C4', 'C5', 'C6', 'C7']","{'edges_fwd': 398, 'edges_bwd': 398, 'nodes': 314, 'edge_total': 398}",12,12.217594,4.072531,1.838332,0.56174,0.0,1.0,1.0,1.0,0.282938,,0,0.396002,0.396002,0.5,0.0,0.0,0.0,,,,,
graph,300,0.0,forward,2,16,,,,,graph,"{'N': 300, 'noise': 0.0, 'dim': 'noise', 'direction': 'forward'}",C0,"['C1', 'C2']","['C3', 'C4', 'C5', 'C6', 'C7']","{'edges_fwd': 386, 'edges_bwd': 386, 'nodes': 314, 'edge_total': 386}",12,12.217594,4.155647,1.803194,0.583933,0.0,1.0,1.0,1.0,0.361819,,0,0.435443,0.435443,0.8660254037844385,0.0,0.0,0.0,,,,,
graph,300,0.0,forward,2,17,,,,,graph,"{'N': 300, 'noise': 0.0, 'dim': 'noise', 'direction': 'forward'}",C0,"['C1', 'C2']","['C3', 'C4', 'C5', 'C6', 'C7']","{'edges_fwd': 387, 'edges_bwd': 387, 'nodes': 314, 'edge_total': 387}",12,12.217594,4.072531,1.820528,0.57688,0.0,1.0,1.0,1.0,0.384049,,0,0.446558,0.446558,0.8660254037844385,0.0,0.0,0.0,,,,,
graph,300,0.0,forward,2,18,,,,,graph,"{'N': 300, 'noise': 0.0, 'dim': 'noise', 'direction': 'forward'}",C0,"['C1', 'C2']","['C3', 'C4', 'C5', 'C6', 'C7']","{'edges_fwd': 389, 'edges_bwd': 389, 'nodes': 314, 'edge_total': 389}",16,12.217594,4.138419,1.926778,0.622076,0.0,1.0,1.0,1.0,0.268471,0.489364,0,0.306059,0.306059,0.9486832980505138,0.0,0.0,0.0,,,,,
graph,300,0.0,forward,2,19,,,,,graph,"{'N': 300, 'noise': 0.0, 'dim': 'noise', 'direction': 'forward'}",C0,"['C1', 'C2']","['C3', 'C4', 'C5', 'C6', 'C7']","{'edges_fwd': 378, 'edges_bwd': 378, 'nodes': 314, 'edge_total': 378}",16,12.217594,4.072531,1.90264,0.645507,0.0,1.0,1.0,1.0,0.178434,0.604604,0,0.361175,0.361175,0.7745966692414834,0.0,0.0,0.0,,,,,
graph,300,0.1,forward,2,0,,,,,graph,"{'N': 300, 'noise': 0.1, 'dim': 'noise', 'direction': 'forward'}",C0,"['C1', 'C2']","['C3', 'C4', 'C5', 'C6', 'C7']","{'edges_fwd': 418, 'edges_bwd': 418, 'nodes': 314, 'edge_total': 418}",9,12.217594,4.072531,1.733997,0.472222,0.0,1.0,1.0,1.0,0.509066,,0,0.509066,0.509066,0.9999999999999998,0.0,0.0,0.0,,,,,
graph,300,0.1,forward,2,1,,,,,graph,"{'N': 300, 'noise': 0.1, 'dim': 'noise', 'direction': 'forward'}",C0,"['C1', 'C2']","['C3', 'C4', 'C5', 'C6', 'C7']","{'edges_fwd': 409, 'edges_bwd': 409, 'nodes': 314, 'edge_total': 409}",16,12.217594,4.072531,1.928897,0.629676,0.0,1.0,1.0,1.0,0.289991,,0,0.316654,0.316654,1.0,0.0,0.0,0.0,,,,,
graph,300,0.1,forward,2,2,,,,,graph,"{'N': 300, 'noise': 0.1, 'dim': 'noise', 'direction': 'forward'}",C0,"['C1', 'C2']","['C3', 'C4', 'C5', 'C6', 'C7']","{'edges_fwd': 432, 'edges_bwd': 432, 'nodes': 314, 'edge_total': 432}",17,12.217594,4.105981,1.940389,0.638186,0.0,1.0,1.0,1.0,0.319342,,0,0.329887,0.329887,0.5,0.0,0.0,0.0,,,,,
graph,300,0.1,forward,2,3,,,,,graph,"{'N': 300, 'noise': 0.1, 'dim': 'noise', 'direction': 'forward'}",C0,"['C1', 'C2']","['C3', 'C4', 'C5', 'C6', 'C7']","{'edges_fwd': 436, 'edges_bwd': 436, 'nodes': 314, 'edge_total': 436}",18,12.217594,4.072531,1.963075,0.648156,0.0,1.0,1.0,1.0,0.041681,,0,0.237678,0.237678,0.5,0.0,0.0,0.0,,,,,
graph,300,0.1,forward,2,4,,,,,graph,"{'N': 300, 'noise': 0.1, 'dim': 'noise', 'direction': 'forward'}",C0,"['C1', 'C2']","['C3', 'C4', 'C5', 'C6', 'C7']","{'edges_fwd': 431, 'edges_bwd': 431, 'nodes': 314, 'edge_total': 431}",17,12.217594,4.072531,1.963439,0.625139,0.0,1.0,1.0,1.0,0.268003,0.451186,0,0.276047,0.276047,0.7745966692414834,0.0,0.0,0.0,,,,,
graph,300,0.1,forward,2,5,,,,,graph,"{'N': 300, 'noise': 0.1, 'dim': 'noise', 'direction': 'forward'}",C0,"['C1', 'C2']","['C3', 'C4', 'C5', 'C6', 'C7']","{'edges_fwd': 438, 'edges_bwd': 438, 'nodes': 314, 'edge_total': 438}",9,12.217594,4.072531,1.733997,0.472222,0.0,1.0,1.0,1.0,0.509066,,0,0.509066,0.509066,0.9999999999999998,0.0,0.0,0.0,,,,,
graph,300,0.1,forward,2,6,,,,,graph,"{'N': 300, 'noise': 0.1, 'dim': 'noise', 'direction': 'forward'}",C0,"['C1', 'C2']","['C3', 'C4', 'C5', 'C6', 'C7']","{'edges_fwd': 420, 'edges_bwd': 420, 'nodes': 314, 'edge_total': 420}",12,12.217594,4.072531,1.830143,0.568994,0.0,1.0,1.0,1.0,0.347921,,0,0.428493,0.428493,0.5,0.0,0.0,0.0,,,,,
graph,300,0.1,forward,2,7,,,,,graph,"{'N': 300, 'noise': 0.1, 'dim': 'noise', 'direction': 'forward'}",C0,"['C1', 'C2']","['C3', 'C4', 'C5', 'C6', 'C7']","{'edges_fwd': 445, 'edges_bwd': 445, 'nodes': 314, 'edge_total': 445}",17,12.217594,4.072531,1.946038,0.642062,0.0,1.0,1.0,1.0,0.303723,,0,0.344153,0.344153,1.0,0.0,0.0,0.0,,,,,
graph,300,0.1,forward,2,8,,,,,graph,"{'N': 300, 'noise': 0.1, 'dim': 'noise', 'direction': 'forward'}",C0,"['C1', 'C2']","['C3', 'C4', 'C5', 'C6', 'C7']","{'edges_fwd': 417, 'edges_bwd': 417, 'nodes': 314, 'edge_total': 417}",12,12.217594,4.072531,1.828828,0.570294,0.0,1.0,1.0,1.0,0.353874,,0,0.43147,0.43147,1.0,0.0,0.0,0.0,,,,,
graph,300,0.1,forward,2,9,,,,,graph,"{'N': 300, 'noise': 0.1, 'dim': 'noise', 'direction': 'forward'}",C0,"['C1', 'C2']","['C3', 'C4', 'C5', 'C6', 'C7']","{'edges_fwd': 431, 'edges_bwd': 431, 'nodes': 314, 'edge_total': 431}",12,12.217594,4.072531,1.83856,0.561147,0.0,1.0,1.0,1.0,0.276728,,0,0.392897,0.392897,0.8660254037844385,0.0,0.0,0.0,,,,,
graph,300,0.1,forward,2,10,,,,,graph,"{'N': 300, 'noise': 0.1, 'dim': 'noise', 'direction': 'forward'}",C0,"['C1', 'C2']","['C3', 'C4', 'C5', 'C6', 'C7']","{'edges_fwd': 409, 'edges_bwd': 409, 'nodes': 314, 'edge_total': 409}",12,12.217594,4.072531,1.838219,0.56197,0.0,1.0,1.0,1.0,0.285343,,0,0.397205,0.397205,0.5,0.0,0.0,0.0,,,,,
graph,300,0.1,forward,2,11,,,,,graph,"{'N': 300, 'noise': 0.1, 'dim': 'noise', 'direction': 'forward'}",C0,"['C1', 'C2']","['C3', 'C4', 'C5', 'C6', 'C7']","{'edges_fwd': 427, 'edges_bwd': 427, 'nodes': 314, 'edge_total': 427}",25,12.217594,4.072531,2.076024,0.694224,0.0,1.0,1.0,1.0,0.151876,,0,0.201682,0.201682,0.8660254037844385,0.0,0.0,0.0,,,,,
graph,300,0.1,forward,2,12,,,,,graph,"{'N': 300, 'noise': 0.1, 'dim': 'noise', 'direction': 'forward'}",C0,"['C1', 'C2']","['C3', 'C4', 'C5', 'C6', 'C7']","{'edges_fwd': 425, 'edges_bwd': 425, 'nodes': 314, 'edge_total': 425}",19,12.217594,4.072531,1.988585,0.656533,0.0,1.0,1.0,1.0,0.453699,,0,0.313823,0.313823,1.0,0.0,0.0,0.0,,,,,
graph,300,0.1,forward,2,13,,,,,graph,"{'N': 300, 'noise': 0.1, 'dim': 'noise', 'direction': 'forward'}",C0,"['C1', 'C2']","['C3', 'C4', 'C5', 'C6', 'C7']","{'edges_fwd': 433, 'edges_bwd': 433, 'nodes': 314, 'edge_total': 433}",17,12.217594,4.072531,1.955719,0.632054,0.0,1.0,1.0,1.0,0.360749,,0,0.319504,0.319504,0.8660254037844385,0.0,0.0,0.0,,,,,
graph,300,0.1,forward,2,14,,,,,graph,"{'N': 300, 'noise': 0.1, 'dim': 'noise', 'direction': 'forward'}",C0,"['C1', 'C2']","['C3', 'C4', 'C5', 'C6', 'C7']","{'edges_fwd': 429, 'edges_bwd': 429, 'nodes': 314, 'edge_total': 429}",21,12.217594,4.258633,1.967962,0.688595,0.0,1.0,1.0,1.0,0.359564,0.254328,0,0.283861,0.283861,0.9486832980505138,0.0,0.0,0.0,,,,,
graph,300,0.1,forward,2,15,,,,,graph,"{'N': 300, 'noise': 0.1, 'dim': 'noise', 'direction': 'forward'}",C0,"['C1', 'C2']","['C3', 'C4', 'C5', 'C6', 'C7']","{'edges_fwd': 436, 'edges_bwd': 436, 'nodes': 314, 'edge_total': 436}",14,12.217594,4.072531,1.892908,0.593685,0.0,1.0,1.0,1.0,0.033179,,0,0.271123,0.271123,0.5,0.0,0.0,0.0,,,,,
graph,300,0.1,forward,2,16,,,,,graph,"{'N': 300, 'noise': 0.1, 'dim': 'noise', 'direction': 'forward'}",C0,"['C1', 'C2']","['C3', 'C4', 'C5', 'C6', 'C7']","{'edges_fwd': 423, 'edges_bwd': 423, 'nodes': 314, 'edge_total': 423}",13,12.217594,4.155647,1.823721,0.610151,0.0,1.0,1.0,1.0,0.361819,,0,0.435443,0.435443,0.5,0.0,0.0,0.0,,,,,
graph,300,0.1,forward,2,17,,,,,graph,"{'N': 300, 'noise': 0.1, 'dim': 'noise', 'direction': 'forward'}",C0,"['C1', 'C2']","['C3', 'C4', 'C5', 'C6', 'C7']","{'edges_fwd': 425, 'edges_bwd': 425, 'nodes': 314, 'edge_total': 425}",14,12.217594,4.072531,1.872799,0.611151,0.0,1.0,1.0,1.0,0.170853,,0,0.33996,0.33996,0.8660254037844385,0.0,0.0,0.0,,,,,
graph,300,0.1,forward,2,18,,,,,graph,"{'N': 300, 'noise': 0.1, 'dim': 'noise', 'direction': 'forward'}",C0,"['C1', 'C2']","['C3', 'C4', 'C5', 'C6', 'C7']","{'edges_fwd': 426, 'edges_bwd': 426, 'nodes': 314, 'edge_total': 426}",22,12.217594,4.165884,2.002481,0.692513,0.0,1.0,1.0,1.0,0.156867,0.302583,0,0.212669,0.212669,0.6324555320336759,0.0,0.0,0.0,,,,,
graph,300,0.1,forward,2,19,,,,,graph,"{'N': 300, 'noise': 0.1, 'dim': 'noise', 'direction': 'forward'}",C0,"['C1', 'C2']","['C3', 'C4', 'C5', 'C6', 'C7']","{'edges_fwd': 415, 'edges_bwd': 415, 'nodes': 314, 'edge_total': 415}",19,12.217594,4.072531,1.976407,0.663657,0.0,1.0,1.0,1.0,0.222257,0.483625,0,0.300686,0.300686,0.7745966692414834,0.0,0.0,0.0,,,,,
graph,300,0.25,forward,2,0,,,,,graph,"{'N': 300, 'noise': 0.25, 'dim': 'noise', 'direction': 'forward'}",C0,"['C1', 'C2']","['C3', 'C4', 'C5', 'C6', 'C7']","{'edges_fwd': 474, 'edges_bwd': 474, 'nodes': 314, 'edge_total': 474}",11,12.217594,4.072531,1.779369,0.561363,0.0,1.0,1.0,1.0,0.509066,,0,0.509066,0.509066,0.5,0.0,0.0,0.0,,,,,
graph,300,0.25,forward,2,1,,,,,graph,"{'N': 300, 'noise': 0.25, 'dim': 'noise', 'direction': 'forward'}",C0,"['C1', 'C2']","['C3', 'C4', 'C5', 'C6', 'C7']","{'edges_fwd': 464, 'edges_bwd': 464, 'nodes': 314, 'edge_total': 464}",18,12.217594,4.072531,1.947624,0.665752,0.0,1.0,1.0,1.0,0.289991,,0,0.316654,0.316654,1.0,0.0,0.0,0.0,,,,,
graph,300,0.25,forward,2,2,,,,,graph,"{'N': 300, 'noise': 0.25, 'dim': 'noise', 'direction': 'forward'}",C0,"['C1', 'C2']","['C3', 'C4', 'C5', 'C6', 'C7']","{'edges_fwd': 491, 'edges_bwd': 491, 'nodes': 314, 'edge_total': 491}",17,12.217594,4.105981,1.940389,0.638186,0.0,1.0,1.0,1.0,0.319342,,0,0.329887,0.329887,0.5,0.0,0.0,0.0,,,,,
graph,300,0.25,forward,2,3,,,,,graph,"{'N': 300, 'noise': 0.25, 'dim': 'noise', 'direction': 'forward'}",C0,"['C1', 'C2']","['C3', 'C4', 'C5', 'C6', 'C7']","{'edges_fwd': 496, 'edges_bwd': 496, 'nodes': 314, 'edge_total': 496}",23,12.217594,4.072531,2.002097,0.710244,0.0,0.5,0.0,1.0,-0.030746,,1,0.190125,0.190125,-0.5,0.0,0.0,0.0,,,,,
graph,300,0.25,forward,2,4,,,,,graph,"{'N': 300, 'noise': 0.25, 'dim': 'noise', 'direction': 'forward'}",C0,"['C1', 'C2']","['C3', 'C4', 'C5', 'C6', 'C7']","{'edges_fwd': 489, 'edges_bwd': 489, 'nodes': 314, 'edge_total': 489}",18,12.217594,4.072531,1.994761,0.618788,0.0,0.5,0.0,1.0,-0.008043,0.175139,1,0.138023,0.138023,0.2581988897471611,0.0,0.0,0.0,,,,,
graph,300,0.25,forward,2,5,,,,,graph,"{'N': 300, 'noise': 0.25, 'dim': 'noise', 'direction': 'forward'}",C0,"['C1', 'C2']","['C3', 'C4', 'C5', 'C6', 'C7']","{'edges_fwd': 498, 'edges_bwd': 498, 'nodes': 314, 'edge_total': 498}",14,12.217594,4.072531,1.843157,0.613155,0.0,0.33333,0.0,1.0,-0.104151,,2,0.202458,0.202458,-0.9999999999999998,0.0,0.0,0.0,,,,,
graph,300,0.25,forward,2,6,,,,,graph,"{'N': 300, 'noise': 0.25, 'dim': 'noise', 'direction': 'forward'}",C0,"['C1', 'C2']","['C3', 'C4', 'C5', 'C6', 'C7']","{'edges_fwd': 477, 'edges_bwd': 477, 'nodes': 314, 'edge_total': 477}",24,12.217594,4.072531,1.992989,0.734116,0.0,0.5,0.0,1.0,-0.139308,0.337139,1,0.184879,0.184879,-0.11180339887498948,0.0,0.0,0.0,,,,,
graph,300,0.25,forward,2,7,,,,,graph,"{'N': 300, 'noise': 0.25, 'dim': 'noise', 'direction': 'forward'}",C0,"['C1', 'C2']","['C3', 'C4', 'C5', 'C6', 'C7']","{'edges_fwd': 506, 'edges_bwd': 506, 'nodes': 314, 'edge_total': 506}",19,12.217594,4.072531,1.966354,0.672592,0.0,1.0,1.0,1.0,0.303723,,0,0.344153,0.344153,1.0,0.0,0.0,0.0,,,,,
graph,300,0.25,forward,2,8,,,,,graph,"{'N': 300, 'noise': 0.25, 'dim': 'noise', 'direction': 'forward'}",C0,"['C1', 'C2']","['C3', 'C4', 'C5', 'C6', 'C7']","{'edges_fwd': 474, 'edges_bwd': 474, 'nodes': 314, 'edge_total': 474}",13,12.217594,4.072531,1.837608,0.602432,0.0,1.0,1.0,1.0,0.353874,,0,0.43147,0.43147,0.8660254037844385,0.0,0.0,0.0,,,,,
graph,300,0.25,forward,2,9,,,,,graph,"{'N': 300, 'noise': 0.25, 'dim': 'noise', 'direction': 'forward'}",C0,"['C1', 'C2']","['C3', 'C4', 'C5', 'C6', 'C7']","{'edges_fwd': 490, 'edges_bwd': 490, 'nodes': 314, 'edge_total': 490}",18,12.217594,4.072531,1.927507,0.678858,0.0,1.0,1.0,1.0,0.190818,0.605159,0,0.349942,0.349942,0.7745966692414834,0.0,0.0,0.0,,,,,
graph,300,0.25,forward,2,10,,,,,graph,"{'N': 300, 'noise': 0.25, 'dim': 'noise', 'direction': 'forward'}",C0,"['C1', 'C2']","['C3', 'C4', 'C5', 'C6', 'C7']","{'edges_fwd': 465, 'edges_bwd': 465, 'nodes': 314, 'edge_total': 465}",13,12.217594,4.072531,1.8671,0.577598,0.0,1.0,1.0,1.0,0.509066,,0,0.397205,0.397205,0.8660254037844385,0.0,0.0,0.0,,,,,
graph,300,0.25,forward,2,11,,,,,graph,"{'N': 300, 'noise': 0.25, 'dim': 'noise', 'direction': 'forward'}",C0,"['C1', 'C2']","['C3', 'C4', 'C5', 'C6', 'C7']","{'edges_fwd': 486, 'edges_bwd': 486, 'nodes': 314, 'edge_total': 486}",34,12.217594,4.072531,2.15065,0.744104,0.0,1.0,1.0,1.0,0.013625,0.177327,0,0.100841,0.100841,0.9486832980505138,0.0,0.0,0.0,,,,,
graph,300,0.25,forward,2,12,,,,,graph,"{'N': 300, 'noise': 0.25, 'dim': 'noise', 'direction': 'forward'}",C0,"['C1', 'C2']","['C3', 'C4', 'C5', 'C6', 'C7']","{'edges_fwd': 483, 'edges_bwd': 483, 'nodes': 314, 'edge_total': 483}",24,12.217594,4.072531,2.023368,0.71708,0.0,1.0,1.0,1.0,0.48777,0.61291,0,0.313823,0.313823,0.31622776601683794,0.0,0.0,0.0,,,,,
graph,300,0.25,forward,2,13,,,,,graph,"{'N': 300, 'noise': 0.25, 'dim': 'noise', 'direction': 'forward'}",C0,"['C1', 'C2']","['C3', 'C4', 'C5', 'C6', 'C7']","{'edges_fwd': 490, 'edges_bwd': 490, 'nodes': 314, 'edge_total': 490}",23,12.217594,4.072531,2.02311,0.701349,0.0,1.0,1.0,1.0,0.16251,,0,0.220384,0.220384,0.8660254037844385,0.0,0.0,0.0,,,,,
graph,300,0.25,forward,2,14,,,,,graph,"{'N': 300, 'noise': 0.25, 'dim': 'noise', 'direction': 'forward'}",C0,"['C1', 'C2']","['C3', 'C4', 'C5', 'C6', 'C7']","{'edges_fwd': 487, 'edges_bwd': 487, 'nodes': 314, 'edge_total': 487}",25,12.217594,4.258633,1.991041,0.732597,0.0,1.0,1.0,1.0,0.359564,0.254328,0,0.283861,0.283861,0.6708203932499368,0.0,0.0,0.0,,,,,
graph,300,0.25,forward,2,15,,,,,graph,"{'N': 300, 'noise': 0.25, 'dim': 'noise', 'direction': 'forward'}",C0,"['C1', 'C2']","['C3', 'C4', 'C5', 'C6', 'C7']","{'edges_fwd': 496, 'edges_bwd': 496, 'nodes': 314, 'edge_total': 496}",14,12.217594,4.072531,1.887048,0.596404,0.0,1.0,1.0,1.0,0.033179,,0,0.271123,0.271123,0.5,0.0,0.0,0.0,,,,,
graph,300,0.25,forward,2,16,,,,,graph,"{'N': 300, 'noise': 0.25, 'dim': 'noise', 'direction': 'forward'}",C0,"['C1', 'C2']","['C3', 'C4', 'C5', 'C6', 'C7']","{'edges_fwd': 481, 'edges_bwd': 481, 'nodes': 314, 'edge_total': 481}",21,12.217594,4.155647,1.92764,0.715605,0.0,1.0,1.0,1.0,0.361819,,0,0.350294,0.350294,0.8660254037844385,0.0,0.0,0.0,,,,,
graph,300,0.25,forward,2,17,,,,,graph,"{'N': 300, 'noise': 0.25, 'dim': 'noise', 'direction': 'forward'}",C0,"['C1', 'C2']","['C3', 'C4', 'C5', 'C6', 'C7']","{'edges_fwd': 483, 'edges_bwd': 483, 'nodes': 314, 'edge_total': 483}",17,12.217594,4.072531,1.956531,0.633568,0.0,0.5,0.0,1.0,-0.04409,,1,0.16998,0.16998,0.0,0.0,0.0,0.0,,,,,
graph,300,0.25,forward,2,18,,,,,graph,"{'N': 300, 'noise': 0.25, 'dim': 'noise', 'direction': 'forward'}",C0,"['C1', 'C2']","['C3', 'C4', 'C5', 'C6', 'C7']","{'edges_fwd': 485, 'edges_bwd': 485, 'nodes': 314, 'edge_total': 485}",24,12.217594,4.136004,2.028073,0.707585,0.0,1.0,1.0,1.0,0.007552,0.153267,0,0.138011,0.138011,0.6324555320336759,0.0,0.0,0.0,,,,,
graph,300,0.25,forward,2,19,,,,,graph,"{'N': 300, 'noise': 0.25, 'dim': 'noise', 'direction': 'forward'}",C0,"['C1', 'C2']","['C3', 'C4', 'C5', 'C6', 'C7']","{'edges_fwd': 472, 'edges_bwd': 472, 'nodes': 314, 'edge_total': 472}",23,12.217594,4.072531,2.020041,0.703058,0.0,0.5,0.0,1.0,-0.107376,0.153992,1,0.13587,0.13587,0.2581988897471611,0.0,0.0,0.0,,,,,
graph,300,0.5,forward,2,0,,,,,graph,"{'N': 300, 'noise': 0.5, 'dim': 'noise', 'direction': 'forward'}",C0,"['C1', 'C2']","['C3', 'C4', 'C5', 'C6', 'C7']","{'edges_fwd': 569, 'edges_bwd': 569, 'nodes': 314, 'edge_total': 569}",24,12.217594,4.072531,1.967166,0.746257,0.0,1.0,1.0,1.0,0.502936,,0,0.378735,0.378735,0.8660254037844385,0.0,0.0,0.0,,,,,
graph,300,0.5,forward,2,1,,,,,graph,"{'N': 300, 'noise': 0.5, 'dim': 'noise', 'direction': 'forward'}",C0,"['C1', 'C2']","['C3', 'C4', 'C5', 'C6', 'C7']","{'edges_fwd': 557, 'edges_bwd': 557, 'nodes': 314, 'edge_total': 557}",29,12.217594,4.072531,2.117609,0.715379,0.0,0.5,0.0,1.0,-0.024457,0.048311,1,0.073601,0.073601,0.0,0.0,0.0,0.0,,,,,
graph,300,0.5,forward,2,2,,,,,graph,"{'N': 300, 'noise': 0.5, 'dim': 'noise', 'direction': 'forward'}",C0,"['C1', 'C2']","['C3', 'C4', 'C5', 'C6', 'C7']","{'edges_fwd': 589, 'edges_bwd': 589, 'nodes': 314, 'edge_total': 589}",23,12.217594,4.094559,2.017511,0.697099,0.0,0.5,0.0,1.0,-0.010546,,1,0.164944,0.164944,-0.5,0.0,0.0,0.0,,,,,
graph,300,0.5,forward,2,3,,,,,graph,"{'N': 300, 'noise': 0.5, 'dim': 'noise', 'direction': 'forward'}",C0,"['C1', 'C2']","['C3', 'C4', 'C5', 'C6', 'C7']","{'edges_fwd': 595, 'edges_bwd': 595, 'nodes': 314, 'edge_total': 595}",28,12.217594,4.145358,2.046003,0.74242,0.0,1.0,1.0,1.0,0.031851,,0,0.135545,0.135545,0.5,0.0,0.0,0.0,,,,,
graph,300,0.5,forward,2,4,,,,,graph,"{'N': 300, 'noise': 0.5, 'dim': 'noise', 'direction': 'forward'}",C0,"['C1', 'C2']","['C3', 'C4', 'C5', 'C6', 'C7']","{'edges_fwd': 587, 'edges_bwd': 587, 'nodes': 314, 'edge_total': 587}",18,12.217594,4.072531,1.994761,0.618788,0.0,0.5,0.0,1.0,-0.008043,0.175139,1,0.138023,0.138023,0.2581988897471611,0.0,0.0,0.0,,,,,
graph,300,0.5,forward,2,5,,,,,graph,"{'N': 300, 'noise': 0.5, 'dim': 'noise', 'direction': 'forward'}",C0,"['C1', 'C2']","['C3', 'C4', 'C5', 'C6', 'C7']","{'edges_fwd': 598, 'edges_bwd': 598, 'nodes': 314, 'edge_total': 598}",29,12.217594,4.072531,2.058529,0.752932,0.0,1.0,1.0,1.0,0.066776,0.078146,0,0.144311,0.087263,0.2635231383473649,0.0,0.0,0.0,,,,,
graph,300,0.5,forward,2,6,,,,,graph,"{'N': 300, 'noise': 0.5, 'dim': 'noise', 'direction': 'forward'}",C0,"['C1', 'C2']","['C3', 'C4', 'C5', 'C6', 'C7']","{'edges_fwd': 573, 'edges_bwd': 573, 'nodes': 314, 'edge_total': 573}",28,12.217594,4.072531,2.027248,0.75911,0.0,0.5,0.0,1.0,-0.171553,0.147186,1,0.168757,0.168757,0.3703280399090206,0.0,0.0,0.0,,,,,
graph,300,0.5,forward,2,7,,,,,graph,"{'N': 300, 'noise': 0.5, 'dim': 'noise', 'direction': 'forward'}",C0,"['C1', 'C2']","['C3', 'C4', 'C5', 'C6', 'C7']","{'edges_fwd': 607, 'edges_bwd': 607, 'nodes': 314, 'edge_total': 607}",21,12.217594,4.072531,1.992615,0.692232,0.0,1.0,1.0,1.0,0.496014,,0,0.344153,0.344153,1.0,0.0,0.0,0.0,,,,,
graph,300,0.5,forward,2,8,,,,,graph,"{'N': 300, 'noise': 0.5, 'dim': 'noise', 'direction': 'forward'}",C0,"['C1', 'C2']","['C3', 'C4', 'C5', 'C6', 'C7']","{'edges_fwd': 569, 'edges_bwd': 569, 'nodes': 314, 'edge_total': 569}",15,12.217594,4.072531,1.891419,0.620186,0.0,0.5,0.0,1.0,-0.077596,,1,0.215735,0.215735,0.5,0.0,0.0,0.0,,,,,
graph,300,0.5,forward,2,9,,,,,graph,"{'N': 300, 'noise': 0.5, 'dim': 'noise', 'direction': 'forward'}",C0,"['C1', 'C2']","['C3', 'C4', 'C5', 'C6', 'C7']","{'edges_fwd': 587, 'edges_bwd': 587, 'nodes': 314, 'edge_total': 587}",29,12.217594,4.072531,2.036752,0.76328,0.0,0.5,0.0,1.0,-0.219098,0.195738,1,0.144984,0.144984,0.10540925533894598,0.0,0.0,0.0,,,,,
graph,300,0.5,forward,2,10,,,,,graph,"{'N': 300, 'noise': 0.5, 'dim': 'noise', 'direction': 'forward'}",C0,"['C1', 'C2']","['C3', 'C4', 'C5', 'C6', 'C7']","{'edges_fwd': 557, 'edges_bwd': 557, 'nodes': 314, 'edge_total': 557}",20,12.217594,4.072531,1.998966,0.664589,0.0,1.0,1.0,1.0,0.274347,,0,0.264379,0.264379,0.5,0.0,0.0,0.0,,,,,
graph,300,0.5,forward,2,11,,,,,graph,"{'N': 300, 'noise': 0.5, 'dim': 'noise', 'direction': 'forward'}",C0,"['C1', 'C2']","['C3', 'C4', 'C5', 'C6', 'C7']","{'edges_fwd': 583, 'edges_bwd': 583, 'nodes': 314, 'edge_total': 583}",46,12.217594,4.072531,2.224386,0.781226,0.0,1.0,1.0,1.0,0.070186,0.161269,0,0.092812,0.092812,0.9486832980505138,0.0,0.0,0.0,,,,,
graph,300,0.5,forward,2,12,,,,,graph,"{'N': 300, 'noise': 0.5, 'dim': 'noise', 'direction': 'forward'}",C0,"['C1', 'C2']","['C3', 'C4', 'C5', 'C6', 'C7']","{'edges_fwd': 579, 'edges_bwd': 579, 'nodes': 314, 'edge_total': 579}",45,12.217594,4.072531,2.142315,0.812221,0.0,1.0,1.0,1.0,0.470709,0.530026,0,0.269588,0.269588,0.8944271909999159,0.0,0.0,0.0,,,,,
graph,300,0.5,forward,2,13,,,,,graph,"{'N': 300, 'noise': 0.5, 'dim': 'noise', 'direction': 'forward'}",C0,"['C1', 'C2']","['C3', 'C4', 'C5', 'C6', 'C7']","{'edges_fwd': 589, 'edges_bwd': 589, 'nodes': 314, 'edge_total': 589}",35,12.217594,4.072531,2.131527,0.763247,0.0,0.33333,0.0,1.0,-0.101475,,2,0.066783,0.066783,-1.0,0.0,0.0,0.0,,,,,
graph,300,0.5,forward,2,14,,,,,graph,"{'N': 300, 'noise': 0.5, 'dim': 'noise', 'direction': 'forward'}",C0,"['C1', 'C2']","['C3', 'C4', 'C5', 'C6', 'C7']","{'edges_fwd': 585, 'edges_bwd': 585, 'nodes': 314, 'edge_total': 585}",28,12.217594,4.258633,2.032203,0.739202,0.0,0.5,0.0,1.0,0.075703,-0.029533,1,0.141931,0.141931,0.4472135954999579,0.0,0.0,0.0,,,,,
graph,300,0.5,forward,2,15,,,,,graph,"{'N': 300, 'noise': 0.5, 'dim': 'noise', 'direction': 'forward'}",C0,"['C1', 'C2']","['C3', 'C4', 'C5', 'C6', 'C7']","{'edges_fwd': 596, 'edges_bwd': 596, 'nodes': 314, 'edge_total': 596}",27,12.217594,4.072531,2.063845,0.728364,0.0,1.0,1.0,1.0,0.002345,0.220918,0,0.128439,0.128439,0.7745966692414834,0.0,0.0,0.0,,,,,
graph,300,0.5,forward,2,16,,,,,graph,"{'N': 300, 'noise': 0.5, 'dim': 'noise', 'direction': 'forward'}",C0,"['C1', 'C2']","['C3', 'C4', 'C5', 'C6', 'C7']","{'edges_fwd': 578, 'edges_bwd': 578, 'nodes': 314, 'edge_total': 578}",27,12.210916,4.286875,1.944844,0.766928,0.0,1.0,1.0,1.0,0.361819,,0,0.292212,0.292212,0.5,0.0,0.0,0.0,,,,,
graph,300,0.5,forward,2,17,,,,,graph,"{'N': 300, 'noise': 0.5, 'dim': 'noise', 'direction': 'forward'}",C0,"['C1', 'C2']","['C3', 'C4', 'C5', 'C6', 'C7']","{'edges_fwd': 580, 'edges_bwd': 580, 'nodes': 314, 'edge_total': 580}",18,12.217594,4.072531,1.962526,0.653494,0.0,0.5,0.0,1.0,-0.04409,,1,0.16998,0.16998,0.5,0.0,0.0,0.0,,,,,
graph,300,0.5,forward,2,18,,,,,graph,"{'N': 300, 'noise': 0.5, 'dim': 'noise', 'direction': 'forward'}",C0,"['C1', 'C2']","['C3', 'C4', 'C5', 'C6', 'C7']","{'edges_fwd': 582, 'edges_bwd': 582, 'nodes': 314, 'edge_total': 582}",31,12.217594,4.117891,2.087727,0.747955,0.0,1.0,1.0,1.0,0.170592,0.23882,0,0.152413,0.152413,0.9486832980505138,0.0,0.0,0.0,,,,,
graph,300,0.5,forward,2,19,,,,,graph,"{'N': 300, 'noise': 0.5, 'dim': 'noise', 'direction': 'forward'}",C0,"['C1', 'C2']","['C3', 'C4', 'C5', 'C6', 'C7']","{'edges_fwd': 567, 'edges_bwd': 567, 'nodes': 314, 'edge_total': 567}",42,12.217594,4.084911,2.181261,0.78128,0.0,1.0,1.0,1.0,0.082182,0.129462,0,0.103494,0.103494,0.7071067811865475,0.0,0.0,0.0,,,,,
graph,300,0.75,forward,2,0,,,,,graph,"{'N': 300, 'noise': 0.75, 'dim': 'noise', 'direction': 'forward'}",C0,"['C1', 'C2']","['C3', 'C4', 'C5', 'C6', 'C7']","{'edges_fwd': 664, 'edges_bwd': 664, 'nodes': 314, 'edge_total': 664}",34,12.217594,4.072531,2.098802,0.772437,0.0,1.0,1.0,1.0,0.268346,,0,0.214123,0.214123,1.0,0.0,0.0,0.0,,,,,
graph,300,0.75,forward,2,1,,,,,graph,"{'N': 300, 'noise': 0.75, 'dim': 'noise', 'direction': 'forward'}",C0,"['C1', 'C2']","['C3', 'C4', 'C5', 'C6', 'C7']","{'edges_fwd': 650, 'edges_bwd': 650, 'nodes': 314, 'edge_total': 650}",32,12.217594,4.072531,2.13551,0.734791,0.0,0.5,0.0,1.0,-0.024457,0.048311,1,0.073601,0.073601,-0.31622776601683794,0.0,0.0,0.0,,,,,
graph,300,0.75,forward,2,2,,,,,graph,"{'N': 300, 'noise': 0.75, 'dim': 'noise', 'direction': 'forward'}",C0,"['C1', 'C2']","['C3', 'C4', 'C5', 'C6', 'C7']","{'edges_fwd': 687, 'edges_bwd': 687, 'nodes': 314, 'edge_total': 687}",34,12.217594,4.08616,2.083534,0.773197,0.0,0.5,0.0,1.0,-0.010546,,1,0.164944,0.164944,-0.5,0.0,0.0,0.0,,,,,
graph,300,0.75,forward,2,3,,,,,graph,"{'N': 300, 'noise': 0.75, 'dim': 'noise', 'direction': 'forward'}",C0,"['C1', 'C2']","['C3', 'C4', 'C5', 'C6', 'C7']","{'edges_fwd': 694, 'edges_bwd': 694, 'nodes': 314, 'edge_total': 694}",39,12.217594,4.145358,2.109913,0.793471,0.0,0.5,0.0,1.0,-0.110434,0.03431,1,0.044515,0.044515,0.11180339887498948,0.0,0.0,0.0,,,,,
graph,300,0.75,forward,2,4,,,,,graph,"{'N': 300, 'noise': 0.75, 'dim': 'noise', 'direction': 'forward'}",C0,"['C1', 'C2']","['C3', 'C4', 'C5', 'C6', 'C7']","{'edges_fwd': 685, 'edges_bwd': 685, 'nodes': 314, 'edge_total': 685}",41,12.217594,4.072531,2.158688,0.787295,0.0,1.0,1.0,1.0,0.137998,0.158881,0,0.123815,0.123815,0.5270462766947298,0.0,0.0,0.0,,,,,
graph,300,0.75,forward,2,5,,,,,graph,"{'N': 300, 'noise': 0.75, 'dim': 'noise', 'direction': 'forward'}",C0,"['C1', 'C2']","['C3', 'C4', 'C5', 'C6', 'C7']","{'edges_fwd': 698, 'edges_bwd': 698, 'nodes': 314, 'edge_total': 698}",44,12.217594,4.079266,2.166689,0.798647,0.0,1.0,1.0,1.0,0.09374,0.066674,0,0.124845,0.067796,0.8660254037844387,0.0,0.0,0.0,,,,,
graph,300,0.75,forward,2,6,,,,,graph,"{'N': 300, 'noise': 0.75, 'dim': 'noise', 'direction': 'forward'}",C0,"['C1', 'C2']","['C3', 'C4', 'C5', 'C6', 'C7']","{'edges_fwd': 668, 'edges_bwd': 668, 'nodes': 314, 'edge_total': 668}",36,12.217594,4.072531,2.105559,0.780297,0.0,0.5,0.0,1.0,-0.324212,0.089691,1,0.092427,0.092427,0.3703280399090206,0.0,0.0,0.0,,,,,
graph,300,0.75,forward,2,7,,,,,graph,"{'N': 300, 'noise': 0.75, 'dim': 'noise', 'direction': 'forward'}",C0,"['C1', 'C2']","['C3', 'C4', 'C5', 'C6', 'C7']","{'edges_fwd': 708, 'edges_bwd': 708, 'nodes': 314, 'edge_total': 708}",33,12.217594,4.072531,2.115222,0.756462,0.0,1.0,1.0,1.0,0.298197,,0,0.21806,0.21806,1.0,0.0,0.0,0.0,,,,,
graph,300,0.75,forward,2,8,,,,,graph,"{'N': 300, 'noise': 0.75, 'dim': 'noise', 'direction': 'forward'}",C0,"['C1', 'C2']","['C3', 'C4', 'C5', 'C6', 'C7']","{'edges_fwd': 664, 'edges_bwd': 664, 'nodes': 314, 'edge_total': 664}",19,12.217594,4.072531,1.932906,0.690183,0.0,0.5,0.0,1.0,-0.077596,,1,0.215735,0.215735,0.5,0.0,0.0,0.0,,,,,
graph,300,0.75,forward,2,9,,,,,graph,"{'N': 300, 'noise': 0.75, 'dim': 'noise', 'direction': 'forward'}",C0,"['C1', 'C2']","['C3', 'C4', 'C5', 'C6', 'C7']","{'edges_fwd': 683, 'edges_bwd': 683, 'nodes': 314, 'edge_total': 683}",51,12.217594,4.072531,2.192054,0.817436,0.0,0.33333,0.0,1.0,-0.004529,-0.137707,2,0.070965,0.070965,0.5773502691896258,0.0,0.0,0.0,,,,,
graph,300,0.75,forward,2,10,,,,,graph,"{'N': 300, 'noise': 0.75, 'dim': 'noise', 'direction': 'forward'}",C0,"['C1', 'C2']","['C3', 'C4', 'C5', 'C6', 'C7']","{'edges_fwd': 650, 'edges_bwd': 650, 'nodes': 314, 'edge_total': 650}",27,12.217594,4.072531,2.099794,0.703489,0.0,1.0,1.0,1.0,0.100537,,0,0.118855,0.118855,1.0,0.0,0.0,0.0,,,,,
graph,300,0.75,forward,2,11,,,,,graph,"{'N': 300, 'noise': 0.75, 'dim': 'noise', 'direction': 'forward'}",C0,"['C1', 'C2']","['C3', 'C4', 'C5', 'C6', 'C7']","{'edges_fwd': 680, 'edges_bwd': 680, 'nodes': 314, 'edge_total': 680}",59,12.217594,4.072531,2.272031,0.811871,0.0,1.0,1.0,1.0,0.019645,0.110728,0,0.067541,0.067541,0.9486832980505138,0.0,0.0,0.0,,,,,
graph,300,0.75,forward,2,12,,,,,graph,"{'N': 300, 'noise': 0.75, 'dim': 'noise', 'direction': 'forward'}",C0,"['C1', 'C2']","['C3', 'C4', 'C5', 'C6', 'C7']","{'edges_fwd': 676, 'edges_bwd': 676, 'nodes': 314, 'edge_total': 676}",57,12.217594,4.072531,2.166746,0.842883,0.0,1.0,1.0,1.0,0.53554,0.595009,0,0.304368,0.304368,0.7071067811865475,0.0,0.0,0.0,,,,,
graph,300,0.75,forward,2,13,,,,,graph,"{'N': 300, 'noise': 0.75, 'dim': 'noise', 'direction': 'forward'}",C0,"['C1', 'C2']","['C3', 'C4', 'C5', 'C6', 'C7']","{'edges_fwd': 687, 'edges_bwd': 687, 'nodes': 314, 'edge_total': 687}",41,12.217594,4.072531,2.163604,0.785331,0.0,0.5,0.0,1.0,-0.027068,0.058463,1,0.056031,0.056031,0.7378647873726218,0.0,0.0,0.0,,,,,
graph,300,0.75,forward,2,14,,,,,graph,"{'N': 300, 'noise': 0.75, 'dim': 'noise', 'direction': 'forward'}",C0,"['C1', 'C2']","['C3', 'C4', 'C5', 'C6', 'C7']","{'edges_fwd': 682, 'edges_bwd': 682, 'nodes': 314, 'edge_total': 682}",41,12.217594,4.231069,2.1005,0.801087,0.0,0.5,0.0,1.0,0.088663,-0.004228,1,0.134223,0.134223,0.2886751345948129,0.0,0.0,0.0,,,,,
graph,300,0.75,forward,2,15,,,,,graph,"{'N': 300, 'noise': 0.75, 'dim': 'noise', 'direction': 'forward'}",C0,"['C1', 'C2']","['C3', 'C4', 'C5', 'C6', 'C7']","{'edges_fwd': 695, 'edges_bwd': 695, 'nodes': 314, 'edge_total': 695}",38,12.217594,4.072531,2.108446,0.791823,0.0,0.5,0.0,1.0,-0.143002,0.090533,1,0.055766,0.055766,0.6708203932499368,0.0,0.0,0.0,,,,,
graph,300,0.75,forward,2,16,,,,,graph,"{'N': 300, 'noise': 0.75, 'dim': 'noise', 'direction': 'forward'}",C0,"['C1', 'C2']","['C3', 'C4', 'C5', 'C6', 'C7']","{'edges_fwd': 674, 'edges_bwd': 674, 'nodes': 314, 'edge_total': 674}",44,12.210916,4.286875,2.053314,0.825158,0.0,1.0,1.0,1.0,0.398881,,0,0.248265,0.248265,0.8660254037844385,0.0,0.0,0.0,,,,,
graph,300,0.75,forward,2,17,,,,,graph,"{'N': 300, 'noise': 0.75, 'dim': 'noise', 'direction': 'forward'}",C0,"['C1', 'C2']","['C3', 'C4', 'C5', 'C6', 'C7']","{'edges_fwd': 677, 'edges_bwd': 677, 'nodes': 314, 'edge_total': 677}",29,12.217594,4.072531,2.08887,0.735937,0.0,0.5,0.0,1.0,-0.166183,,1,0.108933,0.108933,0.5,0.0,0.0,0.0,,,,,
graph,300,0.75,forward,2,18,,,,,graph,"{'N': 300, 'noise': 0.75, 'dim': 'noise', 'direction': 'forward'}",C0,"['C1', 'C2']","['C3', 'C4', 'C5', 'C6', 'C7']","{'edges_fwd': 679, 'edges_bwd': 679, 'nodes': 314, 'edge_total': 679}",44,12.217594,4.280359,2.135292,0.793954,0.0,1.0,1.0,1.0,0.111658,0.162834,0,0.106172,0.106172,0.7745966692414834,0.0,0.0,0.0,,,,,
graph,300,0.75,forward,2,19,,,,,graph,"{'N': 300, 'noise': 0.75, 'dim': 'noise', 'direction': 'forward'}",C0,"['C1', 'C2']","['C3', 'C4', 'C5', 'C6', 'C7']","{'edges_fwd': 661, 'edges_bwd': 661, 'nodes': 314, 'edge_total': 661}",57,12.217594,4.08164,2.2823,0.79779,0.0,0.5,0.0,1.0,-0.01047,0.02432,1,0.040682,0.040682,-0.06172133998483676,0.0,0.0,0.0,,,,,
graph,300,0.9,forward,2,0,,,,,graph,"{'N': 300, 'noise': 0.9, 'dim': 'noise', 'direction': 'forward'}",C0,"['C1', 'C2']","['C3', 'C4', 'C5', 'C6', 'C7']","{'edges_fwd': 721, 'edges_bwd': 721, 'nodes': 314, 'edge_total': 721}",44,12.217594,4.072531,2.172971,0.79673,0.0,1.0,1.0,1.0,0.203831,,0,0.181076,0.181076,1.0,0.0,0.0,0.0,,,,,
graph,300,0.9,forward,2,1,,,,,graph,"{'N': 300, 'noise': 0.9, 'dim': 'noise', 'direction': 'forward'}",C0,"['C1', 'C2']","['C3', 'C4', 'C5', 'C6', 'C7']","{'edges_fwd': 705, 'edges_bwd': 705, 'nodes': 314, 'edge_total': 705}",34,12.217594,4.072531,2.143799,0.74742,0.0,0.5,0.0,1.0,-0.024457,0.048311,1,0.073601,0.073601,-0.31622776601683794,0.0,0.0,0.0,,,,,
graph,300,0.9,forward,2,2,,,,,graph,"{'N': 300, 'noise': 0.9, 'dim': 'noise', 'direction': 'forward'}",C0,"['C1', 'C2']","['C3', 'C4', 'C5', 'C6', 'C7']","{'edges_fwd': 745, 'edges_bwd': 745, 'nodes': 314, 'edge_total': 745}",35,12.217594,4.08616,2.084995,0.779406,0.0,0.5,0.0,1.0,-0.010546,,1,0.164944,0.164944,-0.5,0.0,0.0,0.0,,,,,
graph,300,0.9,forward,2,3,,,,,graph,"{'N': 300, 'noise': 0.9, 'dim': 'noise', 'direction': 'forward'}",C0,"['C1', 'C2']","['C3', 'C4', 'C5', 'C6', 'C7']","{'edges_fwd': 754, 'edges_bwd': 754, 'nodes': 314, 'edge_total': 754}",52,12.217594,4.145358,2.149833,0.831692,0.0,0.5,0.0,1.0,-0.115999,0.04183,1,0.040324,0.040324,0.5797509043642028,0.0,0.0,0.0,,,,,
graph,300,0.9,forward,2,4,,,,,graph,"{'N': 300, 'noise': 0.9, 'dim': 'noise', 'direction': 'forward'}",C0,"['C1', 'C2']","['C3', 'C4', 'C5', 'C6', 'C7']","{'edges_fwd': 743, 'edges_bwd': 743, 'nodes': 314, 'edge_total': 743}",49,12.217594,4.072531,2.188185,0.811533,0.0,1.0,1.0,1.0,0.137998,0.193313,0,0.123815,0.123815,0.4472135954999579,0.0,0.0,0.0,,,,,
graph,300,0.9,forward,2,5,,,,,graph,"{'N': 300, 'noise': 0.9, 'dim': 'noise', 'direction': 'forward'}",C0,"['C1', 'C2']","['C3', 'C4', 'C5', 'C6', 'C7']","{'edges_fwd': 757, 'edges_bwd': 757, 'nodes': 314, 'edge_total': 757}",60,12.217594,4.079266,2.22982,0.829312,0.0,1.0,1.0,1.0,0.09374,0.098303,0,0.11245,0.08019,0.6210590034081188,0.0,0.0,0.0,,,,,
graph,300,0.9,forward,2,6,,,,,graph,"{'N': 300, 'noise': 0.9, 'dim': 'noise', 'direction': 'forward'}",C0,"['C1', 'C2']","['C3', 'C4', 'C5', 'C6', 'C7']","{'edges_fwd': 724, 'edges_bwd': 724, 'nodes': 314, 'edge_total': 724}",46,12.217594,4.072531,2.136663,0.815367,0.0,0.5,0.0,1.0,-0.349547,0.107873,1,0.07976,0.07976,0.3703280399090206,0.0,0.0,0.0,,,,,
graph,300,0.9,forward,2,7,,,,,graph,"{'N': 300, 'noise': 0.9, 'dim': 'noise', 'direction': 'forward'}",C0,"['C1', 'C2']","['C3', 'C4', 'C5', 'C6', 'C7']","{'edges_fwd': 768, 'edges_bwd': 768, 'nodes': 314, 'edge_total': 768}",42,12.217594,4.072531,2.179248,0.782825,0.0,1.0,1.0,1.0,0.121127,,0,0.129525,0.129525,1.0,0.0,0.0,0.0,,,,,
graph,300,0.9,forward,2,8,,,,,graph,"{'N': 300, 'noise': 0.9, 'dim': 'noise', 'direction': 'forward'}",C0,"['C1', 'C2']","['C3', 'C4', 'C5', 'C6', 'C7']","{'edges_fwd': 719, 'edges_bwd': 719, 'nodes': 314, 'edge_total': 719}",19,12.217594,4.072531,1.932906,0.690183,0.0,0.5,0.0,1.0,-0.077596,,1,0.215735,0.215735,0.5,0.0,0.0,0.0,,,,,
graph,300,0.9,forward,2,9,,,,,graph,"{'N': 300, 'noise': 0.9, 'dim': 'noise', 'direction': 'forward'}",C0,"['C1', 'C2']","['C3', 'C4', 'C5', 'C6', 'C7']","{'edges_fwd': 741, 'edges_bwd': 741, 'nodes': 314, 'edge_total': 741}",58,12.217594,4.072531,2.207562,0.833934,0.0,0.33333,0.0,1.0,-0.004529,-0.125018,2,0.070965,0.070965,0.46291004988627577,0.0,0.0,0.0,,,,,
graph,300,0.9,forward,2,10,,,,,graph,"{'N': 300, 'noise': 0.9, 'dim': 'noise', 'direction': 'forward'}",C0,"['C1', 'C2']","['C3', 'C4', 'C5', 'C6', 'C7']","{'edges_fwd': 705, 'edges_bwd': 705, 'nodes': 314, 'edge_total': 705}",37,12.217594,4.072531,2.153602,0.765717,0.0,1.0,1.0,1.0,0.077177,,0,0.088857,0.088857,0.8660254037844385,0.0,0.0,0.0,,,,,
graph,300,0.9,forward,2,11,,,,,graph,"{'N': 300, 'noise': 0.9, 'dim': 'noise', 'direction': 'forward'}",C0,"['C1', 'C2']","['C3', 'C4', 'C5', 'C6', 'C7']","{'edges_fwd': 739, 'edges_bwd': 739, 'nodes': 314, 'edge_total': 739}",61,12.217594,4.072531,2.278375,0.815041,0.0,1.0,1.0,1.0,0.024636,0.110728,0,0.067541,0.067541,0.9486832980505138,0.0,0.0,0.0,,,,,
graph,300,0.9,forward,2,12,,,,,graph,"{'N': 300, 'noise': 0.9, 'dim': 'noise', 'direction': 'forward'}",C0,"['C1', 'C2']","['C3', 'C4', 'C5', 'C6', 'C7']","{'edges_fwd': 733, 'edges_bwd': 733, 'nodes': 314, 'edge_total': 733}",64,12.217594,4.072531,2.22591,0.840819,0.0,1.0,1.0,1.0,0.232904,0.290641,0,0.152184,0.152184,0.7071067811865475,0.0,0.0,0.0,,,,,
graph,300,0.9,forward,2,13,,,,,graph,"{'N': 300, 'noise': 0.9, 'dim': 'noise', 'direction': 'forward'}",C0,"['C1', 'C2']","['C3', 'C4', 'C5', 'C6', 'C7']","{'edges_fwd': 746, 'edges_bwd': 746, 'nodes': 314, 'edge_total': 746}",46,12.217594,4.072531,2.172516,0.806039,0.0,0.5,0.0,1.0,-0.027068,0.058463,1,0.056031,0.056031,0.6324555320336759,0.0,0.0,0.0,,,,,
graph,300,0.9,forward,2,14,,,,,graph,"{'N': 300, 'noise': 0.9, 'dim': 'noise', 'direction': 'forward'}",C0,"['C1', 'C2']","['C3', 'C4', 'C5', 'C6', 'C7']","{'edges_fwd': 741, 'edges_bwd': 741, 'nodes': 314, 'edge_total': 741}",41,12.217594,4.231069,2.101671,0.800433,0.0,0.5,0.0,1.0,0.088663,-0.004228,1,0.134223,0.134223,0.2886751345948129,0.0,0.0,0.0,,,,,
graph,300,0.9,forward,2,15,,,,,graph,"{'N': 300, 'noise': 0.9, 'dim': 'noise', 'direction': 'forward'}",C0,"['C1', 'C2']","['C3', 'C4', 'C5', 'C6', 'C7']","{'edges_fwd': 755, 'edges_bwd': 755, 'nodes': 314, 'edge_total': 755}",56,12.217594,4.072531,2.208643,0.821744,0.0,0.5,0.0,1.0,-0.022951,0.057738,1,0.037555,0.037555,0.6708203932499368,0.0,0.0,0.0,,,,,
graph,300,0.9,forward,2,16,,,,,graph,"{'N': 300, 'noise': 0.9, 'dim': 'noise', 'direction': 'forward'}",C0,"['C1', 'C2']","['C3', 'C4', 'C5', 'C6', 'C7']","{'edges_fwd': 732, 'edges_bwd': 732, 'nodes': 314, 'edge_total': 732}",45,12.210916,4.286875,2.055592,0.828147,0.0,1.0,1.0,1.0,0.398881,,0,0.248265,0.248265,0.8660254037844385,0.0,0.0,0.0,,,,,
graph,300,0.9,forward,2,17,,,,,graph,"{'N': 300, 'noise': 0.9, 'dim': 'noise', 'direction': 'forward'}",C0,"['C1', 'C2']","['C3', 'C4', 'C5', 'C6', 'C7']","{'edges_fwd': 735, 'edges_bwd': 735, 'nodes': 314, 'edge_total': 735}",34,12.217594,4.072531,2.121864,0.761039,0.0,1.0,1.0,1.0,0.025842,,0,0.108933,0.108933,0.8660254037844385,0.0,0.0,0.0,,,,,
graph,300,0.9,forward,2,18,,,,,graph,"{'N': 300, 'noise': 0.9, 'dim': 'noise', 'direction': 'forward'}",C0,"['C1', 'C2']","['C3', 'C4', 'C5', 'C6', 'C7']","{'edges_fwd': 738, 'edges_bwd': 738, 'nodes': 314, 'edge_total': 738}",54,12.217594,4.235874,2.210954,0.803562,0.0,0.5,0.0,1.0,-0.003908,0.047268,1,0.048388,0.048388,0.2581988897471611,0.0,0.0,0.0,,,,,
graph,300,0.9,forward,2,19,,,,,graph,"{'N': 300, 'noise': 0.9, 'dim': 'noise', 'direction': 'forward'}",C0,"['C1', 'C2']","['C3', 'C4', 'C5', 'C6', 'C7']","{'edges_fwd': 718, 'edges_bwd': 718, 'nodes': 314, 'edge_total': 718}",71,12.217594,4.08164,2.342202,0.812256,0.0,0.5,0.0,1.0,-0.016838,0.017952,1,0.037498,0.037498,-0.06172133998483676,0.0,0.0,0.0,,,,,
graph,100,0.0,forward,2,0,,,,,graph,"{'N': 100, 'noise': 0.0, 'dim': 'topology', 'direction': 'forward'}",C0,"['C1', 'C2']","['C3', 'C4', 'C5', 'C6', 'C7']","{'edges_fwd': 132, 'edges_bwd': 132, 'nodes': 114, 'edge_total': 132}",16,12.217594,4.072531,1.94433,0.61243,0.0,1.0,1.0,1.0,0.29366,0.533596,0,0.3157,0.3157,0.31622776601683794,0.0,0.0,0.0,,,,,
graph,100,0.0,forward,2,1,,,,,graph,"{'N': 100, 'noise': 0.0, 'dim': 'topology', 'direction': 'forward'}",C0,"['C1', 'C2']","['C3', 'C4', 'C5', 'C6', 'C7']","{'edges_fwd': 137, 'edges_bwd': 137, 'nodes': 114, 'edge_total': 137}",12,12.217594,4.072531,1.83851,0.5613,0.0,1.0,1.0,1.0,0.278331,,0,0.393699,0.393699,0.5,0.0,0.0,0.0,,,,,
graph,100,0.0,forward,2,2,,,,,graph,"{'N': 100, 'noise': 0.0, 'dim': 'topology', 'direction': 'forward'}",C0,"['C1', 'C2']","['C3', 'C4', 'C5', 'C6', 'C7']","{'edges_fwd': 139, 'edges_bwd': 139, 'nodes': 114, 'edge_total': 139}",17,12.217594,4.072531,1.93389,0.648852,0.0,1.0,1.0,1.0,0.327083,0.604738,0,0.35854,0.35854,0.051298917604257706,0.0,0.0,0.0,,,,,
graph,100,0.0,forward,2,3,,,,,graph,"{'N': 100, 'noise': 0.0, 'dim': 'topology', 'direction': 'forward'}",C0,"['C1', 'C2']","['C3', 'C4', 'C5', 'C6', 'C7']","{'edges_fwd': 135, 'edges_bwd': 135, 'nodes': 114, 'edge_total': 135}",12,12.217594,4.072531,1.836215,0.564345,0.0,1.0,1.0,1.0,0.310213,,0,0.40964,0.40964,0.8660254037844385,0.0,0.0,0.0,,,,,
graph,100,0.0,forward,2,4,,,,,graph,"{'N': 100, 'noise': 0.0, 'dim': 'topology', 'direction': 'forward'}",C0,"['C1', 'C2']","['C3', 'C4', 'C5', 'C6', 'C7']","{'edges_fwd': 149, 'edges_bwd': 149, 'nodes': 114, 'edge_total': 149}",15,12.217594,4.072531,1.908635,0.611217,0.0,1.0,1.0,1.0,0.335307,,0,0.348043,0.348043,0.5,0.0,0.0,0.0,,,,,
graph,100,0.0,forward,2,5,,,,,graph,"{'N': 100, 'noise': 0.0, 'dim': 'topology', 'direction': 'forward'}",C0,"['C1', 'C2']","['C3', 'C4', 'C5', 'C6', 'C7']","{'edges_fwd': 143, 'edges_bwd': 143, 'nodes': 114, 'edge_total': 143}",16,12.217594,4.072531,1.943394,0.613516,0.0,1.0,1.0,1.0,0.289099,0.550582,0,0.316002,0.316002,0.19999999999999996,0.0,0.0,0.0,,,,,
graph,100,0.0,forward,2,6,,,,,graph,"{'N': 100, 'noise': 0.0, 'dim': 'topology', 'direction': 'forward'}",C0,"['C1', 'C2']","['C3', 'C4', 'C5', 'C6', 'C7']","{'edges_fwd': 139, 'edges_bwd': 139, 'nodes': 114, 'edge_total': 139}",12,12.217594,4.072531,1.838613,0.560959,0.0,1.0,1.0,1.0,0.274754,,0,0.39191,0.39191,0.5,0.0,0.0,0.0,,,,,
graph,100,0.0,forward,2,7,,,,,graph,"{'N': 100, 'noise': 0.0, 'dim': 'topology', 'direction': 'forward'}",C0,"['C1', 'C2']","['C3', 'C4', 'C5', 'C6', 'C7']","{'edges_fwd': 145, 'edges_bwd': 145, 'nodes': 114, 'edge_total': 145}",12,12.217594,4.072531,1.831402,0.567644,0.0,1.0,1.0,1.0,0.341736,,0,0.425401,0.425401,1.0,0.0,0.0,0.0,,,,,
graph,100,0.0,forward,2,8,,,,,graph,"{'N': 100, 'noise': 0.0, 'dim': 'topology', 'direction': 'forward'}",C0,"['C1', 'C2']","['C3', 'C4', 'C5', 'C6', 'C7']","{'edges_fwd': 137, 'edges_bwd': 137, 'nodes': 114, 'edge_total': 137}",17,12.217594,4.100861,1.939527,0.637404,0.0,1.0,1.0,1.0,0.306082,0.446048,0,0.313477,0.313477,0.10540925533894598,0.0,0.0,0.0,,,,,
graph,100,0.0,forward,2,9,,,,,graph,"{'N': 100, 'noise': 0.0, 'dim': 'topology', 'direction': 'forward'}",C0,"['C1', 'C2']","['C3', 'C4', 'C5', 'C6', 'C7']","{'edges_fwd': 138, 'edges_bwd': 138, 'nodes': 114, 'edge_total': 138}",12,12.217594,4.072531,1.838706,0.560474,0.0,1.0,1.0,1.0,0.269679,,0,0.389372,0.389372,0.5,0.0,0.0,0.0,,,,,
graph,100,0.0,forward,2,10,,,,,graph,"{'N': 100, 'noise': 0.0, 'dim': 'topology', 'direction': 'forward'}",C0,"['C1', 'C2']","['C3', 'C4', 'C5', 'C6', 'C7']","{'edges_fwd': 143, 'edges_bwd': 143, 'nodes': 114, 'edge_total': 143}",16,12.217594,4.072531,1.944271,0.612083,0.0,1.0,1.0,1.0,0.286029,0.552477,0,0.310004,0.310004,0.31622776601683794,0.0,0.0,0.0,,,,,
graph,100,0.0,forward,2,11,,,,,graph,"{'N': 100, 'noise': 0.0, 'dim': 'topology', 'direction': 'forward'}",C0,"['C1', 'C2']","['C3', 'C4', 'C5', 'C6', 'C7']","{'edges_fwd': 142, 'edges_bwd': 142, 'nodes': 114, 'edge_total': 142}",16,12.217594,4.072531,1.883355,0.650744,0.0,1.0,1.0,1.0,0.523233,0.669948,0,0.450759,0.450759,0.9486832980505138,0.0,0.0,0.0,,,,,
graph,100,0.0,forward,2,12,,,,,graph,"{'N': 100, 'noise': 0.0, 'dim': 'topology', 'direction': 'forward'}",C0,"['C1', 'C2']","['C3', 'C4', 'C5', 'C6', 'C7']","{'edges_fwd': 132, 'edges_bwd': 132, 'nodes': 114, 'edge_total': 132}",15,12.217594,4.125297,1.901813,0.61153,0.0,1.0,1.0,1.0,0.337583,,0,0.358966,0.358966,0.5,0.0,0.0,0.0,,,,,
graph,100,0.0,forward,2,13,,,,,graph,"{'N': 100, 'noise': 0.0, 'dim': 'topology', 'direction': 'forward'}",C0,"['C1', 'C2']","['C3', 'C4', 'C5', 'C6', 'C7']","{'edges_fwd': 138, 'edges_bwd': 138, 'nodes': 114, 'edge_total': 138}",16,12.217594,4.072531,1.923899,0.629582,0.0,1.0,1.0,1.0,0.052511,0.53537,0,0.290925,0.290925,0.31622776601683794,0.0,0.0,0.0,,,,,
graph,100,0.0,forward,2,14,,,,,graph,"{'N': 100, 'noise': 0.0, 'dim': 'topology', 'direction': 'forward'}",C0,"['C1', 'C2']","['C3', 'C4', 'C5', 'C6', 'C7']","{'edges_fwd': 146, 'edges_bwd': 146, 'nodes': 114, 'edge_total': 146}",16,12.217594,4.072531,1.949442,0.604239,0.0,1.0,1.0,1.0,0.268312,0.473196,0,0.273245,0.273245,0.7745966692414834,0.0,0.0,0.0,,,,,
graph,100,0.0,forward,2,15,,,,,graph,"{'N': 100, 'noise': 0.0, 'dim': 'topology', 'direction': 'forward'}",C0,"['C1', 'C2']","['C3', 'C4', 'C5', 'C6', 'C7']","{'edges_fwd': 138, 'edges_bwd': 138, 'nodes': 114, 'edge_total': 138}",12,12.217594,4.072531,1.82846,0.570276,0.0,1.0,1.0,1.0,0.313647,,0,0.411357,0.411357,1.0,0.0,0.0,0.0,,,,,
graph,100,0.0,forward,2,16,,,,,graph,"{'N': 100, 'noise': 0.0, 'dim': 'topology', 'direction': 'forward'}",C0,"['C1', 'C2']","['C3', 'C4', 'C5', 'C6', 'C7']","{'edges_fwd': 144, 'edges_bwd': 144, 'nodes': 114, 'edge_total': 144}",15,12.217594,4.072531,1.913198,0.607487,0.0,1.0,1.0,1.0,0.330358,,0,0.337849,0.337849,1.0,0.0,0.0,0.0,,,,,
graph,100,0.0,forward,2,17,,,,,graph,"{'N': 100, 'noise': 0.0, 'dim': 'topology', 'direction': 'forward'}",C0,"['C1', 'C2']","['C3', 'C4', 'C5', 'C6', 'C7']","{'edges_fwd': 141, 'edges_bwd': 141, 'nodes': 114, 'edge_total': 141}",12,12.217594,4.072531,1.836868,0.563743,0.0,1.0,1.0,1.0,0.303916,,0,0.406491,0.406491,0.5,0.0,0.0,0.0,,,,,
graph,100,0.0,forward,2,18,,,,,graph,"{'N': 100, 'noise': 0.0, 'dim': 'topology', 'direction': 'forward'}",C0,"['C1', 'C2']","['C3', 'C4', 'C5', 'C6', 'C7']","{'edges_fwd': 144, 'edges_bwd': 144, 'nodes': 114, 'edge_total': 144}",12,12.217594,4.072531,1.817217,0.577389,0.0,1.0,1.0,1.0,0.28546,,0,0.397263,0.397263,0.8660254037844385,0.0,0.0,0.0,,,,,
graph,100,0.0,forward,2,19,,,,,graph,"{'N': 100, 'noise': 0.0, 'dim': 'topology', 'direction': 'forward'}",C0,"['C1', 'C2']","['C3', 'C4', 'C5', 'C6', 'C7']","{'edges_fwd': 137, 'edges_bwd': 137, 'nodes': 114, 'edge_total': 137}",16,12.217594,4.072531,1.943832,0.61239,0.0,1.0,1.0,1.0,0.281423,0.383172,0,0.308647,0.308647,0.31622776601683794,0.0,0.0,0.0,,,,,
graph,300,0.0,forward,2,0,,,,,graph,"{'N': 300, 'noise': 0.0, 'dim': 'topology', 'direction': 'forward'}",C0,"['C1', 'C2']","['C3', 'C4', 'C5', 'C6', 'C7']","{'edges_fwd': 381, 'edges_bwd': 381, 'nodes': 314, 'edge_total': 381}",9,12.217594,4.072531,1.733997,0.472222,0.0,1.0,1.0,1.0,0.509066,,0,0.509066,0.509066,0.9999999999999998,0.0,0.0,0.0,,,,,
graph,300,0.0,forward,2,1,,,,,graph,"{'N': 300, 'noise': 0.0, 'dim': 'topology', 'direction': 'forward'}",C0,"['C1', 'C2']","['C3', 'C4', 'C5', 'C6', 'C7']","{'edges_fwd': 372, 'edges_bwd': 372, 'nodes': 314, 'edge_total': 372}",9,12.217594,4.072531,1.733997,0.472222,0.0,1.0,1.0,1.0,0.509066,,0,0.509066,0.509066,0.8660254037844385,0.0,0.0,0.0,,,,,
graph,300,0.0,forward,2,2,,,,,graph,"{'N': 300, 'noise': 0.0, 'dim': 'topology', 'direction': 'forward'}",C0,"['C1', 'C2']","['C3', 'C4', 'C5', 'C6', 'C7']","{'edges_fwd': 393, 'edges_bwd': 393, 'nodes': 314, 'edge_total': 393}",15,12.217594,4.072531,1.929601,0.589165,0.0,1.0,1.0,1.0,0.319342,,0,0.329887,0.329887,0.5,0.0,0.0,0.0,,,,,
graph,300,0.0,forward,2,3,,,,,graph,"{'N': 300, 'noise': 0.0, 'dim': 'topology', 'direction': 'forward'}",C0,"['C1', 'C2']","['C3', 'C4', 'C5', 'C6', 'C7']","{'edges_fwd': 397, 'edges_bwd': 397, 'nodes': 314, 'edge_total': 397}",15,12.217594,4.072531,1.920401,0.601576,0.0,1.0,1.0,1.0,0.172888,,0,0.311364,0.311364,0.5,0.0,0.0,0.0,,,,,
graph,300,0.0,forward,2,4,,,,,graph,"{'N': 300, 'noise': 0.0, 'dim': 'topology', 'direction': 'forward'}",C0,"['C1', 'C2']","['C3', 'C4', 'C5', 'C6', 'C7']","{'edges_fwd': 392, 'edges_bwd': 392, 'nodes': 314, 'edge_total': 392}",16,12.217594,4.072531,1.950679,0.604737,0.0,1.0,1.0,1.0,0.268003,0.451186,0,0.276047,0.276047,0.7745966692414834,0.0,0.0,0.0,,,,,
graph,300,0.0,forward,2,5,,,,,graph,"{'N': 300, 'noise': 0.0, 'dim': 'topology', 'direction': 'forward'}",C0,"['C1', 'C2']","['C3', 'C4', 'C5', 'C6', 'C7']","{'edges_fwd': 399, 'edges_bwd': 399, 'nodes': 314, 'edge_total': 399}",9,12.217594,4.072531,1.733997,0.472222,0.0,1.0,1.0,1.0,0.509066,,0,0.509066,0.509066,0.9999999999999998,0.0,0.0,0.0,,,,,
graph,300,0.0,forward,2,6,,,,,graph,"{'N': 300, 'noise': 0.0, 'dim': 'topology', 'direction': 'forward'}",C0,"['C1', 'C2']","['C3', 'C4', 'C5', 'C6', 'C7']","{'edges_fwd': 382, 'edges_bwd': 382, 'nodes': 314, 'edge_total': 382}",12,12.217594,4.072531,1.830143,0.568994,0.0,1.0,1.0,1.0,0.347921,,0,0.428493,0.428493,0.5,0.0,0.0,0.0,,,,,
graph,300,0.0,forward,2,7,,,,,graph,"{'N': 300, 'noise': 0.0, 'dim': 'topology', 'direction': 'forward'}",C0,"['C1', 'C2']","['C3', 'C4', 'C5', 'C6', 'C7']","{'edges_fwd': 405, 'edges_bwd': 405, 'nodes': 314, 'edge_total': 405}",15,12.217594,4.072531,1.920775,0.602522,0.0,1.0,1.0,1.0,0.303723,,0,0.344153,0.344153,1.0,0.0,0.0,0.0,,,,,
graph,300,0.0,forward,2,8,,,,,graph,"{'N': 300, 'noise': 0.0, 'dim': 'topology', 'direction': 'forward'}",C0,"['C1', 'C2']","['C3', 'C4', 'C5', 'C6', 'C7']","{'edges_fwd': 380, 'edges_bwd': 380, 'nodes': 314, 'edge_total': 380}",12,12.217594,4.072531,1.828828,0.570294,0.0,1.0,1.0,1.0,0.353874,,0,0.43147,0.43147,0.8660254037844385,0.0,0.0,0.0,,,,,
graph,300,0.0,forward,2,9,,,,,graph,"{'N': 300, 'noise': 0.0, 'dim': 'topology', 'direction': 'forward'}",C0,"['C1', 'C2']","['C3', 'C4', 'C5', 'C6', 'C7']","{'edges_fwd': 392, 'edges_bwd': 392, 'nodes': 314, 'edge_total': 392}",12,12.217594,4.072531,1.83856,0.561147,0.0,1.0,1.0,1.0,0.276728,,0,0.392897,0.392897,0.8660254037844385,0.0,0.0,0.0,,,,,
graph,300,0.0,forward,2,10,,,,,graph,"{'N': 300, 'noise': 0.0, 'dim': 'topology', 'direction': 'forward'}",C0,"['C1', 'C2']","['C3', 'C4', 'C5', 'C6', 'C7']","{'edges_fwd': 372, 'edges_bwd': 372, 'nodes': 314, 'edge_total': 372}",12,12.217594,4.072531,1.838219,0.56197,0.0,1.0,1.0,1.0,0.285343,,0,0.397205,0.397205,0.8660254037844385,0.0,0.0,0.0,,,,,
graph,300,0.0,forward,2,11,,,,,graph,"{'N': 300, 'noise': 0.0, 'dim': 'topology', 'direction': 'forward'}",C0,"['C1', 'C2']","['C3', 'C4', 'C5', 'C6', 'C7']","{'edges_fwd': 389, 'edges_bwd': 389, 'nodes': 314, 'edge_total': 389}",15,12.217594,4.072531,1.898531,0.621115,0.0,1.0,1.0,1.0,0.27975,,0,0.317882,0.317882,0.8660254037844385,0.0,0.0,0.0,,,,,
graph,300,0.0,forward,2,12,,,,,graph,"{'N': 300, 'noise': 0.0, 'dim': 'topology', 'direction': 'forward'}",C0,"['C1', 'C2']","['C3', 'C4', 'C5', 'C6', 'C7']","{'edges_fwd': 387, 'edges_bwd': 387, 'nodes': 314, 'edge_total': 387}",15,12.217594,4.072531,1.930899,0.591119,0.0,1.0,1.0,1.0,0.279753,,0,0.313823,0.313823,1.0,0.0,0.0,0.0,,,,,
graph,300,0.0,forward,2,13,,,,,graph,"{'N': 300, 'noise': 0.0, 'dim': 'topology', 'direction': 'forward'}",C0,"['C1', 'C2']","['C3', 'C4', 'C5', 'C6', 'C7']","{'edges_fwd': 394, 'edges_bwd': 394, 'nodes': 314, 'edge_total': 394}",15,12.217594,4.072531,1.928284,0.594486,0.0,1.0,1.0,1.0,0.278259,,0,0.319504,0.319504,0.8660254037844385,0.0,0.0,0.0,,,,,
graph,300,0.0,forward,2,14,,,,,graph,"{'N': 300, 'noise': 0.0, 'dim': 'topology', 'direction': 'forward'}",C0,"['C1', 'C2']","['C3', 'C4', 'C5', 'C6', 'C7']","{'edges_fwd': 390, 'edges_bwd': 390, 'nodes': 314, 'edge_total': 390}",16,12.163076,4.286875,1.864058,0.651017,0.0,1.0,1.0,1.0,0.300725,0.594307,0,0.330145,0.330145,0.7999999999999998,0.0,0.0,0.0,,,,,
graph,300,0.0,forward,2,15,,,,,graph,"{'N': 300, 'noise': 0.0, 'dim': 'topology', 'direction': 'forward'}",C0,"['C1', 'C2']","['C3', 'C4', 'C5', 'C6', 'C7']","{'edges_fwd': 398, 'edges_bwd': 398, 'nodes': 314, 'edge_total': 398}",12,12.217594,4.072531,1.838332,0.56174,0.0,1.0,1.0,1.0,0.282938,,0,0.396002,0.396002,0.5,0.0,0.0,0.0,,,,,
graph,300,0.0,forward,2,16,,,,,graph,"{'N': 300, 'noise': 0.0, 'dim': 'topology', 'direction': 'forward'}",C0,"['C1', 'C2']","['C3', 'C4', 'C5', 'C6', 'C7']","{'edges_fwd': 386, 'edges_bwd': 386, 'nodes': 314, 'edge_total': 386}",12,12.217594,4.155647,1.803194,0.583933,0.0,1.0,1.0,1.0,0.361819,,0,0.435443,0.435443,0.8660254037844385,0.0,0.0,0.0,,,,,
graph,300,0.0,forward,2,17,,,,,graph,"{'N': 300, 'noise': 0.0, 'dim': 'topology', 'direction': 'forward'}",C0,"['C1', 'C2']","['C3', 'C4', 'C5', 'C6', 'C7']","{'edges_fwd': 387, 'edges_bwd': 387, 'nodes': 314, 'edge_total': 387}",12,12.217594,4.072531,1.820528,0.57688,0.0,1.0,1.0,1.0,0.384049,,0,0.446558,0.446558,0.8660254037844385,0.0,0.0,0.0,,,,,
graph,300,0.0,forward,2,18,,,,,graph,"{'N': 300, 'noise': 0.0, 'dim': 'topology', 'direction': 'forward'}",C0,"['C1', 'C2']","['C3', 'C4', 'C5', 'C6', 'C7']","{'edges_fwd': 389, 'edges_bwd': 389, 'nodes': 314, 'edge_total': 389}",16,12.217594,4.138419,1.926778,0.622076,0.0,1.0,1.0,1.0,0.268471,0.489364,0,0.306059,0.306059,0.9486832980505138,0.0,0.0,0.0,,,,,
graph,300,0.0,forward,2,19,,,,,graph,"{'N': 300, 'noise': 0.0, 'dim': 'topology', 'direction': 'forward'}",C0,"['C1', 'C2']","['C3', 'C4', 'C5', 'C6', 'C7']","{'edges_fwd': 378, 'edges_bwd': 378, 'nodes': 314, 'edge_total': 378}",16,12.217594,4.072531,1.90264,0.645507,0.0,1.0,1.0,1.0,0.178434,0.604604,0,0.361175,0.361175,0.7745966692414834,0.0,0.0,0.0,,,,,
graph,100,0.0,bidirectional,2,0,,,,,graph,"{'N': 100, 'noise': 0.0, 'dim': 'topology', 'direction': 'bidirectional'}",C0,"['C1', 'C2']","['C3', 'C4', 'C5', 'C6', 'C7']","{'edges_fwd': 132, 'edges_bwd': 132, 'nodes': 114, 'edge_total': 132}",59,12.01403,4.286875,2.021101,0.860624,0.0,1.0,1.0,1.0,0.053255,0.082381,0,0.052676,0.052676,0.31622776601683794,0.0,0.0,0.0,,,,,
graph,100,0.0,bidirectional,2,1,,,,,graph,"{'N': 100, 'noise': 0.0, 'dim': 'topology', 'direction': 'bidirectional'}",C0,"['C1', 'C2']","['C3', 'C4', 'C5', 'C6', 'C7']","{'edges_fwd': 137, 'edges_bwd': 137, 'nodes': 114, 'edge_total': 137}",45,12.127511,4.286875,1.958637,0.846845,0.0,1.0,1.0,1.0,0.047649,0.163797,0,0.085485,0.085485,0.31622776601683794,0.0,0.0,0.0,,,,,
graph,100,0.0,bidirectional,2,2,,,,,graph,"{'N': 100, 'noise': 0.0, 'dim': 'topology', 'direction': 'bidirectional'}",C0,"['C1', 'C2']","['C3', 'C4', 'C5', 'C6', 'C7']","{'edges_fwd': 139, 'edges_bwd': 139, 'nodes': 114, 'edge_total': 139}",56,12.027981,4.286875,2.052298,0.844927,0.0,0.5,0.0,1.0,-0.012459,0.050527,1,0.041223,0.041223,-0.20519567041703082,0.0,0.0,0.0,,,,,
graph,100,0.0,bidirectional,2,3,,,,,graph,"{'N': 100, 'noise': 0.0, 'dim': 'topology', 'direction': 'bidirectional'}",C0,"['C1', 'C2']","['C3', 'C4', 'C5', 'C6', 'C7']","{'edges_fwd': 135, 'edges_bwd': 135, 'nodes': 114, 'edge_total': 135}",43,12.030328,4.286875,1.895122,0.858605,0.0,1.0,1.0,1.0,0.046977,,0,0.099796,0.099796,0.8660254037844385,0.0,0.0,0.0,,,,,
graph,100,0.0,bidirectional,2,4,,,,,graph,"{'N': 100, 'noise': 0.0, 'dim': 'topology', 'direction': 'bidirectional'}",C0,"['C1', 'C2']","['C3', 'C4', 'C5', 'C6', 'C7']","{'edges_fwd': 149, 'edges_bwd': 149, 'nodes': 114, 'edge_total': 149}",55,12.183185,4.286875,2.012688,0.860734,0.0,1.0,1.0,1.0,0.037252,,0,0.065962,0.065962,0.5,0.0,0.0,0.0,,,,,
graph,100,0.0,bidirectional,2,5,,,,,graph,"{'N': 100, 'noise': 0.0, 'dim': 'topology', 'direction': 'bidirectional'}",C0,"['C1', 'C2']","['C3', 'C4', 'C5', 'C6', 'C7']","{'edges_fwd': 143, 'edges_bwd': 143, 'nodes': 114, 'edge_total': 143}",64,12.117103,4.286875,2.019669,0.876494,0.0,1.0,1.0,1.0,0.077997,0.094458,0,0.058532,0.058532,0.46169025843831935,0.0,0.0,0.0,,,,,
graph,100,0.0,bidirectional,2,6,,,,,graph,"{'N': 100, 'noise': 0.0, 'dim': 'topology', 'direction': 'bidirectional'}",C0,"['C1', 'C2']","['C3', 'C4', 'C5', 'C6', 'C7']","{'edges_fwd': 139, 'edges_bwd': 139, 'nodes': 114, 'edge_total': 139}",49,12.053575,4.286875,1.988081,0.847971,0.0,1.0,1.0,1.0,0.035169,0.114205,0,0.063719,0.063719,0.19999999999999996,0.0,0.0,0.0,,,,,
graph,100,0.0,bidirectional,2,7,,,,,graph,"{'N': 100, 'noise': 0.0, 'dim': 'topology', 'direction': 'bidirectional'}",C0,"['C1', 'C2']","['C3', 'C4', 'C5', 'C6', 'C7']","{'edges_fwd': 145, 'edges_bwd': 145, 'nodes': 114, 'edge_total': 145}",60,12.126505,4.286875,2.00253,0.871683,0.0,1.0,1.0,1.0,0.017345,,0,0.053372,0.053372,1.0,0.0,0.0,0.0,,,,,
graph,100,0.0,bidirectional,2,8,,,,,graph,"{'N': 100, 'noise': 0.0, 'dim': 'topology', 'direction': 'bidirectional'}",C0,"['C1', 'C2']","['C3', 'C4', 'C5', 'C6', 'C7']","{'edges_fwd': 137, 'edges_bwd': 137, 'nodes': 114, 'edge_total': 137}",54,12.170201,4.286875,2.025591,0.854079,0.0,1.0,1.0,1.0,0.038843,0.055211,0,0.051939,0.051939,0.46291004988627577,0.0,0.0,0.0,,,,,
graph,100,0.0,bidirectional,2,9,,,,,graph,"{'N': 100, 'noise': 0.0, 'dim': 'topology', 'direction': 'bidirectional'}",C0,"['C1', 'C2']","['C3', 'C4', 'C5', 'C6', 'C7']","{'edges_fwd': 138, 'edges_bwd': 138, 'nodes': 114, 'edge_total': 138}",46,12.087768,4.286875,1.938463,0.855313,0.0,1.0,1.0,1.0,0.068844,0.141186,0,0.079368,0.079368,0.9746794344808963,0.0,0.0,0.0,,,,,
graph,100,0.0,bidirectional,2,10,,,,,graph,"{'N': 100, 'noise': 0.0, 'dim': 'topology', 'direction': 'bidirectional'}",C0,"['C1', 'C2']","['C3', 'C4', 'C5', 'C6', 'C7']","{'edges_fwd': 143, 'edges_bwd': 143, 'nodes': 114, 'edge_total': 143}",60,12.057347,4.286875,2.049278,0.857582,0.0,1.0,1.0,1.0,0.040133,0.079835,0,0.05076,0.05076,0.31622776601683794,0.0,0.0,0.0,,,,,
graph,100,0.0,bidirectional,2,11,,,,,graph,"{'N': 100, 'noise': 0.0, 'dim': 'topology', 'direction': 'bidirectional'}",C0,"['C1', 'C2']","['C3', 'C4', 'C5', 'C6', 'C7']","{'edges_fwd': 142, 'edges_bwd': 142, 'nodes': 114, 'edge_total': 142}",67,12.034363,4.286875,2.080518,0.861575,0.0,1.0,1.0,1.0,0.087235,0.097189,0,0.072911,0.072911,0.6546536707079772,0.0,0.0,0.0,,,,,
graph,100,0.0,bidirectional,2,12,,,,,graph,"{'N': 100, 'noise': 0.0, 'dim': 'topology', 'direction': 'bidirectional'}",C0,"['C1', 'C2']","['C3', 'C4', 'C5', 'C6', 'C7']","{'edges_fwd': 132, 'edges_bwd': 132, 'nodes': 114, 'edge_total': 132}",40,12.064377,4.286875,1.94302,0.832368,0.0,1.0,1.0,1.0,0.048866,0.140255,0,0.075727,0.075727,0.6324555320336759,0.0,0.0,0.0,,,,,
graph,100,0.0,bidirectional,2,13,,,,,graph,"{'N': 100, 'noise': 0.0, 'dim': 'topology', 'direction': 'bidirectional'}",C0,"['C1', 'C2']","['C3', 'C4', 'C5', 'C6', 'C7']","{'edges_fwd': 138, 'edges_bwd': 138, 'nodes': 114, 'edge_total': 138}",52,12.10244,4.286875,1.977419,0.862888,0.0,1.0,1.0,1.0,0.005238,0.109512,0,0.063944,0.063944,0.4472135954999579,0.0,0.0,0.0,,,,,
graph,100,0.0,bidirectional,2,14,,,,,graph,"{'N': 100, 'noise': 0.0, 'dim': 'topology', 'direction': 'bidirectional'}",C0,"['C1', 'C2']","['C3', 'C4', 'C5', 'C6', 'C7']","{'edges_fwd': 146, 'edges_bwd': 146, 'nodes': 114, 'edge_total': 146}",71,11.988271,4.286875,2.060561,0.87216,0.0,1.0,1.0,1.0,0.031865,0.050012,0,0.032938,0.032938,0.6761234037828132,0.0,0.0,0.0,,,,,
graph,100,0.0,bidirectional,2,15,,,,,graph,"{'N': 100, 'noise': 0.0, 'dim': 'topology', 'direction': 'bidirectional'}",C0,"['C1', 'C2']","['C3', 'C4', 'C5', 'C6', 'C7']","{'edges_fwd': 138, 'edges_bwd': 138, 'nodes': 114, 'edge_total': 138}",43,11.966596,4.286875,1.95732,0.834813,0.0,1.0,1.0,1.0,0.083219,0.119713,0,0.072586,0.072586,0.19999999999999996,0.0,0.0,0.0,,,,,
graph,100,0.0,bidirectional,2,16,,,,,graph,"{'N': 100, 'noise': 0.0, 'dim': 'topology', 'direction': 'bidirectional'}",C0,"['C1', 'C2']","['C3', 'C4', 'C5', 'C6', 'C7']","{'edges_fwd': 144, 'edges_bwd': 144, 'nodes': 114, 'edge_total': 144}",63,12.078579,4.286875,2.037834,0.867277,0.0,1.0,1.0,1.0,0.029235,0.068953,0,0.039927,0.039927,0.33394720739540396,0.0,0.0,0.0,,,,,
graph,100,0.0,bidirectional,2,17,,,,,graph,"{'N': 100, 'noise': 0.0, 'dim': 'topology', 'direction': 'bidirectional'}",C0,"['C1', 'C2']","['C3', 'C4', 'C5', 'C6', 'C7']","{'edges_fwd': 141, 'edges_bwd': 141, 'nodes': 114, 'edge_total': 141}",49,11.985843,4.286875,1.949614,0.858152,0.0,1.0,1.0,1.0,0.113443,0.170808,0,0.090663,0.090663,0.6667366910003157,0.0,0.0,0.0,,,,,
graph,100,0.0,bidirectional,2,18,,,,,graph,"{'N': 100, 'noise': 0.0, 'dim': 'topology', 'direction': 'bidirectional'}",C0,"['C1', 'C2']","['C3', 'C4', 'C5', 'C6', 'C7']","{'edges_fwd': 144, 'edges_bwd': 144, 'nodes': 114, 'edge_total': 144}",63,12.077219,4.286875,2.029147,0.869227,0.0,0.33333,0.0,1.0,-0.024157,0.047891,2,0.030418,0.030418,0.31622776601683794,0.0,0.0,0.0,,,,,
graph,100,0.0,bidirectional,2,19,,,,,graph,"{'N': 100, 'noise': 0.0, 'dim': 'topology', 'direction': 'bidirectional'}",C0,"['C1', 'C2']","['C3', 'C4', 'C5', 'C6', 'C7']","{'edges_fwd': 137, 'edges_bwd': 137, 'nodes': 114, 'edge_total': 137}",52,12.054856,4.286875,2.019768,0.846898,0.0,1.0,1.0,1.0,0.050214,0.0641,0,0.061275,0.061275,0.6324555320336759,0.0,0.0,0.0,,,,,
graph,300,0.0,bidirectional,2,0,,,,,graph,"{'N': 300, 'noise': 0.0, 'dim': 'topology', 'direction': 'bidirectional'}",C0,"['C1', 'C2']","['C3', 'C4', 'C5', 'C6', 'C7']","{'edges_fwd': 381, 'edges_bwd': 381, 'nodes': 314, 'edge_total': 381}",145,11.951048,4.286875,2.212439,0.8995,0.0,1.0,1.0,1.0,0.01351,0.023483,0,0.017667,0.017667,0.0,0.0,0.0,0.0,,,,,
graph,300,0.0,bidirectional,2,1,,,,,graph,"{'N': 300, 'noise': 0.0, 'dim': 'topology', 'direction': 'bidirectional'}",C0,"['C1', 'C2']","['C3', 'C4', 'C5', 'C6', 'C7']","{'edges_fwd': 372, 'edges_bwd': 372, 'nodes': 314, 'edge_total': 372}",101,11.934841,4.286875,2.13541,0.883606,0.0,1.0,1.0,1.0,0.005791,0.041928,0,0.028954,0.028954,0.22360679774997896,0.0,0.0,0.0,,,,,
graph,300,0.0,bidirectional,2,2,,,,,graph,"{'N': 300, 'noise': 0.0, 'dim': 'topology', 'direction': 'bidirectional'}",C0,"['C1', 'C2']","['C3', 'C4', 'C5', 'C6', 'C7']","{'edges_fwd': 393, 'edges_bwd': 393, 'nodes': 314, 'edge_total': 393}",134,12.011857,4.286875,2.2163,0.895813,0.0,0.5,0.0,1.0,-0.023335,0.024216,1,0.013713,0.013713,0.5590653920196748,0.0,0.0,0.0,,,,,
graph,300,0.0,bidirectional,2,3,,,,,graph,"{'N': 300, 'noise': 0.0, 'dim': 'topology', 'direction': 'bidirectional'}",C0,"['C1', 'C2']","['C3', 'C4', 'C5', 'C6', 'C7']","{'edges_fwd': 397, 'edges_bwd': 397, 'nodes': 314, 'edge_total': 397}",133,12.054359,4.286875,2.193742,0.903976,0.0,1.0,1.0,1.0,0.002008,0.052526,0,0.032749,0.032749,0.22454435656953592,0.0,0.0,0.0,,,,,
graph,300,0.0,bidirectional,2,4,,,,,graph,"{'N': 300, 'noise': 0.0, 'dim': 'topology', 'direction': 'bidirectional'}",C0,"['C1', 'C2']","['C3', 'C4', 'C5', 'C6', 'C7']","{'edges_fwd': 392, 'edges_bwd': 392, 'nodes': 314, 'edge_total': 392}",129,12.095103,4.286875,2.170882,0.903954,0.0,1.0,1.0,1.0,0.022238,0.022054,0,0.023365,0.023365,0.7715167498104596,0.0,0.0,0.0,,,,,
graph,300,0.0,bidirectional,2,5,,,,,graph,"{'N': 300, 'noise': 0.0, 'dim': 'topology', 'direction': 'bidirectional'}",C0,"['C1', 'C2']","['C3', 'C4', 'C5', 'C6', 'C7']","{'edges_fwd': 399, 'edges_bwd': 399, 'nodes': 314, 'edge_total': 399}",158,12.087047,4.286875,2.255486,0.899774,0.0,1.0,1.0,1.0,0.015016,0.032818,0,0.020515,0.020515,0.9543135154205277,0.0,0.0,0.0,,,,,
graph,300,0.0,bidirectional,2,6,,,,,graph,"{'N': 300, 'noise': 0.0, 'dim': 'topology', 'direction': 'bidirectional'}",C0,"['C1', 'C2']","['C3', 'C4', 'C5', 'C6', 'C7']","{'edges_fwd': 382, 'edges_bwd': 382, 'nodes': 314, 'edge_total': 382}",120,12.134046,4.286875,2.19063,0.89535,0.0,1.0,1.0,1.0,0.04539,0.068514,0,0.044762,0.044762,0.9486832980505138,0.0,0.0,0.0,,,,,
graph,300,0.0,bidirectional,2,7,,,,,graph,"{'N': 300, 'noise': 0.0, 'dim': 'topology', 'direction': 'bidirectional'}",C0,"['C1', 'C2']","['C3', 'C4', 'C5', 'C6', 'C7']","{'edges_fwd': 405, 'edges_bwd': 405, 'nodes': 314, 'edge_total': 405}",140,12.025399,4.286875,2.223465,0.898866,0.0,1.0,1.0,1.0,0.012263,0.028162,0,0.019145,0.019145,0.7110571291368638,0.0,0.0,0.0,,,,,
graph,300,0.0,bidirectional,2,8,,,,,graph,"{'N': 300, 'noise': 0.0, 'dim': 'topology', 'direction': 'bidirectional'}",C0,"['C1', 'C2']","['C3', 'C4', 'C5', 'C6', 'C7']","{'edges_fwd': 380, 'edges_bwd': 380, 'nodes': 314, 'edge_total': 380}",123,12.143589,4.286875,2.215867,0.893723,0.0,1.0,1.0,1.0,0.04425,0.053171,0,0.035153,0.035153,0.7071067811865475,0.0,0.0,0.0,,,,,
graph,300,0.0,bidirectional,2,9,,,,,graph,"{'N': 300, 'noise': 0.0, 'dim': 'topology', 'direction': 'bidirectional'}",C0,"['C1', 'C2']","['C3', 'C4', 'C5', 'C6', 'C7']","{'edges_fwd': 392, 'edges_bwd': 392, 'nodes': 314, 'edge_total': 392}",129,12.129667,4.286875,2.182928,0.901361,0.0,1.0,1.0,1.0,0.029966,0.045622,0,0.025556,0.025556,0.6546536707079772,0.0,0.0,0.0,,,,,
graph,300,0.0,bidirectional,2,10,,,,,graph,"{'N': 300, 'noise': 0.0, 'dim': 'topology', 'direction': 'bidirectional'}",C0,"['C1', 'C2']","['C3', 'C4', 'C5', 'C6', 'C7']","{'edges_fwd': 372, 'edges_bwd': 372, 'nodes': 314, 'edge_total': 372}",115,12.042819,4.286875,2.144784,0.89839,0.0,1.0,1.0,1.0,0.01496,,0,0.025124,0.025124,0.8660254037844385,0.0,0.0,0.0,,,,,
graph,300,0.0,bidirectional,2,11,,,,,graph,"{'N': 300, 'noise': 0.0, 'dim': 'topology', 'direction': 'bidirectional'}",C0,"['C1', 'C2']","['C3', 'C4', 'C5', 'C6', 'C7']","{'edges_fwd': 389, 'edges_bwd': 389, 'nodes': 314, 'edge_total': 389}",151,11.916499,4.286875,2.236632,0.897303,0.0,1.0,1.0,1.0,0.010826,0.028614,0,0.021041,0.021041,0.9543135154205277,0.0,0.0,0.0,,,,,
graph,300,0.0,bidirectional,2,12,,,,,graph,"{'N': 300, 'noise': 0.0, 'dim': 'topology', 'direction': 'bidirectional'}",C0,"['C1', 'C2']","['C3', 'C4', 'C5', 'C6', 'C7']","{'edges_fwd': 387, 'edges_bwd': 387, 'nodes': 314, 'edge_total': 387}",121,12.050039,4.286875,2.178434,0.897987,0.0,0.5,0.0,1.0,-0.015832,0.029599,1,0.018091,0.018091,0.8720815992723809,0.0,0.0,0.0,,,,,
graph,300,0.0,bidirectional,2,13,,,,,graph,"{'N': 300, 'noise': 0.0, 'dim': 'topology', 'direction': 'bidirectional'}",C0,"['C1', 'C2']","['C3', 'C4', 'C5', 'C6', 'C7']","{'edges_fwd': 394, 'edges_bwd': 394, 'nodes': 314, 'edge_total': 394}",124,12.094206,4.286875,2.180869,0.898623,0.0,0.5,0.0,1.0,-0.007597,0.031126,1,0.021789,0.021789,0.3354101966249684,0.0,0.0,0.0,,,,,
graph,300,0.0,bidirectional,2,14,,,,,graph,"{'N': 300, 'noise': 0.0, 'dim': 'topology', 'direction': 'bidirectional'}",C0,"['C1', 'C2']","['C3', 'C4', 'C5', 'C6', 'C7']","{'edges_fwd': 390, 'edges_bwd': 390, 'nodes': 314, 'edge_total': 390}",132,11.951278,4.286875,2.163405,0.904391,0.0,1.0,1.0,1.0,0.0074,0.022394,0,0.018894,0.018894,0.8207826816681233,0.0,0.0,0.0,,,,,
graph,300,0.0,bidirectional,2,15,,,,,graph,"{'N': 300, 'noise': 0.0, 'dim': 'topology', 'direction': 'bidirectional'}",C0,"['C1', 'C2']","['C3', 'C4', 'C5', 'C6', 'C7']","{'edges_fwd': 398, 'edges_bwd': 398, 'nodes': 314, 'edge_total': 398}",150,12.026849,4.286875,2.245337,0.899656,0.0,1.0,1.0,1.0,0.031448,0.036644,0,0.023865,0.023865,0.7110571291368638,0.0,0.0,0.0,,,,,
graph,300,0.0,bidirectional,2,16,,,,,graph,"{'N': 300, 'noise': 0.0, 'dim': 'topology', 'direction': 'bidirectional'}",C0,"['C1', 'C2']","['C3', 'C4', 'C5', 'C6', 'C7']","{'edges_fwd': 386, 'edges_bwd': 386, 'nodes': 314, 'edge_total': 386}",134,11.935636,4.286875,2.188984,0.898774,0.0,1.0,1.0,1.0,0.024785,0.032065,0,0.021236,0.021236,0.31622776601683794,0.0,0.0,0.0,,,,,
graph,300,0.0,bidirectional,2,17,,,,,graph,"{'N': 300, 'noise': 0.0, 'dim': 'topology', 'direction': 'bidirectional'}",C0,"['C1', 'C2']","['C3', 'C4', 'C5', 'C6', 'C7']","{'edges_fwd': 387, 'edges_bwd': 387, 'nodes': 314, 'edge_total': 387}",128,11.962361,4.286875,2.200578,0.891933,0.0,1.0,1.0,1.0,0.023733,0.043918,0,0.024798,0.024798,0.6708203932499368,0.0,0.0,0.0,,,,,
graph,300,0.0,bidirectional,2,18,,,,,graph,"{'N': 300, 'noise': 0.0, 'dim': 'topology', 'direction': 'bidirectional'}",C0,"['C1', 'C2']","['C3', 'C4', 'C5', 'C6', 'C7']","{'edges_fwd': 389, 'edges_bwd': 389, 'nodes': 314, 'edge_total': 389}",130,11.97236,4.286875,2.183371,0.898703,0.0,0.33333,0.0,1.0,-0.009416,0.006328,2,0.014007,0.014007,0.6179143806533247,0.0,0.0,0.0,,,,,
graph,300,0.0,bidirectional,2,19,,,,,graph,"{'N': 300, 'noise': 0.0, 'dim': 'topology', 'direction': 'bidirectional'}",C0,"['C1', 'C2']","['C3', 'C4', 'C5', 'C6', 'C7']","{'edges_fwd': 378, 'edges_bwd': 378, 'nodes': 314, 'edge_total': 378}",129,12.131678,4.286875,2.237108,0.890637,0.0,0.5,0.0,1.0,-0.003078,0.024842,1,0.027799,0.027799,0.6708203932499368,0.0,0.0,0.0,,,,,
graph,100,0.0,mixed,2,0,,,,,graph,"{'N': 100, 'noise': 0.0, 'dim': 'topology', 'direction': 'mixed'}",C0,"['C1', 'C2']","['C3', 'C4', 'C5', 'C6', 'C7']","{'edges_fwd': 132, 'edges_bwd': 132, 'nodes': 114, 'edge_total': 132}",41,12.067746,4.286875,1.977419,0.82421,0.0,1.0,1.0,1.0,0.078487,0.160312,0,0.092539,0.092539,0.31622776601683794,0.0,0.0,0.0,,,,,
graph,100,0.0,mixed,2,1,,,,,graph,"{'N': 100, 'noise': 0.0, 'dim': 'topology', 'direction': 'mixed'}",C0,"['C1', 'C2']","['C3', 'C4', 'C5', 'C6', 'C7']","{'edges_fwd': 137, 'edges_bwd': 137, 'nodes': 114, 'edge_total': 137}",34,12.204417,4.286875,1.955928,0.807383,0.0,1.0,1.0,1.0,0.027448,0.227752,0,0.118757,0.118757,0.31622776601683794,0.0,0.0,0.0,,,,,
graph,100,0.0,mixed,2,2,,,,,graph,"{'N': 100, 'noise': 0.0, 'dim': 'topology', 'direction': 'mixed'}",C0,"['C1', 'C2']","['C3', 'C4', 'C5', 'C6', 'C7']","{'edges_fwd': 139, 'edges_bwd': 139, 'nodes': 114, 'edge_total': 139}",35,12.217594,4.241995,2.028561,0.791336,0.0,0.33333,0.0,1.0,-0.060217,0.088644,2,0.073633,0.073633,-0.5642880936468347,0.0,0.0,0.0,,,,,
graph,100,0.0,mixed,2,3,,,,,graph,"{'N': 100, 'noise': 0.0, 'dim': 'topology', 'direction': 'mixed'}",C0,"['C1', 'C2']","['C3', 'C4', 'C5', 'C6', 'C7']","{'edges_fwd': 135, 'edges_bwd': 135, 'nodes': 114, 'edge_total': 135}",24,12.089259,4.29052,1.88507,0.767126,0.0,1.0,1.0,1.0,0.049838,,0,0.152186,0.152186,0.8660254037844385,0.0,0.0,0.0,,,,,
graph,100,0.0,mixed,2,4,,,,,graph,"{'N': 100, 'noise': 0.0, 'dim': 'topology', 'direction': 'mixed'}",C0,"['C1', 'C2']","['C3', 'C4', 'C5', 'C6', 'C7']","{'edges_fwd': 149, 'edges_bwd': 149, 'nodes': 114, 'edge_total': 149}",35,12.217594,4.257119,1.989913,0.804172,0.0,1.0,1.0,1.0,0.095526,,0,0.095099,0.095099,0.5,0.0,0.0,0.0,,,,,
graph,100,0.0,mixed,2,5,,,,,graph,"{'N': 100, 'noise': 0.0, 'dim': 'topology', 'direction': 'mixed'}",C0,"['C1', 'C2']","['C3', 'C4', 'C5', 'C6', 'C7']","{'edges_fwd': 143, 'edges_bwd': 143, 'nodes': 114, 'edge_total': 143}",31,12.217594,4.24536,1.97673,0.786671,0.0,1.0,1.0,1.0,0.060316,0.133971,0,0.091258,0.091258,0.3999999999999999,0.0,0.0,0.0,,,,,
graph,100,0.0,mixed,2,6,,,,,graph,"{'N': 100, 'noise': 0.0, 'dim': 'topology', 'direction': 'mixed'}",C0,"['C1', 'C2']","['C3', 'C4', 'C5', 'C6', 'C7']","{'edges_fwd': 139, 'edges_bwd': 139, 'nodes': 114, 'edge_total': 139}",26,12.217594,4.275311,1.902154,0.774051,0.0,1.0,1.0,1.0,0.146729,,0,0.146043,0.146043,0.5,0.0,0.0,0.0,,,,,
graph,100,0.0,mixed,2,7,,,,,graph,"{'N': 100, 'noise': 0.0, 'dim': 'topology', 'direction': 'mixed'}",C0,"['C1', 'C2']","['C3', 'C4', 'C5', 'C6', 'C7']","{'edges_fwd': 145, 'edges_bwd': 145, 'nodes': 114, 'edge_total': 145}",34,12.161263,4.286875,1.909436,0.82303,0.0,1.0,1.0,1.0,0.057673,,0,0.099908,0.099908,1.0,0.0,0.0,0.0,,,,,
graph,100,0.0,mixed,2,8,,,,,graph,"{'N': 100, 'noise': 0.0, 'dim': 'topology', 'direction': 'mixed'}",C0,"['C1', 'C2']","['C3', 'C4', 'C5', 'C6', 'C7']","{'edges_fwd': 137, 'edges_bwd': 137, 'nodes': 114, 'edge_total': 137}",26,12.146421,4.286875,1.933003,0.756782,0.0,1.0,1.0,1.0,0.040663,0.089702,0,0.079046,0.079046,0.10540925533894598,0.0,0.0,0.0,,,,,
graph,100,0.0,mixed,2,9,,,,,graph,"{'N': 100, 'noise': 0.0, 'dim': 'topology', 'direction': 'mixed'}",C0,"['C1', 'C2']","['C3', 'C4', 'C5', 'C6', 'C7']","{'edges_fwd': 138, 'edges_bwd': 138, 'nodes': 114, 'edge_total': 138}",25,12.217594,4.248977,1.902945,0.772148,0.0,1.0,1.0,1.0,0.076676,0.189954,0,0.109617,0.109617,0.8720815992723809,0.0,0.0,0.0,,,,,
graph,100,0.0,mixed,2,10,,,,,graph,"{'N': 100, 'noise': 0.0, 'dim': 'topology', 'direction': 'mixed'}",C0,"['C1', 'C2']","['C3', 'C4', 'C5', 'C6', 'C7']","{'edges_fwd': 143, 'edges_bwd': 143, 'nodes': 114, 'edge_total': 143}",24,12.217594,4.231051,2.000183,0.71758,0.0,1.0,1.0,1.0,0.102251,0.198257,0,0.124014,0.124014,0.31622776601683794,0.0,0.0,0.0,,,,,
graph,100,0.0,mixed,2,11,,,,,graph,"{'N': 100, 'noise': 0.0, 'dim': 'topology', 'direction': 'mixed'}",C0,"['C1', 'C2']","['C3', 'C4', 'C5', 'C6', 'C7']","{'edges_fwd': 142, 'edges_bwd': 142, 'nodes': 114, 'edge_total': 142}",36,12.153586,4.293428,1.946947,0.82272,0.0,1.0,1.0,1.0,0.01814,0.073517,0,0.135416,0.135416,0.6667366910003157,0.0,0.0,0.0,,,,,
graph,100,0.0,mixed,2,12,,,,,graph,"{'N': 100, 'noise': 0.0, 'dim': 'topology', 'direction': 'mixed'}",C0,"['C1', 'C2']","['C3', 'C4', 'C5', 'C6', 'C7']","{'edges_fwd': 132, 'edges_bwd': 132, 'nodes': 114, 'edge_total': 132}",23,12.150996,4.286875,1.892881,0.745525,0.0,1.0,1.0,1.0,0.045802,,0,0.107297,0.107297,1.0,0.0,0.0,0.0,,,,,
graph,100,0.0,mixed,2,13,,,,,graph,"{'N': 100, 'noise': 0.0, 'dim': 'topology', 'direction': 'mixed'}",C0,"['C1', 'C2']","['C3', 'C4', 'C5', 'C6', 'C7']","{'edges_fwd': 138, 'edges_bwd': 138, 'nodes': 114, 'edge_total': 138}",32,12.195766,4.286875,1.93408,0.808555,0.0,0.5,0.0,1.0,-0.018899,0.126406,1,0.078648,0.078648,-0.21081851067789195,0.0,0.0,0.0,,,,,
graph,100,0.0,mixed,2,14,,,,,graph,"{'N': 100, 'noise': 0.0, 'dim': 'topology', 'direction': 'mixed'}",C0,"['C1', 'C2']","['C3', 'C4', 'C5', 'C6', 'C7']","{'edges_fwd': 146, 'edges_bwd': 146, 'nodes': 114, 'edge_total': 146}",49,12.215896,4.306824,2.050044,0.835906,0.0,1.0,1.0,1.0,0.04935,0.036651,0,0.046034,0.046034,0.7745966692414834,0.0,0.0,0.0,,,,,
graph,100,0.0,mixed,2,15,,,,,graph,"{'N': 100, 'noise': 0.0, 'dim': 'topology', 'direction': 'mixed'}",C0,"['C1', 'C2']","['C3', 'C4', 'C5', 'C6', 'C7']","{'edges_fwd': 138, 'edges_bwd': 138, 'nodes': 114, 'edge_total': 138}",26,12.180539,4.286875,1.89202,0.785946,0.0,1.0,1.0,1.0,0.614479,0.724533,0,0.375915,0.375915,0.3999999999999999,0.0,0.0,0.0,,,,,
graph,100,0.0,mixed,2,16,,,,,graph,"{'N': 100, 'noise': 0.0, 'dim': 'topology', 'direction': 'mixed'}",C0,"['C1', 'C2']","['C3', 'C4', 'C5', 'C6', 'C7']","{'edges_fwd': 144, 'edges_bwd': 144, 'nodes': 114, 'edge_total': 144}",37,12.160392,4.286875,1.997003,0.812782,0.0,0.5,0.0,1.0,-0.015391,0.09821,1,0.055265,0.055265,0.31622776601683794,0.0,0.0,0.0,,,,,
graph,100,0.0,mixed,2,17,,,,,graph,"{'N': 100, 'noise': 0.0, 'dim': 'topology', 'direction': 'mixed'}",C0,"['C1', 'C2']","['C3', 'C4', 'C5', 'C6', 'C7']","{'edges_fwd': 141, 'edges_bwd': 141, 'nodes': 114, 'edge_total': 141}",27,12.217594,4.273711,1.966044,0.756032,0.0,1.0,1.0,1.0,0.087587,0.269402,0,0.141688,0.141688,0.3999999999999999,0.0,0.0,0.0,,,,,
graph,100,0.0,mixed,2,18,,,,,graph,"{'N': 100, 'noise': 0.0, 'dim': 'topology', 'direction': 'mixed'}",C0,"['C1', 'C2']","['C3', 'C4', 'C5', 'C6', 'C7']","{'edges_fwd': 144, 'edges_bwd': 144, 'nodes': 114, 'edge_total': 144}",40,12.217594,4.271252,1.971311,0.835315,0.0,0.5,0.0,1.0,-0.079488,0.078304,1,0.050772,0.050772,0.6324555320336759,0.0,0.0,0.0,,,,,
graph,100,0.0,mixed,2,19,,,,,graph,"{'N': 100, 'noise': 0.0, 'dim': 'topology', 'direction': 'mixed'}",C0,"['C1', 'C2']","['C3', 'C4', 'C5', 'C6', 'C7']","{'edges_fwd': 137, 'edges_bwd': 137, 'nodes': 114, 'edge_total': 137}",35,12.106063,4.286875,1.949795,0.808375,0.0,1.0,1.0,1.0,0.076281,0.114547,0,0.094119,0.094119,0.6324555320336759,0.0,0.0,0.0,,,,,
graph,300,0.0,mixed,2,0,,,,,graph,"{'N': 300, 'noise': 0.0, 'dim': 'topology', 'direction': 'mixed'}",C0,"['C1', 'C2']","['C3', 'C4', 'C5', 'C6', 'C7']","{'edges_fwd': 381, 'edges_bwd': 381, 'nodes': 314, 'edge_total': 381}",80,12.034006,4.286875,2.126855,0.864313,0.0,1.0,1.0,1.0,0.030918,0.058179,0,0.039867,0.039867,0.22360679774997896,0.0,0.0,0.0,,,,,
graph,300,0.0,mixed,2,1,,,,,graph,"{'N': 300, 'noise': 0.0, 'dim': 'topology', 'direction': 'mixed'}",C0,"['C1', 'C2']","['C3', 'C4', 'C5', 'C6', 'C7']","{'edges_fwd': 372, 'edges_bwd': 372, 'nodes': 314, 'edge_total': 372}",45,11.904216,4.286875,1.991728,0.826334,0.0,1.0,1.0,1.0,0.058937,0.148814,0,0.086999,0.086999,0.22360679774997896,0.0,0.0,0.0,,,,,
graph,300,0.0,mixed,2,2,,,,,graph,"{'N': 300, 'noise': 0.0, 'dim': 'topology', 'direction': 'mixed'}",C0,"['C1', 'C2']","['C3', 'C4', 'C5', 'C6', 'C7']","{'edges_fwd': 393, 'edges_bwd': 393, 'nodes': 314, 'edge_total': 393}",67,12.151207,4.286875,2.152564,0.849956,0.0,0.5,0.0,1.0,-0.065264,0.053347,1,0.029995,0.029995,0.7378647873726218,0.0,0.0,0.0,,,,,
graph,300,0.0,mixed,2,3,,,,,graph,"{'N': 300, 'noise': 0.0, 'dim': 'topology', 'direction': 'mixed'}",C0,"['C1', 'C2']","['C3', 'C4', 'C5', 'C6', 'C7']","{'edges_fwd': 397, 'edges_bwd': 397, 'nodes': 314, 'edge_total': 397}",79,12.093814,4.289136,2.139016,0.867969,0.0,0.5,0.0,1.0,-0.006053,0.077923,1,0.04693,0.04693,0.029424494316824985,0.0,0.0,0.0,,,,,
graph,300,0.0,mixed,2,4,,,,,graph,"{'N': 300, 'noise': 0.0, 'dim': 'topology', 'direction': 'mixed'}",C0,"['C1', 'C2']","['C3', 'C4', 'C5', 'C6', 'C7']","{'edges_fwd': 392, 'edges_bwd': 392, 'nodes': 314, 'edge_total': 392}",78,12.189585,4.286875,2.125004,0.874323,0.0,1.0,1.0,1.0,0.01869,0.037454,0,0.038573,0.038573,0.8944271909999159,0.0,0.0,0.0,,,,,
graph,300,0.0,mixed,2,5,,,,,graph,"{'N': 300, 'noise': 0.0, 'dim': 'topology', 'direction': 'mixed'}",C0,"['C1', 'C2']","['C3', 'C4', 'C5', 'C6', 'C7']","{'edges_fwd': 399, 'edges_bwd': 399, 'nodes': 314, 'edge_total': 399}",51,12.210602,4.286875,2.02656,0.845776,0.0,1.0,1.0,1.0,0.091184,,0,0.086947,0.086947,0.8660254037844385,0.0,0.0,0.0,,,,,
graph,300,0.0,mixed,2,6,,,,,graph,"{'N': 300, 'noise': 0.0, 'dim': 'topology', 'direction': 'mixed'}",C0,"['C1', 'C2']","['C3', 'C4', 'C5', 'C6', 'C7']","{'edges_fwd': 382, 'edges_bwd': 382, 'nodes': 314, 'edge_total': 382}",61,12.208794,4.286875,2.106615,0.848115,0.0,1.0,1.0,1.0,0.090508,0.119991,0,0.076796,0.076796,0.9486832980505138,0.0,0.0,0.0,,,,,
graph,300,0.0,mixed,2,7,,,,,graph,"{'N': 300, 'noise': 0.0, 'dim': 'topology', 'direction': 'mixed'}",C0,"['C1', 'C2']","['C3', 'C4', 'C5', 'C6', 'C7']","{'edges_fwd': 405, 'edges_bwd': 405, 'nodes': 314, 'edge_total': 405}",90,12.146832,4.297953,2.152263,0.880474,0.0,1.0,1.0,1.0,0.033648,0.058815,0,0.035494,0.035494,0.6172133998483676,0.0,0.0,0.0,,,,,
graph,300,0.0,mixed,2,8,,,,,graph,"{'N': 300, 'noise': 0.0, 'dim': 'topology', 'direction': 'mixed'}",C0,"['C1', 'C2']","['C3', 'C4', 'C5', 'C6', 'C7']","{'edges_fwd': 380, 'edges_bwd': 380, 'nodes': 314, 'edge_total': 380}",59,12.137029,4.286875,2.084724,0.845419,0.0,1.0,1.0,1.0,0.065706,0.119711,0,0.072936,0.072936,0.7745966692414834,0.0,0.0,0.0,,,,,
graph,300,0.0,mixed,2,9,,,,,graph,"{'N': 300, 'noise': 0.0, 'dim': 'topology', 'direction': 'mixed'}",C0,"['C1', 'C2']","['C3', 'C4', 'C5', 'C6', 'C7']","{'edges_fwd': 392, 'edges_bwd': 392, 'nodes': 314, 'edge_total': 392}",61,12.152506,4.286875,2.09433,0.855886,0.0,1.0,1.0,1.0,0.020384,0.076671,0,0.042533,0.042533,0.7745966692414834,0.0,0.0,0.0,,,,,
graph,300,0.0,mixed,2,10,,,,,graph,"{'N': 300, 'noise': 0.0, 'dim': 'topology', 'direction': 'mixed'}",C0,"['C1', 'C2']","['C3', 'C4', 'C5', 'C6', 'C7']","{'edges_fwd': 372, 'edges_bwd': 372, 'nodes': 314, 'edge_total': 372}",72,12.217594,4.266632,2.147255,0.864086,0.0,1.0,1.0,1.0,0.030204,,0,0.046845,0.046845,0.8660254037844385,0.0,0.0,0.0,,,,,
graph,300,0.0,mixed,2,11,,,,,graph,"{'N': 300, 'noise': 0.0, 'dim': 'topology', 'direction': 'mixed'}",C0,"['C1', 'C2']","['C3', 'C4', 'C5', 'C6', 'C7']","{'edges_fwd': 389, 'edges_bwd': 389, 'nodes': 314, 'edge_total': 389}",63,12.084375,4.286875,2.109539,0.845064,0.0,0.5,0.0,1.0,-0.007643,0.064547,1,0.040616,0.040616,0.6324555320336759,0.0,0.0,0.0,,,,,
graph,300,0.0,mixed,2,12,,,,,graph,"{'N': 300, 'noise': 0.0, 'dim': 'topology', 'direction': 'mixed'}",C0,"['C1', 'C2']","['C3', 'C4', 'C5', 'C6', 'C7']","{'edges_fwd': 387, 'edges_bwd': 387, 'nodes': 314, 'edge_total': 387}",48,12.188988,4.286875,2.051092,0.83584,0.0,0.5,0.0,1.0,-0.002728,,1,0.046865,0.046865,0.5,0.0,0.0,0.0,,,,,
graph,300,0.0,mixed,2,13,,,,,graph,"{'N': 300, 'noise': 0.0, 'dim': 'topology', 'direction': 'mixed'}",C0,"['C1', 'C2']","['C3', 'C4', 'C5', 'C6', 'C7']","{'edges_fwd': 394, 'edges_bwd': 394, 'nodes': 314, 'edge_total': 394}",75,12.083552,4.286875,2.06825,0.879216,0.0,1.0,1.0,1.0,0.023462,0.086879,0,0.048004,0.048004,0.31622776601683794,0.0,0.0,0.0,,,,,
graph,300,0.0,mixed,2,14,,,,,graph,"{'N': 300, 'noise': 0.0, 'dim': 'topology', 'direction': 'mixed'}",C0,"['C1', 'C2']","['C3', 'C4', 'C5', 'C6', 'C7']","{'edges_fwd': 390, 'edges_bwd': 390, 'nodes': 314, 'edge_total': 390}",88,12.035758,4.307876,2.091408,0.886332,0.0,1.0,1.0,1.0,0.039747,0.050646,0,0.037883,0.037883,0.9999999999999998,0.0,0.0,0.0,,,,,
graph,300,0.0,mixed,2,15,,,,,graph,"{'N': 300, 'noise': 0.0, 'dim': 'topology', 'direction': 'mixed'}",C0,"['C1', 'C2']","['C3', 'C4', 'C5', 'C6', 'C7']","{'edges_fwd': 398, 'edges_bwd': 398, 'nodes': 314, 'edge_total': 398}",61,12.217594,4.227313,2.146192,0.844854,0.0,1.0,1.0,1.0,0.079306,0.126843,0,0.066181,0.066181,0.41039134083406165,0.0,0.0,0.0,,,,,
graph,300,0.0,mixed,2,16,,,,,graph,"{'N': 300, 'noise': 0.0, 'dim': 'topology', 'direction': 'mixed'}",C0,"['C1', 'C2']","['C3', 'C4', 'C5', 'C6', 'C7']","{'edges_fwd': 386, 'edges_bwd': 386, 'nodes': 314, 'edge_total': 386}",62,11.959149,4.286875,2.059121,0.853654,0.0,0.5,0.0,1.0,-0.002024,0.060475,1,0.037652,0.037652,-0.21081851067789195,0.0,0.0,0.0,,,,,
graph,300,0.0,mixed,2,17,,,,,graph,"{'N': 300, 'noise': 0.0, 'dim': 'topology', 'direction': 'mixed'}",C0,"['C1', 'C2']","['C3', 'C4', 'C5', 'C6', 'C7']","{'edges_fwd': 387, 'edges_bwd': 387, 'nodes': 314, 'edge_total': 387}",70,12.108989,4.286875,2.116298,0.85794,0.0,1.0,1.0,1.0,0.052314,0.103435,0,0.057105,0.057105,0.9486832980505138,0.0,0.0,0.0,,,,,
graph,300,0.0,mixed,2,18,,,,,graph,"{'N': 300, 'noise': 0.0, 'dim': 'topology', 'direction': 'mixed'}",C0,"['C1', 'C2']","['C3', 'C4', 'C5', 'C6', 'C7']","{'edges_fwd': 389, 'edges_bwd': 389, 'nodes': 314, 'edge_total': 389}",64,12.217594,4.278837,2.089337,0.864307,0.0,0.25,0.0,0.0,-0.005348,-0.039233,3,0.030937,0.030937,-0.9486832980505138,0.0,0.0,0.0,,,,,
graph,300,0.0,mixed,2,19,,,,,graph,"{'N': 300, 'noise': 0.0, 'dim': 'topology', 'direction': 'mixed'}",C0,"['C1', 'C2']","['C3', 'C4', 'C5', 'C6', 'C7']","{'edges_fwd': 378, 'edges_bwd': 378, 'nodes': 314, 'edge_total': 378}",68,12.099318,4.286875,2.117293,0.859457,0.0,1.0,1.0,1.0,0.020898,0.060062,0,0.05641,0.05641,0.7745966692414834,0.0,0.0,0.0,,,,,
graph,100,0.0,random,2,0,,,,,graph,"{'N': 100, 'noise': 0.0, 'dim': 'topology', 'direction': 'random'}",C0,"['C1', 'C2']","['C3', 'C4', 'C5', 'C6', 'C7']","{'edges_fwd': 132, 'edges_bwd': 132, 'nodes': 114, 'edge_total': 132}",37,12.098265,4.286875,1.977285,0.809819,0.0,1.0,1.0,1.0,0.074925,0.13025,0,0.082927,0.082927,0.31622776601683794,0.0,0.0,0.0,,,,,
graph,100,0.0,random,2,1,,,,,graph,"{'N': 100, 'noise': 0.0, 'dim': 'topology', 'direction': 'random'}",C0,"['C1', 'C2']","['C3', 'C4', 'C5', 'C6', 'C7']","{'edges_fwd': 137, 'edges_bwd': 137, 'nodes': 114, 'edge_total': 137}",18,12.124835,4.286875,1.843782,0.701955,0.0,1.0,1.0,1.0,0.171441,,0,0.154427,0.154427,0.5,0.0,0.0,0.0,,,,,
graph,100,0.0,random,2,2,,,,,graph,"{'N': 100, 'noise': 0.0, 'dim': 'topology', 'direction': 'random'}",C0,"['C1', 'C2']","['C3', 'C4', 'C5', 'C6', 'C7']","{'edges_fwd': 139, 'edges_bwd': 139, 'nodes': 114, 'edge_total': 139}",38,12.151435,4.286875,2.025611,0.804814,0.0,0.5,0.0,1.0,-0.021419,0.095238,1,0.071222,0.071222,-0.20519567041703082,0.0,0.0,0.0,,,,,
graph,100,0.0,random,2,3,,,,,graph,"{'N': 100, 'noise': 0.0, 'dim': 'topology', 'direction': 'random'}",C0,"['C1', 'C2']","['C3', 'C4', 'C5', 'C6', 'C7']","{'edges_fwd': 135, 'edges_bwd': 135, 'nodes': 114, 'edge_total': 135}",32,12.046534,4.286875,1.864871,0.821812,0.0,1.0,1.0,1.0,0.382867,,0,0.267741,0.267741,0.8660254037844385,0.0,0.0,0.0,,,,,
graph,100,0.0,random,2,4,,,,,graph,"{'N': 100, 'noise': 0.0, 'dim': 'topology', 'direction': 'random'}",C0,"['C1', 'C2']","['C3', 'C4', 'C5', 'C6', 'C7']","{'edges_fwd': 149, 'edges_bwd': 149, 'nodes': 114, 'edge_total': 149}",32,12.194445,4.286875,1.915765,0.811954,0.0,1.0,1.0,1.0,0.073898,,0,0.084285,0.084285,0.5,0.0,0.0,0.0,,,,,
graph,100,0.0,random,2,5,,,,,graph,"{'N': 100, 'noise': 0.0, 'dim': 'topology', 'direction': 'random'}",C0,"['C1', 'C2']","['C3', 'C4', 'C5', 'C6', 'C7']","{'edges_fwd': 143, 'edges_bwd': 143, 'nodes': 114, 'edge_total': 143}",32,12.217594,4.286865,1.960264,0.799884,0.0,1.0,1.0,1.0,0.208349,0.242959,0,0.141397,0.141397,0.3999999999999999,0.0,0.0,0.0,,,,,
graph,100,0.0,random,2,6,,,,,graph,"{'N': 100, 'noise': 0.0, 'dim': 'topology', 'direction': 'random'}",C0,"['C1', 'C2']","['C3', 'C4', 'C5', 'C6', 'C7']","{'edges_fwd': 139, 'edges_bwd': 139, 'nodes': 114, 'edge_total': 139}",21,12.217594,4.164116,1.955392,0.708619,0.0,1.0,1.0,1.0,0.140932,,0,0.168129,0.168129,0.5,0.0,0.0,0.0,,,,,
graph,100,0.0,random,2,7,,,,,graph,"{'N': 100, 'noise': 0.0, 'dim': 'topology', 'direction': 'random'}",C0,"['C1', 'C2']","['C3', 'C4', 'C5', 'C6', 'C7']","{'edges_fwd': 145, 'edges_bwd': 145, 'nodes': 114, 'edge_total': 145}",30,12.029149,4.286875,1.880819,0.805835,0.0,1.0,1.0,1.0,0.064619,,0,0.094852,0.094852,1.0,0.0,0.0,0.0,,,,,
graph,100,0.0,random,2,8,,,,,graph,"{'N': 100, 'noise': 0.0, 'dim': 'topology', 'direction': 'random'}",C0,"['C1', 'C2']","['C3', 'C4', 'C5', 'C6', 'C7']","{'edges_fwd': 137, 'edges_bwd': 137, 'nodes': 114, 'edge_total': 137}",35,12.217594,4.173633,2.010548,0.804506,0.0,1.0,1.0,1.0,0.119706,0.119918,0,0.105186,0.105186,0.3162277660168379,0.0,0.0,0.0,,,,,
graph,100,0.0,random,2,9,,,,,graph,"{'N': 100, 'noise': 0.0, 'dim': 'topology', 'direction': 'random'}",C0,"['C1', 'C2']","['C3', 'C4', 'C5', 'C6', 'C7']","{'edges_fwd': 138, 'edges_bwd': 138, 'nodes': 114, 'edge_total': 138}",35,12.217594,4.229583,1.961844,0.817183,0.0,1.0,1.0,1.0,0.068795,0.162258,0,0.095493,0.095493,0.8720815992723809,0.0,0.0,0.0,,,,,
graph,100,0.0,random,2,10,,,,,graph,"{'N': 100, 'noise': 0.0, 'dim': 'topology', 'direction': 'random'}",C0,"['C1', 'C2']","['C3', 'C4', 'C5', 'C6', 'C7']","{'edges_fwd': 143, 'edges_bwd': 143, 'nodes': 114, 'edge_total': 143}",29,12.16588,4.286875,1.95657,0.767445,0.0,1.0,1.0,1.0,0.147221,0.188846,0,0.11245,0.11245,0.31622776601683794,0.0,0.0,0.0,,,,,
graph,100,0.0,random,2,11,,,,,graph,"{'N': 100, 'noise': 0.0, 'dim': 'topology', 'direction': 'random'}",C0,"['C1', 'C2']","['C3', 'C4', 'C5', 'C6', 'C7']","{'edges_fwd': 142, 'edges_bwd': 142, 'nodes': 114, 'edge_total': 142}",47,12.217594,4.217877,2.072703,0.835251,0.0,1.0,1.0,1.0,0.106246,0.176822,0,0.137178,0.137178,0.6546536707079772,0.0,0.0,0.0,,,,,
graph,100,0.0,random,2,12,,,,,graph,"{'N': 100, 'noise': 0.0, 'dim': 'topology', 'direction': 'random'}",C0,"['C1', 'C2']","['C3', 'C4', 'C5', 'C6', 'C7']","{'edges_fwd': 132, 'edges_bwd': 132, 'nodes': 114, 'edge_total': 132}",25,12.178371,4.286875,1.942829,0.752033,0.0,1.0,1.0,1.0,0.06698,0.204106,0,0.110431,0.110431,0.6324555320336759,0.0,0.0,0.0,,,,,
graph,100,0.0,random,2,13,,,,,graph,"{'N': 100, 'noise': 0.0, 'dim': 'topology', 'direction': 'random'}",C0,"['C1', 'C2']","['C3', 'C4', 'C5', 'C6', 'C7']","{'edges_fwd': 138, 'edges_bwd': 138, 'nodes': 114, 'edge_total': 138}",31,12.187921,4.286875,1.937343,0.796899,0.0,0.5,0.0,1.0,-0.018281,0.151888,1,0.099184,0.099184,-0.21081851067789195,0.0,0.0,0.0,,,,,
graph,100,0.0,random,2,14,,,,,graph,"{'N': 100, 'noise': 0.0, 'dim': 'topology', 'direction': 'random'}",C0,"['C1', 'C2']","['C3', 'C4', 'C5', 'C6', 'C7']","{'edges_fwd': 146, 'edges_bwd': 146, 'nodes': 114, 'edge_total': 146}",38,12.112059,4.286875,2.02728,0.804162,0.0,1.0,1.0,1.0,0.093611,0.120963,0,0.078085,0.078085,0.8944271909999159,0.0,0.0,0.0,,,,,
graph,100,0.0,random,2,15,,,,,graph,"{'N': 100, 'noise': 0.0, 'dim': 'topology', 'direction': 'random'}",C0,"['C1', 'C2']","['C3', 'C4', 'C5', 'C6', 'C7']","{'edges_fwd': 138, 'edges_bwd': 138, 'nodes': 114, 'edge_total': 138}",21,11.965655,4.286875,1.821989,0.742178,0.0,1.0,1.0,1.0,0.016586,0.156028,0,0.086705,0.086705,0.19999999999999996,0.0,0.0,0.0,,,,,
graph,100,0.0,random,2,16,,,,,graph,"{'N': 100, 'noise': 0.0, 'dim': 'topology', 'direction': 'random'}",C0,"['C1', 'C2']","['C3', 'C4', 'C5', 'C6', 'C7']","{'edges_fwd': 144, 'edges_bwd': 144, 'nodes': 114, 'edge_total': 144}",43,12.216194,4.286875,2.022514,0.824004,0.0,1.0,1.0,1.0,0.078812,0.133966,0,0.069657,0.069657,0.3999999999999999,0.0,0.0,0.0,,,,,
graph,100,0.0,random,2,17,,,,,graph,"{'N': 100, 'noise': 0.0, 'dim': 'topology', 'direction': 'random'}",C0,"['C1', 'C2']","['C3', 'C4', 'C5', 'C6', 'C7']","{'edges_fwd': 141, 'edges_bwd': 141, 'nodes': 114, 'edge_total': 141}",32,12.151434,4.286875,1.930529,0.801877,0.0,1.0,1.0,1.0,0.187628,0.26532,0,0.139646,0.139646,0.6999999999999998,0.0,0.0,0.0,,,,,
graph,100,0.0,random,2,18,,,,,graph,"{'N': 100, 'noise': 0.0, 'dim': 'topology', 'direction': 'random'}",C0,"['C1', 'C2']","['C3', 'C4', 'C5', 'C6', 'C7']","{'edges_fwd': 144, 'edges_bwd': 144, 'nodes': 114, 'edge_total': 144}",39,12.095598,4.286875,1.976478,0.818389,0.0,0.33333,0.0,1.0,-0.004099,0.088584,2,0.053277,0.053277,0.31622776601683794,0.0,0.0,0.0,,,,,
graph,100,0.0,random,2,19,,,,,graph,"{'N': 100, 'noise': 0.0, 'dim': 'topology', 'direction': 'random'}",C0,"['C1', 'C2']","['C3', 'C4', 'C5', 'C6', 'C7']","{'edges_fwd': 137, 'edges_bwd': 137, 'nodes': 114, 'edge_total': 137}",35,12.206442,4.286875,1.976592,0.805764,0.0,1.0,1.0,1.0,0.157917,0.185409,0,0.134937,0.134937,0.31622776601683794,0.0,0.0,0.0,,,,,
graph,300,0.0,random,2,0,,,,,graph,"{'N': 300, 'noise': 0.0, 'dim': 'topology', 'direction': 'random'}",C0,"['C1', 'C2']","['C3', 'C4', 'C5', 'C6', 'C7']","{'edges_fwd': 381, 'edges_bwd': 381, 'nodes': 314, 'edge_total': 381}",81,12.10889,4.286875,2.095535,0.876732,0.0,1.0,1.0,1.0,0.004848,0.040871,0,0.034108,0.034108,0.10540925533894598,0.0,0.0,0.0,,,,,
graph,300,0.0,random,2,1,,,,,graph,"{'N': 300, 'noise': 0.0, 'dim': 'topology', 'direction': 'random'}",C0,"['C1', 'C2']","['C3', 'C4', 'C5', 'C6', 'C7']","{'edges_fwd': 372, 'edges_bwd': 372, 'nodes': 314, 'edge_total': 372}",40,11.950801,4.286875,1.956859,0.821484,0.0,1.0,1.0,1.0,0.084328,0.134412,0,0.079797,0.079797,0.31622776601683794,0.0,0.0,0.0,,,,,
graph,300,0.0,random,2,2,,,,,graph,"{'N': 300, 'noise': 0.0, 'dim': 'topology', 'direction': 'random'}",C0,"['C1', 'C2']","['C3', 'C4', 'C5', 'C6', 'C7']","{'edges_fwd': 393, 'edges_bwd': 393, 'nodes': 314, 'edge_total': 393}",64,12.192255,4.286875,2.146842,0.850665,0.0,0.5,0.0,1.0,-0.009994,0.057892,1,0.031927,0.031927,0.5999999999999999,0.0,0.0,0.0,,,,,
graph,300,0.0,random,2,3,,,,,graph,"{'N': 300, 'noise': 0.0, 'dim': 'topology', 'direction': 'random'}",C0,"['C1', 'C2']","['C3', 'C4', 'C5', 'C6', 'C7']","{'edges_fwd': 397, 'edges_bwd': 397, 'nodes': 314, 'edge_total': 397}",55,12.211933,4.286875,2.030007,0.860791,0.0,1.0,1.0,1.0,0.125827,,0,0.14044,0.14044,0.5,0.0,0.0,0.0,,,,,
graph,300,0.0,random,2,4,,,,,graph,"{'N': 300, 'noise': 0.0, 'dim': 'topology', 'direction': 'random'}",C0,"['C1', 'C2']","['C3', 'C4', 'C5', 'C6', 'C7']","{'edges_fwd': 392, 'edges_bwd': 392, 'nodes': 314, 'edge_total': 392}",67,12.217594,4.193925,2.095737,0.871981,0.0,1.0,1.0,1.0,0.049915,0.050989,0,0.049233,0.049233,0.8944271909999159,0.0,0.0,0.0,,,,,
graph,300,0.0,random,2,5,,,,,graph,"{'N': 300, 'noise': 0.0, 'dim': 'topology', 'direction': 'random'}",C0,"['C1', 'C2']","['C3', 'C4', 'C5', 'C6', 'C7']","{'edges_fwd': 399, 'edges_bwd': 399, 'nodes': 314, 'edge_total': 399}",70,12.217594,4.251661,2.153892,0.853833,0.0,1.0,1.0,1.0,0.076068,0.163427,0,0.083989,0.083989,0.9486832980505138,0.0,0.0,0.0,,,,,
graph,300,0.0,random,2,6,,,,,graph,"{'N': 300, 'noise': 0.0, 'dim': 'topology', 'direction': 'random'}",C0,"['C1', 'C2']","['C3', 'C4', 'C5', 'C6', 'C7']","{'edges_fwd': 382, 'edges_bwd': 382, 'nodes': 314, 'edge_total': 382}",47,12.197302,4.286875,2.063091,0.831019,0.0,1.0,1.0,1.0,0.141244,,0,0.131478,0.131478,1.0,0.0,0.0,0.0,,,,,
graph,300,0.0,random,2,7,,,,,graph,"{'N': 300, 'noise': 0.0, 'dim': 'topology', 'direction': 'random'}",C0,"['C1', 'C2']","['C3', 'C4', 'C5', 'C6', 'C7']","{'edges_fwd': 405, 'edges_bwd': 405, 'nodes': 314, 'edge_total': 405}",79,12.179134,4.286875,2.144354,0.86858,0.0,1.0,1.0,1.0,0.015112,0.058191,0,0.030263,0.030263,0.6324555320336759,0.0,0.0,0.0,,,,,
graph,300,0.0,random,2,8,,,,,graph,"{'N': 300, 'noise': 0.0, 'dim': 'topology', 'direction': 'random'}",C0,"['C1', 'C2']","['C3', 'C4', 'C5', 'C6', 'C7']","{'edges_fwd': 380, 'edges_bwd': 380, 'nodes': 314, 'edge_total': 380}",63,12.217594,4.284068,2.105779,0.858726,0.0,1.0,1.0,1.0,0.094847,,0,0.081976,0.081976,0.8660254037844385,0.0,0.0,0.0,,,,,
graph,300,0.0,random,2,9,,,,,graph,"{'N': 300, 'noise': 0.0, 'dim': 'topology', 'direction': 'random'}",C0,"['C1', 'C2']","['C3', 'C4', 'C5', 'C6', 'C7']","{'edges_fwd': 392, 'edges_bwd': 392, 'nodes': 314, 'edge_total': 392}",69,12.112851,4.286875,2.073952,0.867106,0.0,1.0,1.0,1.0,0.032387,0.088278,0,0.047226,0.047226,0.7745966692414834,0.0,0.0,0.0,,,,,
graph,300,0.0,random,2,10,,,,,graph,"{'N': 300, 'noise': 0.0, 'dim': 'topology', 'direction': 'random'}",C0,"['C1', 'C2']","['C3', 'C4', 'C5', 'C6', 'C7']","{'edges_fwd': 372, 'edges_bwd': 372, 'nodes': 314, 'edge_total': 372}",52,12.052038,4.286875,2.023421,0.844372,0.0,1.0,1.0,1.0,0.057014,,0,0.058275,0.058275,0.8660254037844385,0.0,0.0,0.0,,,,,
graph,300,0.0,random,2,11,,,,,graph,"{'N': 300, 'noise': 0.0, 'dim': 'topology', 'direction': 'random'}",C0,"['C1', 'C2']","['C3', 'C4', 'C5', 'C6', 'C7']","{'edges_fwd': 389, 'edges_bwd': 389, 'nodes': 314, 'edge_total': 389}",97,12.028521,4.286875,2.191192,0.870396,0.0,1.0,1.0,1.0,0.024574,0.056774,0,0.036642,0.036642,0.9710083124552246,0.0,0.0,0.0,,,,,
graph,300,0.0,random,2,12,,,,,graph,"{'N': 300, 'noise': 0.0, 'dim': 'topology', 'direction': 'random'}",C0,"['C1', 'C2']","['C3', 'C4', 'C5', 'C6', 'C7']","{'edges_fwd': 387, 'edges_bwd': 387, 'nodes': 314, 'edge_total': 387}",76,12.087766,4.286875,2.124013,0.866609,0.0,0.5,0.0,1.0,-0.005533,0.048572,1,0.028633,0.028633,0.8720815992723809,0.0,0.0,0.0,,,,,
graph,300,0.0,random,2,13,,,,,graph,"{'N': 300, 'noise': 0.0, 'dim': 'topology', 'direction': 'random'}",C0,"['C1', 'C2']","['C3', 'C4', 'C5', 'C6', 'C7']","{'edges_fwd': 394, 'edges_bwd': 394, 'nodes': 314, 'edge_total': 394}",57,12.11912,4.286875,2.059229,0.855064,0.0,1.0,1.0,1.0,0.028142,,0,0.055961,0.055961,0.8660254037844385,0.0,0.0,0.0,,,,,
graph,300,0.0,random,2,14,,,,,graph,"{'N': 300, 'noise': 0.0, 'dim': 'topology', 'direction': 'random'}",C0,"['C1', 'C2']","['C3', 'C4', 'C5', 'C6', 'C7']","{'edges_fwd': 390, 'edges_bwd': 390, 'nodes': 314, 'edge_total': 390}",71,12.099095,4.286875,2.115658,0.8617,0.0,1.0,1.0,1.0,0.043192,0.076755,0,0.055082,0.055082,0.9999999999999998,0.0,0.0,0.0,,,,,
graph,300,0.0,random,2,15,,,,,graph,"{'N': 300, 'noise': 0.0, 'dim': 'topology', 'direction': 'random'}",C0,"['C1', 'C2']","['C3', 'C4', 'C5', 'C6', 'C7']","{'edges_fwd': 398, 'edges_bwd': 398, 'nodes': 314, 'edge_total': 398}",64,12.05803,4.286875,2.059442,0.863171,0.0,1.0,1.0,1.0,0.048803,0.097506,0,0.053912,0.053912,0.31622776601683794,0.0,0.0,0.0,,,,,
graph,300,0.0,random,2,16,,,,,graph,"{'N': 300, 'noise': 0.0, 'dim': 'topology', 'direction': 'random'}",C0,"['C1', 'C2']","['C3', 'C4', 'C5', 'C6', 'C7']","{'edges_fwd': 386, 'edges_bwd': 386, 'nodes': 314, 'edge_total': 386}",66,11.897124,4.300756,2.059545,0.857174,0.0,1.0,1.0,1.0,0.006495,0.057676,0,0.037133,0.037133,0.31622776601683794,0.0,0.0,0.0,,,,,
graph,300,0.0,random,2,17,,,,,graph,"{'N': 300, 'noise': 0.0, 'dim': 'topology', 'direction': 'random'}",C0,"['C1', 'C2']","['C3', 'C4', 'C5', 'C6', 'C7']","{'edges_fwd': 387, 'edges_bwd': 387, 'nodes': 314, 'edge_total': 387}",65,12.069373,4.286875,2.114659,0.842483,0.0,1.0,1.0,1.0,0.044243,0.087454,0,0.049365,0.049365,0.6708203932499368,0.0,0.0,0.0,,,,,
graph,300,0.0,random,2,18,,,,,graph,"{'N': 300, 'noise': 0.0, 'dim': 'topology', 'direction': 'random'}",C0,"['C1', 'C2']","['C3', 'C4', 'C5', 'C6', 'C7']","{'edges_fwd': 389, 'edges_bwd': 389, 'nodes': 314, 'edge_total': 389}",70,12.129656,4.286875,2.108776,0.861777,0.0,0.5,0.0,1.0,-0.009608,0.013786,1,0.03395,0.03395,0.46169025843831935,0.0,0.0,0.0,,,,,
graph,300,0.0,random,2,19,,,,,graph,"{'N': 300, 'noise': 0.0, 'dim': 'topology', 'direction': 'random'}",C0,"['C1', 'C2']","['C3', 'C4', 'C5', 'C6', 'C7']","{'edges_fwd': 378, 'edges_bwd': 378, 'nodes': 314, 'edge_total': 378}",71,12.20799,4.286875,2.155771,0.855365,0.0,1.0,1.0,1.0,0.064055,0.098921,0,0.072892,0.072892,0.8944271909999159,0.0,0.0,0.0,,,,,
graph,300,0.0,forward,1,0,,,,,graph,"{'N': 300, 'noise': 0.0, 'dim': 'scaling', 'direction': 'forward', 'inputs': 1}",C0,['C1'],"['C2', 'C3', 'C4', 'C5', 'C6', 'C7']","{'edges_fwd': 380, 'edges_bwd': 380, 'nodes': 311, 'edge_total': 380}",8,6.108797,4.072531,1.276814,0.574906,0.0,1.0,1.0,1.0,0.0,,0,0.303143,0.0,,0.0,0.0,0.0,,,,,
graph,300,0.0,forward,1,1,,,,,graph,"{'N': 300, 'noise': 0.0, 'dim': 'scaling', 'direction': 'forward', 'inputs': 1}",C0,['C1'],"['C2', 'C3', 'C4', 'C5', 'C6', 'C7']","{'edges_fwd': 375, 'edges_bwd': 375, 'nodes': 311, 'edge_total': 375}",8,6.108797,4.072531,1.276107,0.574003,0.0,1.0,1.0,1.0,0.0,,0,0.281078,0.0,,0.0,0.0,0.0,,,,,
graph,300,0.0,forward,1,2,,,,,graph,"{'N': 300, 'noise': 0.0, 'dim': 'scaling', 'direction': 'forward', 'inputs': 1}",C0,['C1'],"['C2', 'C3', 'C4', 'C5', 'C6', 'C7']","{'edges_fwd': 388, 'edges_bwd': 388, 'nodes': 311, 'edge_total': 388}",8,6.108797,4.072531,1.275313,0.575692,0.0,1.0,1.0,1.0,0.0,,0,0.322355,0.0,,0.0,0.0,0.0,,,,,
graph,300,0.0,forward,1,3,,,,,graph,"{'N': 300, 'noise': 0.0, 'dim': 'scaling', 'direction': 'forward', 'inputs': 1}",C0,['C1'],"['C2', 'C3', 'C4', 'C5', 'C6', 'C7']","{'edges_fwd': 390, 'edges_bwd': 390, 'nodes': 311, 'edge_total': 390}",9,6.108797,4.072531,1.300829,0.617867,0.0,1.0,1.0,1.0,0.0,0.127668,0,0.274147,0.0,0.9999999999999998,0.0,0.0,0.0,,,,,
graph,300,0.0,forward,1,4,,,,,graph,"{'N': 300, 'noise': 0.0, 'dim': 'scaling', 'direction': 'forward', 'inputs': 1}",C0,['C1'],"['C2', 'C3', 'C4', 'C5', 'C6', 'C7']","{'edges_fwd': 387, 'edges_bwd': 387, 'nodes': 311, 'edge_total': 387}",8,6.108797,4.072531,1.263442,0.593756,0.0,1.0,1.0,1.0,0.0,,0,0.316871,0.0,,0.0,0.0,0.0,,,,,
graph,300,0.0,forward,1,5,,,,,graph,"{'N': 300, 'noise': 0.0, 'dim': 'scaling', 'direction': 'forward', 'inputs': 1}",C0,['C1'],"['C2', 'C3', 'C4', 'C5', 'C6', 'C7']","{'edges_fwd': 385, 'edges_bwd': 385, 'nodes': 311, 'edge_total': 385}",9,6.108797,4.072531,1.270995,0.641926,0.0,1.0,1.0,1.0,0.0,0.327241,0,0.385109,0.0,,0.0,0.0,0.0,,,,,
graph,300,0.0,forward,1,6,,,,,graph,"{'N': 300, 'noise': 0.0, 'dim': 'scaling', 'direction': 'forward', 'inputs': 1}",C0,['C1'],"['C2', 'C3', 'C4', 'C5', 'C6', 'C7']","{'edges_fwd': 397, 'edges_bwd': 397, 'nodes': 311, 'edge_total': 397}",8,6.108797,4.072531,1.274884,0.573575,0.0,1.0,1.0,1.0,0.0,,0,0.270621,0.0,,0.0,0.0,0.0,,,,,
graph,300,0.0,forward,1,7,,,,,graph,"{'N': 300, 'noise': 0.0, 'dim': 'scaling', 'direction': 'forward', 'inputs': 1}",C0,['C1'],"['C2', 'C3', 'C4', 'C5', 'C6', 'C7']","{'edges_fwd': 383, 'edges_bwd': 383, 'nodes': 311, 'edge_total': 383}",5,6.108797,4.072531,1.098612,0.466667,0.0,1.0,1.0,1.0,0.0,,0,0.509066,0.0,,0.0,0.0,0.0,,,,,
graph,300,0.0,forward,1,8,,,,,graph,"{'N': 300, 'noise': 0.0, 'dim': 'scaling', 'direction': 'forward', 'inputs': 1}",C0,['C1'],"['C2', 'C3', 'C4', 'C5', 'C6', 'C7']","{'edges_fwd': 384, 'edges_bwd': 384, 'nodes': 311, 'edge_total': 384}",5,6.108797,4.072531,1.098612,0.466667,0.0,1.0,1.0,1.0,0.0,,0,0.509066,0.0,,0.0,0.0,0.0,,,,,
graph,300,0.0,forward,1,9,,,,,graph,"{'N': 300, 'noise': 0.0, 'dim': 'scaling', 'direction': 'forward', 'inputs': 1}",C0,['C1'],"['C2', 'C3', 'C4', 'C5', 'C6', 'C7']","{'edges_fwd': 376, 'edges_bwd': 376, 'nodes': 311, 'edge_total': 376}",5,6.108797,4.072531,1.098612,0.466667,0.0,1.0,1.0,1.0,0.0,,0,0.509066,0.0,,0.0,0.0,0.0,,,,,
graph,300,0.0,forward,1,10,,,,,graph,"{'N': 300, 'noise': 0.0, 'dim': 'scaling', 'direction': 'forward', 'inputs': 1}",C0,['C1'],"['C2', 'C3', 'C4', 'C5', 'C6', 'C7']","{'edges_fwd': 390, 'edges_bwd': 390, 'nodes': 311, 'edge_total': 390}",8,6.108797,4.072531,1.256843,0.598348,0.0,0.5,0.0,1.0,-0.093995,,1,0.332529,0.0,,0.0,0.0,0.0,,,,,
graph,300,0.0,forward,1,11,,,,,graph,"{'N': 300, 'noise': 0.0, 'dim': 'scaling', 'direction': 'forward', 'inputs': 1}",C0,['C1'],"['C2', 'C3', 'C4', 'C5', 'C6', 'C7']","{'edges_fwd': 390, 'edges_bwd': 390, 'nodes': 311, 'edge_total': 390}",8,6.108797,4.072531,1.264596,0.592057,0.0,1.0,1.0,1.0,0.0,,0,0.320155,0.0,,0.0,0.0,0.0,,,,,
graph,300,0.0,forward,1,12,,,,,graph,"{'N': 300, 'noise': 0.0, 'dim': 'scaling', 'direction': 'forward', 'inputs': 1}",C0,['C1'],"['C2', 'C3', 'C4', 'C5', 'C6', 'C7']","{'edges_fwd': 379, 'edges_bwd': 379, 'nodes': 311, 'edge_total': 379}",8,6.108797,4.072531,1.24781,0.608758,0.0,0.5,0.0,1.0,-0.071509,,1,0.367214,0.0,,0.0,0.0,0.0,,,,,
graph,300,0.0,forward,1,13,,,,,graph,"{'N': 300, 'noise': 0.0, 'dim': 'scaling', 'direction': 'forward', 'inputs': 1}",C0,['C1'],"['C2', 'C3', 'C4', 'C5', 'C6', 'C7']","{'edges_fwd': 396, 'edges_bwd': 396, 'nodes': 311, 'edge_total': 396}",8,6.108797,4.072531,1.276872,0.574639,0.0,1.0,1.0,1.0,0.0,,0,0.296626,0.0,,0.0,0.0,0.0,,,,,
graph,300,0.0,forward,1,14,,,,,graph,"{'N': 300, 'noise': 0.0, 'dim': 'scaling', 'direction': 'forward', 'inputs': 1}",C0,['C1'],"['C2', 'C3', 'C4', 'C5', 'C6', 'C7']","{'edges_fwd': 382, 'edges_bwd': 382, 'nodes': 311, 'edge_total': 382}",8,6.108797,4.072531,1.251996,0.603993,0.0,1.0,1.0,1.0,0.077184,,0,0.432823,0.0,,0.0,0.0,0.0,,,,,
graph,300,0.0,forward,1,15,,,,,graph,"{'N': 300, 'noise': 0.0, 'dim': 'scaling', 'direction': 'forward', 'inputs': 1}",C0,['C1'],"['C2', 'C3', 'C4', 'C5', 'C6', 'C7']","{'edges_fwd': 379, 'edges_bwd': 379, 'nodes': 311, 'edge_total': 379}",8,6.108797,4.072531,1.274746,0.575856,0.0,1.0,1.0,1.0,0.0,,0,0.326357,0.0,,0.0,0.0,0.0,,,,,
graph,300,0.0,forward,1,16,,,,,graph,"{'N': 300, 'noise': 0.0, 'dim': 'scaling', 'direction': 'forward', 'inputs': 1}",C0,['C1'],"['C2', 'C3', 'C4', 'C5', 'C6', 'C7']","{'edges_fwd': 387, 'edges_bwd': 387, 'nodes': 311, 'edge_total': 387}",8,6.108797,4.072531,1.276314,0.575299,0.0,1.0,1.0,1.0,0.0,,0,0.312751,0.0,,0.0,0.0,0.0,,,,,
graph,300,0.0,forward,1,17,,,,,graph,"{'N': 300, 'noise': 0.0, 'dim': 'scaling', 'direction': 'forward', 'inputs': 1}",C0,['C1'],"['C2', 'C3', 'C4', 'C5', 'C6', 'C7']","{'edges_fwd': 386, 'edges_bwd': 386, 'nodes': 311, 'edge_total': 386}",8,6.108797,4.072531,1.259928,0.595861,0.0,1.0,1.0,1.0,0.0,,0,0.375978,0.0,,0.0,0.0,0.0,,,,,
graph,300,0.0,forward,1,18,,,,,graph,"{'N': 300, 'noise': 0.0, 'dim': 'scaling', 'direction': 'forward', 'inputs': 1}",C0,['C1'],"['C2', 'C3', 'C4', 'C5', 'C6', 'C7']","{'edges_fwd': 393, 'edges_bwd': 393, 'nodes': 311, 'edge_total': 393}",9,6.108797,4.072531,1.298541,0.618827,0.0,1.0,1.0,1.0,0.0,0.212097,0,0.278619,0.0,0.9999999999999998,0.0,0.0,0.0,,,,,
graph,300,0.0,forward,1,19,,,,,graph,"{'N': 300, 'noise': 0.0, 'dim': 'scaling', 'direction': 'forward', 'inputs': 1}",C0,['C1'],"['C2', 'C3', 'C4', 'C5', 'C6', 'C7']","{'edges_fwd': 370, 'edges_bwd': 370, 'nodes': 311, 'edge_total': 370}",5,6.108797,4.072531,1.098612,0.466667,0.0,1.0,1.0,1.0,0.0,,0,0.509066,0.0,,0.0,0.0,0.0,,,,,
graph,300,0.0,forward,3,0,,,,,graph,"{'N': 300, 'noise': 0.0, 'dim': 'scaling', 'direction': 'forward', 'inputs': 3}",C0,"['C1', 'C2', 'C3']","['C4', 'C5', 'C6', 'C7']","{'edges_fwd': 391, 'edges_bwd': 391, 'nodes': 317, 'edge_total': 391}",20,18.326391,4.174114,2.230489,0.616055,0.0,1.0,1.0,1.0,0.630991,0.911584,0,0.380019,0.760038,0.7071067811865475,0.0,0.0,0.0,,,,,
graph,300,0.0,forward,3,1,,,,,graph,"{'N': 300, 'noise': 0.0, 'dim': 'scaling', 'direction': 'forward', 'inputs': 3}",C0,"['C1', 'C2', 'C3']","['C4', 'C5', 'C6', 'C7']","{'edges_fwd': 391, 'edges_bwd': 391, 'nodes': 317, 'edge_total': 391}",19,18.326391,4.072531,2.228353,0.599191,0.0,1.0,1.0,1.0,0.596894,,0,0.400072,0.800144,0.6324555320336759,0.0,0.0,0.0,,,,,
graph,300,0.0,forward,3,2,,,,,graph,"{'N': 300, 'noise': 0.0, 'dim': 'scaling', 'direction': 'forward', 'inputs': 3}",C0,"['C1', 'C2', 'C3']","['C4', 'C5', 'C6', 'C7']","{'edges_fwd': 398, 'edges_bwd': 398, 'nodes': 317, 'edge_total': 398}",19,18.326391,4.072531,2.247874,0.585176,0.0,1.0,1.0,1.0,0.572363,,0,0.360477,0.720953,0.7745966692414834,0.0,0.0,0.0,,,,,
graph,300,0.0,forward,3,3,,,,,graph,"{'N': 300, 'noise': 0.0, 'dim': 'scaling', 'direction': 'forward', 'inputs': 3}",C0,"['C1', 'C2', 'C3']","['C4', 'C5', 'C6', 'C7']","{'edges_fwd': 397, 'edges_bwd': 397, 'nodes': 317, 'edge_total': 397}",19,18.326391,4.072531,2.248974,0.583545,0.0,1.0,1.0,1.0,0.613344,,0,0.374137,0.748273,0.7745966692414834,0.0,0.0,0.0,,,,,
graph,300,0.0,forward,3,4,,,,,graph,"{'N': 300, 'noise': 0.0, 'dim': 'scaling', 'direction': 'forward', 'inputs': 3}",C0,"['C1', 'C2', 'C3']","['C4', 'C5', 'C6', 'C7']","{'edges_fwd': 398, 'edges_bwd': 398, 'nodes': 317, 'edge_total': 398}",22,18.326391,4.072531,2.297797,0.614116,0.0,1.0,1.0,1.0,0.633666,,0,0.340281,0.680563,0.3999999999999999,0.0,0.0,0.0,,,,,
graph,300,0.0,forward,3,5,,,,,graph,"{'N': 300, 'noise': 0.0, 'dim': 'scaling', 'direction': 'forward', 'inputs': 3}",C0,"['C1', 'C2', 'C3']","['C4', 'C5', 'C6', 'C7']","{'edges_fwd': 396, 'edges_bwd': 396, 'nodes': 317, 'edge_total': 396}",23,18.326391,4.072531,2.316878,0.616511,0.0,1.0,1.0,1.0,0.590664,0.893273,0,0.324438,0.648877,0.5642880936468347,0.0,0.0,0.0,,,,,
graph,300,0.0,forward,3,6,,,,,graph,"{'N': 300, 'noise': 0.0, 'dim': 'scaling', 'direction': 'forward', 'inputs': 3}",C0,"['C1', 'C2', 'C3']","['C4', 'C5', 'C6', 'C7']","{'edges_fwd': 399, 'edges_bwd': 399, 'nodes': 317, 'edge_total': 399}",22,18.326391,4.072531,2.307325,0.603171,0.0,1.0,1.0,1.0,0.498842,,0,0.318171,0.636342,0.9486832980505138,0.0,0.0,0.0,,,,,
graph,300,0.0,forward,3,7,,,,,graph,"{'N': 300, 'noise': 0.0, 'dim': 'scaling', 'direction': 'forward', 'inputs': 3}",C0,"['C1', 'C2', 'C3']","['C4', 'C5', 'C6', 'C7']","{'edges_fwd': 395, 'edges_bwd': 395, 'nodes': 317, 'edge_total': 395}",19,18.326391,4.072531,2.240601,0.59102,0.0,1.0,1.0,1.0,0.661352,,0,0.390139,0.780279,0.9486832980505138,0.0,0.0,0.0,,,,,
graph,300,0.0,forward,3,8,,,,,graph,"{'N': 300, 'noise': 0.0, 'dim': 'scaling', 'direction': 'forward', 'inputs': 3}",C0,"['C1', 'C2', 'C3']","['C4', 'C5', 'C6', 'C7']","{'edges_fwd': 390, 'edges_bwd': 390, 'nodes': 317, 'edge_total': 390}",20,18.326391,4.072531,2.230505,0.623729,0.0,1.0,1.0,1.0,0.653507,1.042053,0,0.434896,0.727678,0.7071067811865475,0.0,0.0,0.0,,,,,
graph,300,0.0,forward,3,9,,,,,graph,"{'N': 300, 'noise': 0.0, 'dim': 'scaling', 'direction': 'forward', 'inputs': 3}",C0,"['C1', 'C2', 'C3']","['C4', 'C5', 'C6', 'C7']","{'edges_fwd': 399, 'edges_bwd': 399, 'nodes': 317, 'edge_total': 399}",20,18.326391,4.072531,2.240367,0.617267,0.0,1.0,1.0,1.0,0.619318,1.008925,0,0.376128,0.752256,0.4999999999999999,0.0,0.0,0.0,,,,,
graph,300,0.0,forward,3,10,,,,,graph,"{'N': 300, 'noise': 0.0, 'dim': 'scaling', 'direction': 'forward', 'inputs': 3}",C0,"['C1', 'C2', 'C3']","['C4', 'C5', 'C6', 'C7']","{'edges_fwd': 400, 'edges_bwd': 400, 'nodes': 317, 'edge_total': 400}",22,18.326391,4.072531,2.31094,0.600163,0.0,1.0,1.0,1.0,0.619658,,0,0.327692,0.655385,0.9486832980505138,0.0,0.0,0.0,,,,,
graph,300,0.0,forward,3,11,,,,,graph,"{'N': 300, 'noise': 0.0, 'dim': 'scaling', 'direction': 'forward', 'inputs': 3}",C0,"['C1', 'C2', 'C3']","['C4', 'C5', 'C6', 'C7']","{'edges_fwd': 399, 'edges_bwd': 399, 'nodes': 317, 'edge_total': 399}",22,18.326391,4.072531,2.279191,0.628664,0.0,1.0,1.0,1.0,0.63462,,0,0.341442,0.682884,0.31622776601683794,0.0,0.0,0.0,,,,,
graph,300,0.0,forward,3,12,,,,,graph,"{'N': 300, 'noise': 0.0, 'dim': 'scaling', 'direction': 'forward', 'inputs': 3}",C0,"['C1', 'C2', 'C3']","['C4', 'C5', 'C6', 'C7']","{'edges_fwd': 387, 'edges_bwd': 387, 'nodes': 317, 'edge_total': 387}",19,18.326391,4.072531,2.253818,0.578413,0.0,1.0,1.0,1.0,0.55975,,0,0.356272,0.712544,0.31622776601683794,0.0,0.0,0.0,,,,,
graph,300,0.0,forward,3,13,,,,,graph,"{'N': 300, 'noise': 0.0, 'dim': 'scaling', 'direction': 'forward', 'inputs': 3}",C0,"['C1', 'C2', 'C3']","['C4', 'C5', 'C6', 'C7']","{'edges_fwd': 378, 'edges_bwd': 378, 'nodes': 317, 'edge_total': 378}",21,18.326391,4.072531,2.289913,0.59649,0.0,1.0,1.0,1.0,0.482273,,0,0.314814,0.629628,0.9486832980505138,0.0,0.0,0.0,,,,,
graph,300,0.0,forward,3,14,,,,,graph,"{'N': 300, 'noise': 0.0, 'dim': 'scaling', 'direction': 'forward', 'inputs': 3}",C0,"['C1', 'C2', 'C3']","['C4', 'C5', 'C6', 'C7']","{'edges_fwd': 381, 'edges_bwd': 381, 'nodes': 317, 'edge_total': 381}",19,18.326391,4.072531,2.240927,0.590729,0.0,1.0,1.0,1.0,0.663105,,0,0.390724,0.781448,0.31622776601683794,0.0,0.0,0.0,,,,,
graph,300,0.0,forward,3,15,,,,,graph,"{'N': 300, 'noise': 0.0, 'dim': 'scaling', 'direction': 'forward', 'inputs': 3}",C0,"['C1', 'C2', 'C3']","['C4', 'C5', 'C6', 'C7']","{'edges_fwd': 393, 'edges_bwd': 393, 'nodes': 317, 'edge_total': 393}",19,18.326391,4.072531,2.246768,0.584294,0.0,1.0,1.0,1.0,0.646584,,0,0.385217,0.770433,0.6324555320336759,0.0,0.0,0.0,,,,,
graph,300,0.0,forward,3,16,,,,,graph,"{'N': 300, 'noise': 0.0, 'dim': 'scaling', 'direction': 'forward', 'inputs': 3}",C0,"['C1', 'C2', 'C3']","['C4', 'C5', 'C6', 'C7']","{'edges_fwd': 393, 'edges_bwd': 393, 'nodes': 317, 'edge_total': 393}",16,18.326391,4.072531,2.181415,0.546076,0.0,1.0,1.0,1.0,0.777335,,0,0.4288,0.857601,0.3333333333333334,0.0,0.0,0.0,,,,,
graph,300,0.0,forward,3,17,,,,,graph,"{'N': 300, 'noise': 0.0, 'dim': 'scaling', 'direction': 'forward', 'inputs': 3}",C0,"['C1', 'C2', 'C3']","['C4', 'C5', 'C6', 'C7']","{'edges_fwd': 390, 'edges_bwd': 390, 'nodes': 317, 'edge_total': 390}",22,18.326391,4.072531,2.312993,0.597275,0.0,1.0,1.0,1.0,0.616353,,0,0.32605,0.652101,0.6324555320336759,0.0,0.0,0.0,,,,,
graph,300,0.0,forward,3,18,,,,,graph,"{'N': 300, 'noise': 0.0, 'dim': 'scaling', 'direction': 'forward', 'inputs': 3}",C0,"['C1', 'C2', 'C3']","['C4', 'C5', 'C6', 'C7']","{'edges_fwd': 378, 'edges_bwd': 378, 'nodes': 317, 'edge_total': 378}",19,18.326391,4.072531,2.240529,0.593062,0.0,1.0,1.0,1.0,0.483897,,0,0.373244,0.746489,0.9999999999999998,0.0,0.0,0.0,,,,,
graph,300,0.0,forward,3,19,,,,,graph,"{'N': 300, 'noise': 0.0, 'dim': 'scaling', 'direction': 'forward', 'inputs': 3}",C0,"['C1', 'C2', 'C3']","['C4', 'C5', 'C6', 'C7']","{'edges_fwd': 383, 'edges_bwd': 383, 'nodes': 317, 'edge_total': 383}",22,18.326391,4.072531,2.311881,0.599894,0.0,1.0,1.0,1.0,0.602236,,0,0.322814,0.645627,0.31622776601683794,0.0,0.0,0.0,,,,,
graph,300,0.0,forward,5,0,,,,,graph,"{'N': 300, 'noise': 0.0, 'dim': 'scaling', 'direction': 'forward', 'inputs': 5}",C0,"['C1', 'C2', 'C3', 'C4', 'C5']","['C6', 'C7']","{'edges_fwd': 401, 'edges_bwd': 401, 'nodes': 323, 'edge_total': 401}",33,30.543984,4.192,2.730237,0.615402,0.0,1.0,1.0,1.0,1.080566,,0,0.34182,1.367282,0.9258200997725515,0.0,0.0,0.0,,,,,
graph,300,0.0,forward,5,1,,,,,graph,"{'N': 300, 'noise': 0.0, 'dim': 'scaling', 'direction': 'forward', 'inputs': 5}",C0,"['C1', 'C2', 'C3', 'C4', 'C5']","['C6', 'C7']","{'edges_fwd': 393, 'edges_bwd': 393, 'nodes': 323, 'edge_total': 393}",27,30.543984,4.072531,2.658535,0.569363,0.0,1.0,1.0,1.0,1.673884,,0,0.445531,1.73742,0.7184212081070995,0.0,0.0,0.0,,,,,
graph,300,0.0,forward,5,2,,,,,graph,"{'N': 300, 'noise': 0.0, 'dim': 'scaling', 'direction': 'forward', 'inputs': 5}",C0,"['C1', 'C2', 'C3', 'C4', 'C5']","['C6', 'C7']","{'edges_fwd': 401, 'edges_bwd': 401, 'nodes': 323, 'edge_total': 401}",27,30.543984,4.072531,2.660336,0.566265,0.0,1.0,1.0,1.0,1.666949,,0,0.435203,1.740813,0.6956083436402524,0.0,0.0,0.0,,,,,
graph,300,0.0,forward,5,3,,,,,graph,"{'N': 300, 'noise': 0.0, 'dim': 'scaling', 'direction': 'forward', 'inputs': 5}",C0,"['C1', 'C2', 'C3', 'C4', 'C5']","['C6', 'C7']","{'edges_fwd': 395, 'edges_bwd': 395, 'nodes': 323, 'edge_total': 395}",30,30.543984,4.142105,2.702897,0.592265,0.0,1.0,1.0,1.0,1.380316,,0,0.377876,1.511506,0.6468431588153822,0.0,0.0,0.0,,,,,
graph,300,0.0,forward,5,4,,,,,graph,"{'N': 300, 'noise': 0.0, 'dim': 'scaling', 'direction': 'forward', 'inputs': 5}",C0,"['C1', 'C2', 'C3', 'C4', 'C5']","['C6', 'C7']","{'edges_fwd': 418, 'edges_bwd': 418, 'nodes': 323, 'edge_total': 418}",34,30.543984,4.072531,2.745366,0.623976,0.0,1.0,1.0,1.0,0.867798,1.386495,0,0.332321,1.329285,0.8017837257372732,0.0,0.0,0.0,,,,,
graph,300,0.0,forward,5,5,,,,,graph,"{'N': 300, 'noise': 0.0, 'dim': 'scaling', 'direction': 'forward', 'inputs': 5}",C0,"['C1', 'C2', 'C3', 'C4', 'C5']","['C6', 'C7']","{'edges_fwd': 408, 'edges_bwd': 408, 'nodes': 323, 'edge_total': 408}",36,30.543984,4.072531,2.785264,0.616926,0.0,1.0,1.0,1.0,1.173826,1.50226,0,0.311096,1.244383,0.610785564835303,0.0,0.0,0.0,,,,,
graph,300,0.0,forward,5,6,,,,,graph,"{'N': 300, 'noise': 0.0, 'dim': 'scaling', 'direction': 'forward', 'inputs': 5}",C0,"['C1', 'C2', 'C3', 'C4', 'C5']","['C6', 'C7']","{'edges_fwd': 407, 'edges_bwd': 407, 'nodes': 323, 'edge_total': 407}",31,30.543984,4.072531,2.709737,0.599052,0.0,1.0,1.0,1.0,1.532167,1.948231,0,0.408247,1.632987,0.26839443571454613,0.0,0.0,0.0,,,,,
graph,300,0.0,forward,5,7,,,,,graph,"{'N': 300, 'noise': 0.0, 'dim': 'scaling', 'direction': 'forward', 'inputs': 5}",C0,"['C1', 'C2', 'C3', 'C4', 'C5']","['C6', 'C7']","{'edges_fwd': 395, 'edges_bwd': 395, 'nodes': 323, 'edge_total': 395}",27,30.543984,4.072531,2.659933,0.567025,0.0,1.0,1.0,1.0,1.713368,,0,0.444487,1.777948,0.5627748595326502,0.0,0.0,0.0,,,,,
graph,300,0.0,forward,5,8,,,,,graph,"{'N': 300, 'noise': 0.0, 'dim': 'scaling', 'direction': 'forward', 'inputs': 5}",C0,"['C1', 'C2', 'C3', 'C4', 'C5']","['C6', 'C7']","{'edges_fwd': 408, 'edges_bwd': 408, 'nodes': 323, 'edge_total': 408}",37,30.543984,4.104445,2.780605,0.626769,0.0,1.0,1.0,1.0,1.288672,1.514808,0,0.335147,1.34059,0.7768985960673558,0.0,0.0,0.0,,,,,
graph,300,0.0,forward,5,9,,,,,graph,"{'N': 300, 'noise': 0.0, 'dim': 'scaling', 'direction': 'forward', 'inputs': 5}",C0,"['C1', 'C2', 'C3', 'C4', 'C5']","['C6', 'C7']","{'edges_fwd': 397, 'edges_bwd': 397, 'nodes': 323, 'edge_total': 397}",36,30.543984,4.072531,2.787138,0.613296,0.0,1.0,1.0,1.0,1.184938,,0,0.319127,1.276508,0.8451542547285166,0.0,0.0,0.0,,,,,
graph,300,0.0,forward,5,10,,,,,graph,"{'N': 300, 'noise': 0.0, 'dim': 'scaling', 'direction': 'forward', 'inputs': 5}",C0,"['C1', 'C2', 'C3', 'C4', 'C5']","['C6', 'C7']","{'edges_fwd': 403, 'edges_bwd': 403, 'nodes': 323, 'edge_total': 403}",29,30.543984,4.072531,2.675107,0.594397,0.0,1.0,1.0,1.0,1.487527,,0,0.433038,1.732153,0.6172133998483676,0.0,0.0,0.0,,,,,
graph,300,0.0,forward,5,11,,,,,graph,"{'N': 300, 'noise': 0.0, 'dim': 'scaling', 'direction': 'forward', 'inputs': 5}",C0,"['C1', 'C2', 'C3', 'C4', 'C5']","['C6', 'C7']","{'edges_fwd': 399, 'edges_bwd': 399, 'nodes': 323, 'edge_total': 399}",33,30.543984,4.182624,2.7184,0.616157,0.0,1.0,1.0,1.0,1.340138,,0,0.369841,1.479364,0.6172133998483676,0.0,0.0,0.0,,,,,
graph,300,0.0,forward,5,12,,,,,graph,"{'N': 300, 'noise': 0.0, 'dim': 'scaling', 'direction': 'forward', 'inputs': 5}",C0,"['C1', 'C2', 'C3', 'C4', 'C5']","['C6', 'C7']","{'edges_fwd': 391, 'edges_bwd': 391, 'nodes': 323, 'edge_total': 391}",36,30.543984,4.144041,2.769243,0.626082,0.0,1.0,1.0,1.0,1.024204,,0,0.334337,1.337348,0.2732295333235123,0.0,0.0,0.0,,,,,
graph,300,0.0,forward,5,13,,,,,graph,"{'N': 300, 'noise': 0.0, 'dim': 'scaling', 'direction': 'forward', 'inputs': 5}",C0,"['C1', 'C2', 'C3', 'C4', 'C5']","['C6', 'C7']","{'edges_fwd': 394, 'edges_bwd': 394, 'nodes': 323, 'edge_total': 394}",30,30.543984,4.279799,2.687748,0.596585,0.0,1.0,1.0,1.0,1.481968,,0,0.398207,1.592827,0.0,0.0,0.0,0.0,,,,,
graph,300,0.0,forward,5,14,,,,,graph,"{'N': 300, 'noise': 0.0, 'dim': 'scaling', 'direction': 'forward', 'inputs': 5}",C0,"['C1', 'C2', 'C3', 'C4', 'C5']","['C6', 'C7']","{'edges_fwd': 398, 'edges_bwd': 398, 'nodes': 323, 'edge_total': 398}",33,30.543984,4.072531,2.752097,0.601109,0.0,1.0,1.0,1.0,1.240336,,0,0.34988,1.399522,0.6761234037828132,0.0,0.0,0.0,,,,,
graph,300,0.0,forward,5,15,,,,,graph,"{'N': 300, 'noise': 0.0, 'dim': 'scaling', 'direction': 'forward', 'inputs': 5}",C0,"['C1', 'C2', 'C3', 'C4', 'C5']","['C6', 'C7']","{'edges_fwd': 397, 'edges_bwd': 397, 'nodes': 323, 'edge_total': 397}",30,30.543984,4.199619,2.689722,0.601496,0.0,1.0,1.0,1.0,1.335176,,0,0.402489,1.514324,0.6546536707079772,0.0,0.0,0.0,,,,,
graph,300,0.0,forward,5,16,,,,,graph,"{'N': 300, 'noise': 0.0, 'dim': 'scaling', 'direction': 'forward', 'inputs': 5}",C0,"['C1', 'C2', 'C3', 'C4', 'C5']","['C6', 'C7']","{'edges_fwd': 402, 'edges_bwd': 402, 'nodes': 323, 'edge_total': 402}",33,30.543984,4.154627,2.720288,0.620324,0.0,1.0,1.0,1.0,1.335441,,0,0.389012,1.556047,0.8451542547285166,0.0,0.0,0.0,,,,,
graph,300,0.0,forward,5,17,,,,,graph,"{'N': 300, 'noise': 0.0, 'dim': 'scaling', 'direction': 'forward', 'inputs': 5}",C0,"['C1', 'C2', 'C3', 'C4', 'C5']","['C6', 'C7']","{'edges_fwd': 411, 'edges_bwd': 411, 'nodes': 323, 'edge_total': 411}",37,30.543984,4.072531,2.80286,0.612262,0.0,1.0,1.0,1.0,1.196207,1.450846,0,0.315531,1.262126,0.39295262399668784,0.0,0.0,0.0,,,,,
graph,300,0.0,forward,5,18,,,,,graph,"{'N': 300, 'noise': 0.0, 'dim': 'scaling', 'direction': 'forward', 'inputs': 5}",C0,"['C1', 'C2', 'C3', 'C4', 'C5']","['C6', 'C7']","{'edges_fwd': 393, 'edges_bwd': 393, 'nodes': 323, 'edge_total': 393}",27,30.543984,4.072531,2.66495,0.566611,0.0,1.0,1.0,1.0,1.618906,,0,0.425595,1.702378,0.7184212081070995,0.0,0.0,0.0,,,,,
graph,300,0.0,forward,5,19,,,,,graph,"{'N': 300, 'noise': 0.0, 'dim': 'scaling', 'direction': 'forward', 'inputs': 5}",C0,"['C1', 'C2', 'C3', 'C4', 'C5']","['C6', 'C7']","{'edges_fwd': 400, 'edges_bwd': 400, 'nodes': 323, 'edge_total': 400}",33,30.543984,4.072531,2.762229,0.592294,0.0,1.0,1.0,1.0,1.156468,,0,0.333107,1.332427,0.3086066999241838,0.0,0.0,0.0,,,,,
graph,300,0.0,forward,10,0,,,,,graph,"{'N': 300, 'noise': 0.0, 'dim': 'scaling', 'direction': 'forward', 'inputs': 10}",C0,"['C1', 'C2', 'C3', 'C4', 'C5', 'C6', 'C7']",[],"{'edges_fwd': 407, 'edges_bwd': 407, 'nodes': 338, 'edge_total': 407}",56,60.492738,4.286875,3.291131,0.606164,0.0,1.0,1.0,1.0,3.66485,,0,0.488211,3.798664,0.5773502691896257,0.0,0.0,0.0,,,,,
graph,300,0.0,forward,10,1,,,,,graph,"{'N': 300, 'noise': 0.0, 'dim': 'scaling', 'direction': 'forward', 'inputs': 10}",C0,"['C1', 'C2', 'C3', 'C4', 'C5', 'C6', 'C7']",[],"{'edges_fwd': 413, 'edges_bwd': 413, 'nodes': 338, 'edge_total': 413}",60,61.087969,4.173147,3.348621,0.605881,0.0,1.0,1.0,1.0,3.315746,,0,0.382481,3.442331,0.5773502691896257,0.0,0.0,0.0,,,,,
graph,300,0.0,forward,10,2,,,,,graph,"{'N': 300, 'noise': 0.0, 'dim': 'scaling', 'direction': 'forward', 'inputs': 10}",C0,"['C1', 'C2', 'C3', 'C4', 'C5', 'C6', 'C7']",[],"{'edges_fwd': 418, 'edges_bwd': 418, 'nodes': 338, 'edge_total': 418}",49,60.039715,4.286875,3.243708,0.574216,0.0,1.0,1.0,1.0,3.777809,,0,0.533513,3.753362,0.5916079783099615,0.0,0.0,0.0,,,,,
graph,300,0.0,forward,10,3,,,,,graph,"{'N': 300, 'noise': 0.0, 'dim': 'scaling', 'direction': 'forward', 'inputs': 10}",C0,"['C1', 'C2', 'C3', 'C4', 'C5', 'C6', 'C7']",[],"{'edges_fwd': 416, 'edges_bwd': 416, 'nodes': 338, 'edge_total': 416}",60,61.087969,4.161731,3.346337,0.605714,0.0,1.0,1.0,1.0,3.475245,,0,0.398431,3.58588,0.5808178695515156,0.0,0.0,0.0,,,,,
graph,300,0.0,forward,10,4,,,,,graph,"{'N': 300, 'noise': 0.0, 'dim': 'scaling', 'direction': 'forward', 'inputs': 10}",C0,"['C1', 'C2', 'C3', 'C4', 'C5', 'C6', 'C7']",[],"{'edges_fwd': 418, 'edges_bwd': 418, 'nodes': 338, 'edge_total': 418}",56,60.975129,4.286875,3.308506,0.595269,0.0,1.0,1.0,1.0,3.777809,,0,0.43987,3.847005,0.5916079783099615,0.0,0.0,0.0,,,,,
graph,300,0.0,forward,10,5,,,,,graph,"{'N': 300, 'noise': 0.0, 'dim': 'scaling', 'direction': 'forward', 'inputs': 10}",C0,"['C1', 'C2', 'C3', 'C4', 'C5', 'C6', 'C7']",[],"{'edges_fwd': 412, 'edges_bwd': 412, 'nodes': 336, 'edge_total': 412}",60,61.025942,4.286875,3.349322,0.6026,0.0,1.0,1.0,1.0,3.196185,,0,0.381029,3.324222,0.5773502691896257,0.0,0.0,0.0,,,,,
graph,300,0.0,forward,10,6,,,,,graph,"{'N': 300, 'noise': 0.0, 'dim': 'scaling', 'direction': 'forward', 'inputs': 10}",C0,"['C1', 'C2', 'C3', 'C4', 'C5', 'C6', 'C7']",[],"{'edges_fwd': 419, 'edges_bwd': 419, 'nodes': 338, 'edge_total': 419}",60,60.819924,4.286875,3.329452,0.611971,0.0,1.0,1.0,1.0,3.777809,,0,0.455492,3.831383,0.5773502691896257,0.0,0.0,0.0,,,,,
graph,300,0.0,forward,10,7,,,,,graph,"{'N': 300, 'noise': 0.0, 'dim': 'scaling', 'direction': 'forward', 'inputs': 10}",C0,"['C1', 'C2', 'C3', 'C4', 'C5', 'C6', 'C7']",[],"{'edges_fwd': 412, 'edges_bwd': 412, 'nodes': 336, 'edge_total': 412}",53,60.750318,4.286875,3.286454,0.588871,0.0,1.0,1.0,1.0,3.777809,,0,0.462453,3.824422,0.5916079783099615,0.0,0.0,0.0,,,,,
graph,300,0.0,forward,10,8,,,,,graph,"{'N': 300, 'noise': 0.0, 'dim': 'scaling', 'direction': 'forward', 'inputs': 10}",C0,"['C1', 'C2', 'C3', 'C4', 'C5', 'C6', 'C7']",[],"{'edges_fwd': 410, 'edges_bwd': 410, 'nodes': 337, 'edge_total': 410}",53,60.820942,4.286875,3.288901,0.587142,0.0,1.0,1.0,1.0,3.777809,,0,0.479251,3.807624,0.4472135954999579,0.0,0.0,0.0,,,,,
graph,300,0.0,forward,10,9,,,,,graph,"{'N': 300, 'noise': 0.0, 'dim': 'scaling', 'direction': 'forward', 'inputs': 10}",C0,"['C1', 'C2', 'C3', 'C4', 'C5', 'C6', 'C7']",[],"{'edges_fwd': 407, 'edges_bwd': 407, 'nodes': 338, 'edge_total': 407}",56,60.420353,4.286875,3.292301,0.602151,0.0,1.0,1.0,1.0,3.777809,,0,0.495449,3.791426,0.5773502691896257,0.0,0.0,0.0,,,,,
graph,300,0.0,forward,10,10,,,,,graph,"{'N': 300, 'noise': 0.0, 'dim': 'scaling', 'direction': 'forward', 'inputs': 10}",C0,"['C1', 'C2', 'C3', 'C4', 'C5', 'C6', 'C7']",[],"{'edges_fwd': 416, 'edges_bwd': 416, 'nodes': 337, 'edge_total': 416}",56,60.621295,4.374137,3.293635,0.602039,0.0,1.0,1.0,1.0,3.865071,,0,0.484081,3.890056,0.5808178695515156,0.0,0.0,0.0,,,,,
graph,300,0.0,forward,10,11,,,,,graph,"{'N': 300, 'noise': 0.0, 'dim': 'scaling', 'direction': 'forward', 'inputs': 10}",C0,"['C1', 'C2', 'C3', 'C4', 'C5', 'C6', 'C7']",[],"{'edges_fwd': 426, 'edges_bwd': 426, 'nodes': 337, 'edge_total': 426}",65,60.859145,4.286875,3.372416,0.620211,0.0,1.0,1.0,1.0,3.200859,,0,0.370021,3.218702,0.5773502691896257,0.0,0.0,0.0,,,,,
graph,300,0.0,forward,10,12,,,,,graph,"{'N': 300, 'noise': 0.0, 'dim': 'scaling', 'direction': 'forward', 'inputs': 10}",C0,"['C1', 'C2', 'C3', 'C4', 'C5', 'C6', 'C7']",[],"{'edges_fwd': 412, 'edges_bwd': 412, 'nodes': 338, 'edge_total': 412}",57,60.973711,4.286875,3.320055,0.596426,0.0,1.0,1.0,1.0,3.777809,,0,0.440113,3.846762,0.5808178695515156,0.0,0.0,0.0,,,,,
graph,300,0.0,forward,10,13,,,,,graph,"{'N': 300, 'noise': 0.0, 'dim': 'scaling', 'direction': 'forward', 'inputs': 10}",C0,"['C1', 'C2', 'C3', 'C4', 'C5', 'C6', 'C7']",[],"{'edges_fwd': 407, 'edges_bwd': 407, 'nodes': 337, 'edge_total': 407}",62,61.087969,4.089642,3.358106,0.611046,0.0,1.0,1.0,1.0,3.580576,,0,0.427982,3.66166,0.5773502691896257,0.0,0.0,0.0,,,,,
graph,300,0.0,forward,10,14,,,,,graph,"{'N': 300, 'noise': 0.0, 'dim': 'scaling', 'direction': 'forward', 'inputs': 10}",C0,"['C1', 'C2', 'C3', 'C4', 'C5', 'C6', 'C7']",[],"{'edges_fwd': 407, 'edges_bwd': 407, 'nodes': 337, 'edge_total': 407}",56,61.052494,4.286875,3.318046,0.587899,0.0,1.0,1.0,1.0,3.777809,,0,0.432235,3.85464,0.6708203932499369,0.0,0.0,0.0,,,,,
graph,300,0.0,forward,10,15,,,,,graph,"{'N': 300, 'noise': 0.0, 'dim': 'scaling', 'direction': 'forward', 'inputs': 10}",C0,"['C1', 'C2', 'C3', 'C4', 'C5', 'C6', 'C7']",[],"{'edges_fwd': 420, 'edges_bwd': 420, 'nodes': 338, 'edge_total': 420}",52,60.228653,4.286875,3.254138,0.59652,0.0,1.0,1.0,1.0,3.69757,,0,0.530024,3.756851,0.43643578047198484,0.0,0.0,0.0,,,,,
graph,300,0.0,forward,10,16,,,,,graph,"{'N': 300, 'noise': 0.0, 'dim': 'scaling', 'direction': 'forward', 'inputs': 10}",C0,"['C1', 'C2', 'C3', 'C4', 'C5', 'C6', 'C7']",[],"{'edges_fwd': 414, 'edges_bwd': 414, 'nodes': 336, 'edge_total': 414}",60,61.071811,4.286875,3.331688,0.614614,0.0,1.0,1.0,1.0,3.687846,,0,0.410429,3.632284,0.5773502691896257,0.0,0.0,0.0,,,,,
graph,300,0.0,forward,10,17,,,,,graph,"{'N': 300, 'noise': 0.0, 'dim': 'scaling', 'direction': 'forward', 'inputs': 10}",C0,"['C1', 'C2', 'C3', 'C4', 'C5', 'C6', 'C7']",[],"{'edges_fwd': 411, 'edges_bwd': 411, 'nodes': 337, 'edge_total': 411}",59,61.087969,4.104271,3.346944,0.597189,0.0,1.0,1.0,1.0,3.595205,,0,0.423152,3.68112,0.4390570399587614,0.0,0.0,0.0,,,,,
graph,300,0.0,forward,10,18,,,,,graph,"{'N': 300, 'noise': 0.0, 'dim': 'scaling', 'direction': 'forward', 'inputs': 10}",C0,"['C1', 'C2', 'C3', 'C4', 'C5', 'C6', 'C7']",[],"{'edges_fwd': 409, 'edges_bwd': 409, 'nodes': 338, 'edge_total': 409}",61,60.997464,4.286875,3.345851,0.609933,0.0,1.0,1.0,1.0,3.537618,,0,0.404668,3.642016,0.5773502691896257,0.0,0.0,0.0,,,,,
graph,300,0.0,forward,10,19,,,,,graph,"{'N': 300, 'noise': 0.0, 'dim': 'scaling', 'direction': 'forward', 'inputs': 10}",C0,"['C1', 'C2', 'C3', 'C4', 'C5', 'C6', 'C7']",[],"{'edges_fwd': 407, 'edges_bwd': 407, 'nodes': 337, 'edge_total': 407}",55,60.639452,4.286875,3.286428,0.602021,0.0,1.0,1.0,1.0,3.777809,,0,0.479373,3.807502,0.5808178695515156,0.0,0.0,0.0,,,,,
graph,300,0.0,forward,20,0,,,,,graph,"{'N': 300, 'noise': 0.0, 'dim': 'scaling', 'direction': 'forward', 'inputs': 20}",C0,"['C1', 'C2', 'C3', 'C4', 'C5', 'C6', 'C7']",[],"{'edges_fwd': 433, 'edges_bwd': 433, 'nodes': 363, 'edge_total': 433}",89,113.208693,4.286875,3.836485,0.584704,0.0,1.0,1.0,1.0,3.777809,,0,0.667861,3.619014,0.5773502691896257,0.0,0.0,0.0,,,,,
graph,300,0.0,forward,20,1,,,,,graph,"{'N': 300, 'noise': 0.0, 'dim': 'scaling', 'direction': 'forward', 'inputs': 20}",C0,"['C1', 'C2', 'C3', 'C4', 'C5', 'C6', 'C7']",[],"{'edges_fwd': 437, 'edges_bwd': 437, 'nodes': 362, 'edge_total': 437}",86,113.513571,4.286875,3.822371,0.577497,0.0,1.0,1.0,1.0,3.619921,,0,0.640545,3.64633,0.5916079783099615,0.0,0.0,0.0,,,,,
graph,300,0.0,forward,20,2,,,,,graph,"{'N': 300, 'noise': 0.0, 'dim': 'scaling', 'direction': 'forward', 'inputs': 20}",C0,"['C1', 'C2', 'C3', 'C4', 'C5', 'C6', 'C7']",[],"{'edges_fwd': 451, 'edges_bwd': 451, 'nodes': 364, 'edge_total': 451}",99,116.045185,4.286875,3.91602,0.59233,0.0,1.0,1.0,1.0,3.761338,,0,0.531096,3.755779,0.21821789023599242,0.0,0.0,0.0,,,,,
graph,300,0.0,forward,20,3,,,,,graph,"{'N': 300, 'noise': 0.0, 'dim': 'scaling', 'direction': 'forward', 'inputs': 20}",C0,"['C1', 'C2', 'C3', 'C4', 'C5', 'C6', 'C7']",[],"{'edges_fwd': 451, 'edges_bwd': 451, 'nodes': 364, 'edge_total': 451}",106,115.843966,4.286875,3.935398,0.608223,0.0,1.0,1.0,1.0,3.610793,,0,0.537165,3.74971,0.5773502691896257,0.0,0.0,0.0,,,,,
graph,300,0.0,forward,20,4,,,,,graph,"{'N': 300, 'noise': 0.0, 'dim': 'scaling', 'direction': 'forward', 'inputs': 20}",C0,"['C1', 'C2', 'C3', 'C4', 'C5', 'C6', 'C7']",[],"{'edges_fwd': 439, 'edges_bwd': 439, 'nodes': 362, 'edge_total': 439}",95,114.994014,4.286875,3.883884,0.591159,0.0,1.0,1.0,1.0,3.777809,,0,0.573408,3.713467,0.5808178695515156,0.0,0.0,0.0,,,,,
graph,300,0.0,forward,20,5,,,,,graph,"{'N': 300, 'noise': 0.0, 'dim': 'scaling', 'direction': 'forward', 'inputs': 20}",C0,"['C1', 'C2', 'C3', 'C4', 'C5', 'C6', 'C7']",[],"{'edges_fwd': 441, 'edges_bwd': 441, 'nodes': 366, 'edge_total': 441}",86,114.715128,4.286875,3.848003,0.567046,0.0,1.0,1.0,1.0,3.777809,,0,0.605375,3.6815,0.6151246852292455,0.0,0.0,0.0,,,,,
graph,300,0.0,forward,20,6,,,,,graph,"{'N': 300, 'noise': 0.0, 'dim': 'scaling', 'direction': 'forward', 'inputs': 20}",C0,"['C1', 'C2', 'C3', 'C4', 'C5', 'C6', 'C7']",[],"{'edges_fwd': 458, 'edges_bwd': 458, 'nodes': 366, 'edge_total': 458}",104,116.045555,4.286875,3.936176,0.600465,0.0,1.0,1.0,1.0,3.761011,,0,0.52823,3.758645,0.5773502691896257,0.0,0.0,0.0,,,,,
graph,300,0.0,forward,20,7,,,,,graph,"{'N': 300, 'noise': 0.0, 'dim': 'scaling', 'direction': 'forward', 'inputs': 20}",C0,"['C1', 'C2', 'C3', 'C4', 'C5', 'C6', 'C7']",[],"{'edges_fwd': 442, 'edges_bwd': 442, 'nodes': 363, 'edge_total': 442}",91,115.533868,4.435503,3.879701,0.572564,0.0,1.0,1.0,1.0,3.926437,,0,0.579578,3.855925,0.5916079783099615,0.0,0.0,0.0,,,,,
graph,300,0.0,forward,20,8,,,,,graph,"{'N': 300, 'noise': 0.0, 'dim': 'scaling', 'direction': 'forward', 'inputs': 20}",C0,"['C1', 'C2', 'C3', 'C4', 'C5', 'C6', 'C7']",[],"{'edges_fwd': 443, 'edges_bwd': 443, 'nodes': 362, 'edge_total': 443}",100,115.730805,4.286875,3.912053,0.599922,0.0,1.0,1.0,1.0,3.515749,,0,0.540229,3.746646,0.5773502691896257,0.0,0.0,0.0,,,,,
graph,300,0.0,forward,20,9,,,,,graph,"{'N': 300, 'noise': 0.0, 'dim': 'scaling', 'direction': 'forward', 'inputs': 20}",C0,"['C1', 'C2', 'C3', 'C4', 'C5', 'C6', 'C7']",[],"{'edges_fwd': 452, 'edges_bwd': 452, 'nodes': 364, 'edge_total': 452}",103,117.40169,4.286875,3.943634,0.594803,0.0,1.0,1.0,1.0,3.777809,,0,0.462127,3.824748,0.5808178695515156,0.0,0.0,0.0,,,,,
graph,300,0.0,forward,20,10,,,,,graph,"{'N': 300, 'noise': 0.0, 'dim': 'scaling', 'direction': 'forward', 'inputs': 20}",C0,"['C1', 'C2', 'C3', 'C4', 'C5', 'C6', 'C7']",[],"{'edges_fwd': 444, 'edges_bwd': 444, 'nodes': 362, 'edge_total': 444}",97,115.176203,4.286875,3.895356,0.592144,0.0,1.0,1.0,1.0,3.610029,,0,0.56433,3.722545,0.5773502691896257,0.0,0.0,0.0,,,,,
graph,300,0.0,forward,20,11,,,,,graph,"{'N': 300, 'noise': 0.0, 'dim': 'scaling', 'direction': 'forward', 'inputs': 20}",C0,"['C1', 'C2', 'C3', 'C4', 'C5', 'C6', 'C7']",[],"{'edges_fwd': 446, 'edges_bwd': 446, 'nodes': 364, 'edge_total': 446}",90,115.432075,4.286875,3.856713,0.58312,0.0,1.0,1.0,1.0,3.615175,,0,0.558093,3.728782,0.6151246852292455,0.0,0.0,0.0,,,,,
graph,300,0.0,forward,20,12,,,,,graph,"{'N': 300, 'noise': 0.0, 'dim': 'scaling', 'direction': 'forward', 'inputs': 20}",C0,"['C1', 'C2', 'C3', 'C4', 'C5', 'C6', 'C7']",[],"{'edges_fwd': 438, 'edges_bwd': 438, 'nodes': 365, 'edge_total': 438}",99,116.272143,4.286875,3.926221,0.586626,0.0,1.0,1.0,1.0,3.706434,,0,0.509533,3.777342,0.5773502691896257,0.0,0.0,0.0,,,,,
graph,300,0.0,forward,20,13,,,,,graph,"{'N': 300, 'noise': 0.0, 'dim': 'scaling', 'direction': 'forward', 'inputs': 20}",C0,"['C1', 'C2', 'C3', 'C4', 'C5', 'C6', 'C7']",[],"{'edges_fwd': 430, 'edges_bwd': 430, 'nodes': 362, 'edge_total': 430}",95,115.15977,4.31935,3.891535,0.58464,0.0,1.0,1.0,1.0,3.777809,,0,0.565152,3.721723,0.5773502691896257,0.0,0.0,0.0,,,,,
graph,300,0.0,forward,20,14,,,,,graph,"{'N': 300, 'noise': 0.0, 'dim': 'scaling', 'direction': 'forward', 'inputs': 20}",C0,"['C1', 'C2', 'C3', 'C4', 'C5', 'C6', 'C7']",[],"{'edges_fwd': 428, 'edges_bwd': 428, 'nodes': 365, 'edge_total': 428}",100,116.343158,4.286875,3.931515,0.58634,0.0,1.0,1.0,1.0,3.777809,,0,0.512877,3.773998,0.5916079783099615,0.0,0.0,0.0,,,,,
graph,300,0.0,forward,20,15,,,,,graph,"{'N': 300, 'noise': 0.0, 'dim': 'scaling', 'direction': 'forward', 'inputs': 20}",C0,"['C1', 'C2', 'C3', 'C4', 'C5', 'C6', 'C7']",[],"{'edges_fwd': 443, 'edges_bwd': 443, 'nodes': 364, 'edge_total': 443}",92,114.329876,4.286875,3.858603,0.588368,0.0,1.0,1.0,1.0,3.777809,,0,0.611255,3.67562,0.5916079783099615,0.0,0.0,0.0,,,,,
graph,300,0.0,forward,20,16,,,,,graph,"{'N': 300, 'noise': 0.0, 'dim': 'scaling', 'direction': 'forward', 'inputs': 20}",C0,"['C1', 'C2', 'C3', 'C4', 'C5', 'C6', 'C7']",[],"{'edges_fwd': 447, 'edges_bwd': 447, 'nodes': 362, 'edge_total': 447}",92,115.114949,4.286875,3.887828,0.574079,0.0,1.0,1.0,1.0,3.671829,,0,0.567393,3.719482,0.5808178695515156,0.0,0.0,0.0,,,,,
graph,300,0.0,forward,20,17,,,,,graph,"{'N': 300, 'noise': 0.0, 'dim': 'scaling', 'direction': 'forward', 'inputs': 20}",C0,"['C1', 'C2', 'C3', 'C4', 'C5', 'C6', 'C7']",[],"{'edges_fwd': 449, 'edges_bwd': 449, 'nodes': 365, 'edge_total': 449}",93,116.047147,4.286875,3.902668,0.571986,0.0,1.0,1.0,1.0,3.777809,,0,0.522258,3.764617,0.5808178695515156,0.0,0.0,0.0,,,,,
graph,300,0.0,forward,20,18,,,,,graph,"{'N': 300, 'noise': 0.0, 'dim': 'scaling', 'direction': 'forward', 'inputs': 20}",C0,"['C1', 'C2', 'C3', 'C4', 'C5', 'C6', 'C7']",[],"{'edges_fwd': 425, 'edges_bwd': 425, 'nodes': 363, 'edge_total': 425}",95,113.781944,4.286875,3.863892,0.597766,0.0,1.0,1.0,1.0,3.913323,,0,0.634043,3.652832,0.5773502691896257,0.0,0.0,0.0,,,,,
graph,300,0.0,forward,20,19,,,,,graph,"{'N': 300, 'noise': 0.0, 'dim': 'scaling', 'direction': 'forward', 'inputs': 20}",C0,"['C1', 'C2', 'C3', 'C4', 'C5', 'C6', 'C7']",[],"{'edges_fwd': 429, 'edges_bwd': 429, 'nodes': 361, 'edge_total': 429}",92,115.160305,4.286875,3.867241,0.584572,0.0,1.0,1.0,1.0,3.724558,,0,0.561239,3.725636,0.21821789023599242,0.0,0.0,0.0,,,,,
joint,200,0.0,forward,2,0,,,,,joint,"{'N': 200, 'noise': 0.0, 'dim': 'joint', 'direction': 'forward', 'inputs': 2}",,,,,9,12.217594,4.072531,1.733997,0.472222,0.0,1.0,1.0,1.0,0.509066,,0,0.509066,0.509066,0.9999999999999998,,,,,1.018133,"[0.509066, 0.509066]",0.509066,4.222109
joint,200,0.0,forward,2,1,,,,,joint,"{'N': 200, 'noise': 0.0, 'dim': 'joint', 'direction': 'forward', 'inputs': 2}",,,,,13,12.217594,4.072531,1.85044,0.595014,0.0,1.0,1.0,1.0,0.30298,0.695283,0,0.406023,0.406023,0.6324555320336759,,,,,0.812047,"[0.30298, 0.509066]",0.406023,3.19631
joint,200,0.0,forward,2,2,,,,,joint,"{'N': 200, 'noise': 0.0, 'dim': 'joint', 'direction': 'forward', 'inputs': 2}",,,,,15,12.217594,4.072531,1.92048,0.60166,0.0,1.0,1.0,1.0,0.318975,,0,0.34969,0.34969,0.8660254037844385,,,,,0.69938,"[0.318975, 0.380405]",0.34969,0.749124
joint,200,0.0,forward,2,3,,,,,joint,"{'N': 200, 'noise': 0.0, 'dim': 'joint', 'direction': 'forward', 'inputs': 2}",,,,,12,12.217594,4.072531,1.83637,0.56421,0.0,1.0,1.0,1.0,0.308799,,0,0.408933,0.408933,1.0,,,,,0.817866,"[0.509066, 0.308799]",0.408933,2.296981
joint,200,0.0,forward,2,4,,,,,joint,"{'N': 200, 'noise': 0.0, 'dim': 'joint', 'direction': 'forward', 'inputs': 2}",,,,,12,12.217594,4.072531,1.835236,0.565112,0.0,1.0,1.0,1.0,0.318245,,0,0.413656,0.413656,0.5,,,,,0.827312,"[0.509066, 0.318245]",0.413656,3.897087
joint,200,0.0,forward,2,5,,,,,joint,"{'N': 200, 'noise': 0.0, 'dim': 'joint', 'direction': 'forward', 'inputs': 2}",,,,,12,12.217594,4.072531,1.837232,0.56336,0.0,1.0,1.0,1.0,0.299904,,0,0.404485,0.404485,1.0,,,,,0.808971,"[0.509066, 0.299904]",0.404485,2.900566
joint,200,0.0,forward,2,6,,,,,joint,"{'N': 200, 'noise': 0.0, 'dim': 'joint', 'direction': 'forward', 'inputs': 2}",,,,,16,12.217594,4.072531,1.933562,0.622346,0.0,1.0,1.0,1.0,0.212574,0.558325,0,0.321674,0.321674,0.7999999999999998,,,,,0.643347,"[0.30735, 0.335997]",0.383385,4.280672
joint,200,0.0,forward,2,7,,,,,joint,"{'N': 200, 'noise': 0.0, 'dim': 'joint', 'direction': 'forward', 'inputs': 2}",,,,,16,12.217594,4.223467,1.888134,0.639216,0.0,1.0,1.0,1.0,0.343443,0.631382,0,0.348929,0.348929,0.7745966692414834,,,,,0.697858,"[0.354415, 0.343443]",0.348929,0.105874
joint,200,0.0,forward,2,8,,,,,joint,"{'N': 200, 'noise': 0.0, 'dim': 'joint', 'direction': 'forward', 'inputs': 2}",,,,,16,12.217594,4.072531,1.935868,0.616995,0.0,1.0,1.0,1.0,0.323242,0.497905,0,0.325705,0.325705,0.31622776601683794,,,,,0.65141,"[0.328168, 0.323242]",0.325705,3.583625
joint,200,0.0,forward,2,9,,,,,joint,"{'N': 200, 'noise': 0.0, 'dim': 'joint', 'direction': 'forward', 'inputs': 2}",,,,,16,12.217594,4.072531,1.933108,0.625147,0.0,1.0,1.0,1.0,0.272728,0.459732,0,0.295486,0.295486,0.6324555320336759,,,,,0.590971,"[0.318243, 0.272728]",0.295486,3.785021
joint,200,0.0,forward,2,10,,,,,joint,"{'N': 200, 'noise': 0.0, 'dim': 'joint', 'direction': 'forward', 'inputs': 2}",,,,,16,12.217594,4.072531,1.931213,0.623028,0.0,1.0,1.0,1.0,0.29802,0.516363,0,0.335226,0.335226,0.19999999999999996,,,,,0.670452,"[0.29802, 0.372432]",0.335226,4.850894
joint,200,0.0,forward,2,11,,,,,joint,"{'N': 200, 'noise': 0.0, 'dim': 'joint', 'direction': 'forward', 'inputs': 2}",,,,,9,12.217594,4.072531,1.733997,0.472222,0.0,1.0,1.0,1.0,0.509066,,0,0.509066,0.509066,0.8660254037844385,,,,,1.018133,"[0.509066, 0.509066]",0.509066,3.842909
joint,200,0.0,forward,2,12,,,,,joint,"{'N': 200, 'noise': 0.0, 'dim': 'joint', 'direction': 'forward', 'inputs': 2}",,,,,12,12.217594,4.072531,1.822376,0.575919,0.0,1.0,1.0,1.0,0.405921,,0,0.457494,0.457494,0.5,,,,,0.914988,"[0.405921, 0.509066]",0.412861,3.989199
joint,200,0.0,forward,2,13,,,,,joint,"{'N': 200, 'noise': 0.0, 'dim': 'joint', 'direction': 'forward', 'inputs': 2}",,,,,15,12.217594,4.248862,1.875276,0.621624,0.0,1.0,1.0,1.0,0.271145,,0,0.310909,0.310909,0.5,,,,,0.621819,"[0.271145, 0.350674]",0.350276,3.342968
joint,200,0.0,forward,2,14,,,,,joint,"{'N': 200, 'noise': 0.0, 'dim': 'joint', 'direction': 'forward', 'inputs': 2}",,,,,15,12.217594,4.072531,1.930489,0.591704,0.0,1.0,1.0,1.0,0.28994,,0,0.294878,0.294878,0.8660254037844385,,,,,0.589757,"[0.299816, 0.28994]",0.294878,4.015325
joint,200,0.0,forward,2,15,,,,,joint,"{'N': 200, 'noise': 0.0, 'dim': 'joint', 'direction': 'forward', 'inputs': 2}",,,,,12,12.217594,4.072531,1.838571,0.561111,0.0,1.0,1.0,1.0,0.27635,,0,0.392708,0.392708,1.0,,,,,0.785416,"[0.27635, 0.509066]",0.392708,0.93892
joint,200,0.0,forward,2,16,,,,,joint,"{'N': 200, 'noise': 0.0, 'dim': 'joint', 'direction': 'forward', 'inputs': 2}",,,,,13,12.217594,4.072531,1.867917,0.573914,0.0,1.0,1.0,1.0,0.291939,,0,0.30856,0.30856,0.8660254037844385,,,,,0.61712,"[0.325181, 0.291939]",0.30856,4.278387
joint,200,0.0,forward,2,17,,,,,joint,"{'N': 200, 'noise': 0.0, 'dim': 'joint', 'direction': 'forward', 'inputs': 2}",,,,,12,12.217594,4.072531,1.82323,0.572569,0.0,1.0,1.0,1.0,0.272312,,0,0.390689,0.390689,1.0,,,,,0.781378,"[0.272312, 0.509066]",0.390689,3.300772
joint,200,0.0,forward,2,18,,,,,joint,"{'N': 200, 'noise': 0.0, 'dim': 'joint', 'direction': 'forward', 'inputs': 2}",,,,,13,12.217594,4.180675,1.813531,0.611994,0.0,1.0,1.0,1.0,0.326462,0.751147,0,0.417764,0.417764,0.9486832980505138,,,,,0.835529,"[0.509066, 0.326462]",0.417764,4.49009
joint,200,0.0,forward,2,19,,,,,joint,"{'N': 200, 'noise': 0.0, 'dim': 'joint', 'direction': 'forward', 'inputs': 2}",,,,,12,12.217594,4.072531,1.837048,0.563559,0.0,1.0,1.0,1.0,0.301988,,0,0.405527,0.405527,1.0,,,,,0.811054,"[0.509066, 0.301988]",0.405527,4.833319
joint,200,0.0,forward,3,0,,,,,joint,"{'N': 200, 'noise': 0.0, 'dim': 'joint', 'direction': 'forward', 'inputs': 3}",,,,,20,18.326391,4.072531,2.252205,0.604577,0.0,1.0,1.0,1.0,0.668388,1.083775,0,0.392485,0.78497,0.6668859288553501,,,,,1.177455,"[0.326907, 0.509066, 0.341482]",0.392485,4.222109
joint,200,0.0,forward,3,1,,,,,joint,"{'N': 200, 'noise': 0.0, 'dim': 'joint', 'direction': 'forward', 'inputs': 3}",,,,,19,18.326391,4.072531,2.228724,0.597693,0.0,1.0,1.0,1.0,0.665673,,0,0.426202,0.748537,0.6324555320336759,,,,,1.174739,"[0.509066, 0.317053, 0.452487]",0.39158,3.19631
joint,200,0.0,forward,3,2,,,,,joint,"{'N': 200, 'noise': 0.0, 'dim': 'joint', 'direction': 'forward', 'inputs': 3}",,,,,20,18.326391,4.072531,2.23353,0.617015,0.0,1.0,1.0,1.0,0.737199,1.088546,0,0.415422,0.830844,0.8944271909999159,,,,,1.246266,"[0.509066, 0.371874, 0.365325]",0.427674,0.749124
joint,200,0.0,forward,3,3,,,,,joint,"{'N': 200, 'noise': 0.0, 'dim': 'joint', 'direction': 'forward', 'inputs': 3}",,,,,13,18.326391,4.072531,2.105674,0.474359,0.0,1.0,1.0,1.0,1.018133,,0,0.509066,1.018133,0.8164965809277261,,,,,1.527199,"[0.509066, 0.509066, 0.509066]",0.509066,2.296981
joint,200,0.0,forward,3,4,,,,,joint,"{'N': 200, 'noise': 0.0, 'dim': 'joint', 'direction': 'forward', 'inputs': 3}",,,,,19,18.326391,4.072531,2.253477,0.579024,0.0,1.0,1.0,1.0,0.564905,,0,0.35799,0.715981,0.6324555320336759,,,,,1.073971,"[0.295159, 0.509066, 0.269746]",0.35799,3.897087
joint,200,0.0,forward,3,5,,,,,joint,"{'N': 200, 'noise': 0.0, 'dim': 'joint', 'direction': 'forward', 'inputs': 3}",,,,,19,18.326391,4.072531,2.229022,0.600314,0.0,1.0,1.0,1.0,0.692286,,0,0.400451,0.800901,0.7745966692414834,,,,,1.201352,"[0.376272, 0.316014, 0.509066]",0.400451,2.900566
joint,200,0.0,forward,3,6,,,,,joint,"{'N': 200, 'noise': 0.0, 'dim': 'joint', 'direction': 'forward', 'inputs': 3}",,,,,22,18.326391,4.072531,2.317341,0.596124,0.0,1.0,1.0,1.0,0.578044,,0,0.29679,0.593579,0.31622776601683794,,,,,0.890369,"[0.303008, 0.275036, 0.312325]",0.29679,4.280672
joint,200,0.0,forward,3,7,,,,,joint,"{'N': 200, 'noise': 0.0, 'dim': 'joint', 'direction': 'forward', 'inputs': 3}",,,,,22,18.326391,4.072531,2.297416,0.612105,0.0,1.0,1.0,1.0,0.397628,,0,0.322114,0.644229,0.9999999999999998,,,,,0.966343,"[0.336175, 0.334969, 0.295199]",0.322114,0.105874
joint,200,0.0,forward,3,8,,,,,joint,"{'N': 200, 'noise': 0.0, 'dim': 'joint', 'direction': 'forward', 'inputs': 3}",,,,,23,18.326391,4.072531,2.313794,0.621213,0.0,1.0,1.0,1.0,0.555758,0.79236,0,0.312302,0.624603,0.6708203932499368,,,,,0.936905,"[0.282763, 0.275678, 0.378464]",0.312302,3.583625
joint,200,0.0,forward,3,9,,,,,joint,"{'N': 200, 'noise': 0.0, 'dim': 'joint', 'direction': 'forward', 'inputs': 3}",,,,,19,18.326391,4.072531,2.244228,0.589643,0.0,1.0,1.0,1.0,0.584038,,0,0.364368,0.728736,0.31622776601683794,,,,,1.093104,"[0.509066, 0.274746, 0.309291]",0.364368,3.785021
joint,200,0.0,forward,3,10,,,,,joint,"{'N': 200, 'noise': 0.0, 'dim': 'joint', 'direction': 'forward', 'inputs': 3}",,,,,19,18.326391,4.072531,2.233619,0.596034,0.0,1.0,1.0,1.0,0.695221,,0,0.401429,0.802859,0.9486832980505138,,,,,1.204288,"[0.509066, 0.316203, 0.379018]",0.401429,4.850894
joint,200,0.0,forward,3,11,,,,,joint,"{'N': 200, 'noise': 0.0, 'dim': 'joint', 'direction': 'forward', 'inputs': 3}",,,,,16,18.326391,4.152701,2.164441,0.557081,0.0,1.0,1.0,1.0,0.818429,,0,0.442499,0.884997,0.8333333333333335,,,,,1.327496,"[0.509066, 0.309363, 0.509066]",0.442499,3.842909
joint,200,0.0,forward,3,12,,,,,joint,"{'N': 200, 'noise': 0.0, 'dim': 'joint', 'direction': 'forward', 'inputs': 3}",,,,,18,18.326391,4.233024,2.197862,0.587843,0.0,1.0,1.0,1.0,0.672764,,0,0.393943,0.787887,0.6324555320336759,,,,,1.18183,"[0.509066, 0.329954, 0.34281]",0.393943,3.989199
joint,200,0.0,forward,3,13,,,,,joint,"{'N': 200, 'noise': 0.0, 'dim': 'joint', 'direction': 'forward', 'inputs': 3}",,,,,19,18.326391,4.072531,2.247601,0.584015,0.0,1.0,1.0,1.0,0.637113,,0,0.38206,0.76412,0.7745966692414834,,,,,1.146179,"[0.298458, 0.509066, 0.338655]",0.38206,3.342968
joint,200,0.0,forward,3,14,,,,,joint,"{'N': 200, 'noise': 0.0, 'dim': 'joint', 'direction': 'forward', 'inputs': 3}",,,,,19,18.326391,4.072531,2.21008,0.608188,0.0,1.0,1.0,1.0,0.885288,,0,0.464785,0.92957,0.7745966692414834,,,,,1.394355,"[0.376735, 0.509066, 0.508553]",0.422207,4.015325
joint,200,0.0,forward,3,15,,,,,joint,"{'N': 200, 'noise': 0.0, 'dim': 'joint', 'direction': 'forward', 'inputs': 3}",,,,,22,18.326391,4.173781,2.272107,0.627374,0.0,1.0,1.0,1.0,0.660793,,0,0.345535,0.691069,0.7745966692414834,,,,,1.036604,"[0.306716, 0.354077, 0.375811]",0.345535,0.93892
joint,200,0.0,forward,3,16,,,,,joint,"{'N': 200, 'noise': 0.0, 'dim': 'joint', 'direction': 'forward', 'inputs': 3}",,,,,16,18.326391,4.072531,2.173956,0.551176,0.0,1.0,1.0,1.0,0.786927,,0,0.431998,0.863996,0.8333333333333335,,,,,1.295994,"[0.509066, 0.509066, 0.277861]",0.493951,4.278387
joint,200,0.0,forward,3,17,,,,,joint,"{'N': 200, 'noise': 0.0, 'dim': 'joint', 'direction': 'forward', 'inputs': 3}",,,,,19,18.326391,4.072531,2.24744,0.585125,0.0,1.0,1.0,1.0,0.621705,,0,0.376924,0.753847,0.7745966692414834,,,,,1.130771,"[0.3489, 0.509066, 0.272805]",0.376924,3.300772
joint,200,0.0,forward,3,18,,,,,joint,"{'N': 200, 'noise': 0.0, 'dim': 'joint', 'direction': 'forward', 'inputs': 3}",,,,,23,18.326391,4.072531,2.317474,0.618463,0.0,1.0,1.0,1.0,0.5919,0.780718,0,0.325865,0.65173,0.3590924232298039,,,,,0.977595,"[0.282614, 0.309287, 0.385695]",0.325865,4.49009
joint,200,0.0,forward,3,19,,,,,joint,"{'N': 200, 'noise': 0.0, 'dim': 'joint', 'direction': 'forward', 'inputs': 3}",,,,,16,18.326391,4.072531,2.181279,0.54633,0.0,1.0,1.0,1.0,0.781066,,0,0.430044,0.860088,0.8333333333333335,,,,,1.290133,"[0.272, 0.509066, 0.509066]",0.430044,4.833319
joint,200,0.0,forward,5,0,,,,,joint,"{'N': 200, 'noise': 0.0, 'dim': 'joint', 'direction': 'forward', 'inputs': 5}",,,,,30,30.543984,4.236903,2.687192,0.597999,0.0,1.0,1.0,1.0,1.512924,,0,0.404398,1.617592,0.39139018192821845,,,,,2.02199,"[0.303278, 0.509066, 0.347561, 0.353018, 0.509066]",0.404398,4.222109
joint,200,0.0,forward,5,1,,,,,joint,"{'N': 200, 'noise': 0.0, 'dim': 'joint', 'direction': 'forward', 'inputs': 5}",,,,,36,30.543984,4.281968,2.753348,0.636855,0.0,1.0,1.0,1.0,0.922465,,0,0.331845,1.232818,0.6546536707079772,,,,,1.564663,"[0.370852, 0.32907, 0.276352, 0.348175, 0.334778]",0.316467,3.19631
joint,200,0.0,forward,5,2,,,,,joint,"{'N': 200, 'noise': 0.0, 'dim': 'joint', 'direction': 'forward', 'inputs': 5}",,,,,36,30.451434,4.286875,2.766471,0.623921,0.0,1.0,1.0,1.0,1.124535,,0,0.286877,1.147506,0.5070925528371099,,,,,1.434383,"[0.288316, 0.309847, 0.278935, 0.282791, 0.274493]",0.286877,0.749124
joint,200,0.0,forward,5,3,,,,,joint,"{'N': 200, 'noise': 0.0, 'dim': 'joint', 'direction': 'forward', 'inputs': 5}",,,,,30,30.543984,4.072531,2.692628,0.597897,0.0,1.0,1.0,1.0,1.50326,,0,0.408139,1.632557,0.6642111641550714,,,,,2.040696,"[0.509066, 0.322512, 0.358428, 0.509066, 0.341623]",0.408139,2.296981
joint,200,0.0,forward,5,4,,,,,joint,"{'N': 200, 'noise': 0.0, 'dim': 'joint', 'direction': 'forward', 'inputs': 5}",,,,,30,30.543984,4.072531,2.698644,0.592824,0.0,1.0,1.0,1.0,1.508028,,0,0.403419,1.613675,0.34299717028501764,,,,,2.017094,"[0.374418, 0.509066, 0.325811, 0.298732, 0.509066]",0.403419,3.897087
joint,200,0.0,forward,5,5,,,,,joint,"{'N': 200, 'noise': 0.0, 'dim': 'joint', 'direction': 'forward', 'inputs': 5}",,,,,30,30.543984,4.072531,2.688935,0.599087,0.0,1.0,1.0,1.0,1.544187,,0,0.426464,1.626789,0.6642111641550714,,,,,2.053253,"[0.509066, 0.509066, 0.359092, 0.303444, 0.451651]",0.423152,2.900566
joint,200,0.0,forward,5,6,,,,,joint,"{'N': 200, 'noise': 0.0, 'dim': 'joint', 'direction': 'forward', 'inputs': 5}",,,,,30,30.543984,4.072531,2.696966,0.593662,0.0,1.0,1.0,1.0,1.526941,,0,0.407201,1.628806,0.6642111641550714,,,,,2.036007,"[0.361774, 0.308649, 0.509066, 0.509066, 0.347451]",0.407201,4.280672
joint,200,0.0,forward,5,7,,,,,joint,"{'N': 200, 'noise': 0.0, 'dim': 'joint', 'direction': 'forward', 'inputs': 5}",,,,,33,30.543984,4.072531,2.743752,0.612146,0.0,1.0,1.0,1.0,1.09064,,0,0.339076,1.356305,0.1690308509457033,,,,,1.695382,"[0.335762, 0.271533, 0.274123, 0.509066, 0.304898]",0.339076,0.105874
joint,200,0.0,forward,5,8,,,,,joint,"{'N': 200, 'noise': 0.0, 'dim': 'joint', 'direction': 'forward', 'inputs': 5}",,,,,30,30.543984,4.072531,2.703348,0.588733,0.0,1.0,1.0,1.0,1.562495,,0,0.414312,1.657249,0.6642111641550714,,,,,2.071562,"[0.339017, 0.402642, 0.509066, 0.509066, 0.311769]",0.391976,3.583625
joint,200,0.0,forward,5,9,,,,,joint,"{'N': 200, 'noise': 0.0, 'dim': 'joint', 'direction': 'forward', 'inputs': 5}",,,,,27,30.543984,4.276386,2.6488,0.573015,0.0,1.0,1.0,1.0,1.600241,,0,0.421861,1.687446,0.35921060405354976,,,,,2.109307,"[0.509066, 0.509066, 0.293196, 0.509066, 0.288912]",0.421861,3.785021
joint,200,0.0,forward,5,10,,,,,joint,"{'N': 200, 'noise': 0.0, 'dim': 'joint', 'direction': 'forward', 'inputs': 5}",,,,,34,30.543984,4.072531,2.783197,0.589042,0.0,1.0,1.0,1.0,1.049227,,0,0.305913,1.223651,0.3086066999241838,,,,,1.529564,"[0.312886, 0.309897, 0.282782, 0.271725, 0.352273]",0.305913,4.850894
joint,200,0.0,forward,5,11,,,,,joint,"{'N': 200, 'noise': 0.0, 'dim': 'joint', 'direction': 'forward', 'inputs': 5}",,,,,33,30.543984,4.072531,2.75679,0.597276,0.0,1.0,1.0,1.0,1.153641,,0,0.332541,1.330166,0.3086066999241838,,,,,1.662707,"[0.327962, 0.276654, 0.509066, 0.278752, 0.270273]",0.332541,3.842909
joint,200,0.0,forward,5,12,,,,,joint,"{'N': 200, 'noise': 0.0, 'dim': 'joint', 'direction': 'forward', 'inputs': 5}",,,,,33,30.543984,4.213423,2.719586,0.618193,0.0,1.0,1.0,1.0,1.401564,,0,0.382126,1.528504,0.5070925528371099,,,,,1.91063,"[0.309466, 0.369324, 0.367163, 0.509066, 0.355611]",0.395856,3.989199
joint,200,0.0,forward,5,13,,,,,joint,"{'N': 200, 'noise': 0.0, 'dim': 'joint', 'direction': 'forward', 'inputs': 5}",,,,,33,30.543984,4.072531,2.750929,0.59992,0.0,1.0,1.0,1.0,1.311473,,0,0.364108,1.456431,0.6546536707079772,,,,,1.820539,"[0.372826, 0.271145, 0.350674, 0.509066, 0.316828]",0.364108,3.342968
joint,200,0.0,forward,5,14,,,,,joint,"{'N': 200, 'noise': 0.0, 'dim': 'joint', 'direction': 'forward', 'inputs': 5}",,,,,33,30.543984,4.072531,2.759107,0.593174,0.0,1.0,1.0,1.0,1.231758,,0,0.348165,1.39266,0.6546536707079772,,,,,1.740825,"[0.282097, 0.324261, 0.28936, 0.336041, 0.509066]",0.348165,4.015325
joint,200,0.0,forward,5,15,,,,,joint,"{'N': 200, 'noise': 0.0, 'dim': 'joint', 'direction': 'forward', 'inputs': 5}",,,,,30,30.454779,4.286875,2.666734,0.609213,0.0,1.0,1.0,1.0,1.501381,,0,0.402089,1.608358,0.6642111641550714,,,,,2.010447,"[0.302149, 0.509066, 0.34539, 0.509066, 0.344775]",0.402089,0.93892
joint,200,0.0,forward,5,16,,,,,joint,"{'N': 200, 'noise': 0.0, 'dim': 'joint', 'direction': 'forward', 'inputs': 5}",,,,,33,30.543984,4.072531,2.749668,0.601744,0.0,1.0,1.0,1.0,1.278137,,0,0.357441,1.429763,0.6546536707079772,,,,,1.787203,"[0.509066, 0.321977, 0.338244, 0.287273, 0.330643]",0.357441,4.278387
joint,200,0.0,forward,5,17,,,,,joint,"{'N': 200, 'noise': 0.0, 'dim': 'joint', 'direction': 'forward', 'inputs': 5}",,,,,32,30.543984,4.072531,2.718694,0.610203,0.0,1.0,1.0,1.0,1.474886,,0,0.39679,1.587162,0.6546536707079772,,,,,1.983952,"[0.354125, 0.509066, 0.316538, 0.364016, 0.440207]",0.363773,3.300772
joint,200,0.0,forward,5,18,,,,,joint,"{'N': 200, 'noise': 0.0, 'dim': 'joint', 'direction': 'forward', 'inputs': 5}",,,,,37,30.543984,4.072531,2.790405,0.624666,0.0,1.0,1.0,1.0,1.235892,1.480382,0,0.33614,1.27219,0.8607533668498877,,,,,1.60833,"[0.321311, 0.425277, 0.2891, 0.272574, 0.372438]",0.321666,4.49009
joint,200,0.0,forward,5,19,,,,,joint,"{'N': 200, 'noise': 0.0, 'dim': 'joint', 'direction': 'forward', 'inputs': 5}",,,,,30,30.543984,4.072531,2.705435,0.58967,0.0,1.0,1.0,1.0,1.472884,,0,0.39639,1.58556,0.17149858514250882,,,,,1.98195,"[0.509066, 0.509066, 0.33832, 0.354342, 0.271155]",0.39639,4.833319
