condition,task,seed,phase,step,n_nodes,top1,topk_mass,top5_mass,gini,entropy,n_distinct_act,n_entity,n_action,n_result,n_relevant,n_irrelevant,n_stale,n_noise,precision_relevant,jaccard_prev,action_chosen,ok,nodes
fas_full,T1,1,1,0,0,,0,0,,,0,0,0,0,0,0,0,0,0.0,,wait,True,
fas_full,T1,1,1,1,5,2.38,11.9,11.9,0.0,2.3219,1,3,1,1,2,1,0,2,0.4,,gather_oak_log,True,结果:unparseable_reply;动作:wait;实体:oak_planks;实体:oak_log;实体:hunger
fas_full,T1,1,1,2,7,4.63,23.17,18.65,0.1739,2.7223,3,3,2,2,4,1,0,2,0.571,0.714,craft_oak_planks,True,实体:oak_planks;实体:oak_log;实体:hunger;结果:got:oak_log;动作:gather_oak_log;结果:unparseable_reply;动作:wait
fas_full,T1,1,2,0,8,4.75,25.67,19.01,0.186,2.9035,4,3,2,3,6,1,0,1,0.75,0.667,wait,True,实体:oak_planks;实体:oak_log;实体:hunger;结果:crafted:oak_planks;动作:craft_oak_planks;结果:got:oak_log;动作:gather_oak_log;结果:unparseable_reply
fas_full,T1,1,2,1,8,4.75,29.73,23.07,0.1606,2.9234,4,3,2,3,5,1,0,2,0.625,0.778,wait,True,实体:oak_planks;实体:oak_log;实体:hunger;结果:unparseable_reply;动作:wait;结果:crafted:oak_planks;动作:craft_oak_planks;结果:got:oak_log
fas_full,T1,1,2,2,8,4.75,30.07,23.75,0.1657,2.9088,3,3,2,3,5,1,0,2,0.625,1.0,wait,True,结果:unparseable_reply;动作:wait;实体:oak_planks;实体:oak_log;实体:hunger;结果:crafted:oak_planks;动作:craft_oak_planks;结果:got:oak_log
fas_full,T1,1,2,3,8,4.75,29.76,23.75,0.174,2.8988,3,3,2,3,5,1,0,2,0.625,1.0,gather_oak_log,True,结果:unparseable_reply;动作:wait;实体:oak_planks;实体:oak_log;实体:hunger;结果:crafted:oak_planks;动作:craft_oak_planks;结果:got:oak_log
fas_full,T1,1,2,4,8,4.75,33.62,23.27,0.0895,2.9616,4,3,2,3,5,1,0,2,0.625,0.778,wait,True,实体:oak_planks;实体:oak_log;实体:hunger;结果:unparseable_reply;动作:wait;结果:got:oak_log;动作:gather_oak_log;结果:crafted:oak_planks
fas_full,T1,1,2,5,8,4.75,33.59,23.75,0.0981,2.956,3,3,2,3,5,1,0,2,0.625,1.0,craft_oak_planks,True,结果:unparseable_reply;动作:wait;实体:oak_planks;实体:oak_log;实体:hunger;结果:got:oak_log;动作:gather_oak_log;结果:crafted:oak_planks
fas_full,T2,1,1,0,0,,0,0,,,0,0,0,0,0,0,0,0,0.0,,gather_oak_log,True,
fas_full,T2,1,1,1,5,2.38,11.9,11.9,0.0,2.3219,1,3,1,1,4,1,0,0,0.8,,wait,True,结果:got:oak_log;动作:gather_oak_log;实体:oak_planks;实体:oak_log;实体:hunger
fas_full,T2,1,1,2,7,4.63,23.17,18.65,0.1739,2.7223,3,3,2,2,4,1,0,2,0.571,0.714,craft_oak_planks,True,实体:oak_planks;实体:oak_log;实体:hunger;结果:unparseable_reply;动作:wait;结果:got:oak_log;动作:gather_oak_log
fas_full,T3,1,1,0,0,,0,0,,,0,0,0,0,0,0,0,0,0.0,,wait,True,
fas_full,T3,1,1,1,7,2.38,16.66,11.9,0.0,2.8074,1,5,1,1,2,3,0,2,0.286,,wait,True,结果:unparseable_reply;动作:wait;实体:birch_planks;实体:birch_log;实体:oak_planks;实体:oak_log;实体:hunger
fas_full,T3,1,1,2,7,4.63,32.41,23.15,0.0,2.8074,1,5,1,1,2,3,0,2,0.286,1.0,gather_oak_log,True,结果:unparseable_reply;动作:wait;实体:birch_planks;实体:birch_log;实体:oak_planks;实体:oak_log;实体:hunger
fas_full,T3,1,1,3,8,4.75,34.93,23.75,0.0694,2.9742,3,5,1,2,3,3,0,2,0.375,0.875,craft_oak_planks,True,实体:birch_planks;实体:birch_log;实体:oak_planks;实体:oak_log;实体:hunger;结果:unparseable_reply;动作:wait;结果:got:oak_log
fas_full,T3,1,2,0,8,4.75,34.49,23.75,0.0767,2.9737,3,5,1,2,2,2,2,2,0.25,0.778,wait,True,实体:birch_planks;实体:birch_log;实体:oak_planks;实体:oak_log;实体:hunger;结果:unparseable_reply;动作:wait;结果:crafted:oak_planks
fas_full,T3,1,2,1,8,4.75,35.51,23.75,0.0614,2.9704,2,5,1,2,2,2,2,2,0.25,1.0,wait,True,结果:unparseable_reply;动作:wait;实体:birch_planks;实体:birch_log;实体:oak_planks;实体:oak_log;实体:hunger;结果:crafted:oak_planks
fas_full,T3,1,2,2,8,4.75,35.39,23.75,0.0645,2.9669,2,5,1,2,2,2,2,2,0.25,1.0,wait,True,结果:unparseable_reply;动作:wait;实体:birch_planks;实体:birch_log;实体:oak_planks;实体:oak_log;实体:hunger;结果:crafted:oak_planks
fas_full,T3,1,2,3,8,4.75,35.29,23.75,0.0672,2.9637,2,5,1,2,2,2,2,2,0.25,1.0,wait,True,结果:unparseable_reply;动作:wait;实体:birch_planks;实体:birch_log;实体:oak_planks;实体:oak_log;实体:hunger;结果:crafted:oak_planks
fas_full,T3,1,2,4,8,4.75,35.18,23.75,0.0701,2.96,2,5,1,2,2,2,2,2,0.25,1.0,gather_birch_log,True,结果:unparseable_reply;动作:wait;实体:birch_planks;实体:birch_log;实体:oak_planks;实体:oak_log;实体:hunger;结果:crafted:oak_planks
fas_full,T3,1,2,5,8,4.75,35.15,23.75,0.0658,2.9742,3,5,1,2,3,1,2,2,0.375,0.778,wait,True,实体:birch_planks;实体:birch_log;实体:oak_planks;实体:oak_log;实体:hunger;结果:unparseable_reply;动作:wait;结果:got:birch_log
fas_full,T3,1,2,6,8,4.75,35.51,23.75,0.0614,2.9704,2,5,1,2,3,1,2,2,0.375,1.0,wait,True,结果:unparseable_reply;动作:wait;实体:birch_planks;实体:birch_log;实体:oak_planks;实体:oak_log;实体:hunger;结果:got:birch_log
fas_full,T3,1,2,7,8,4.75,35.39,23.75,0.0645,2.9669,2,5,1,2,3,1,2,2,0.375,1.0,wait,True,结果:unparseable_reply;动作:wait;实体:birch_planks;实体:birch_log;实体:oak_planks;实体:oak_log;实体:hunger;结果:got:birch_log
fas_full,T4,1,1,0,0,,0,0,,,0,0,0,0,0,0,0,0,0.0,,wait,True,
fas_full,T4,1,1,1,6,4.75,19.02,16.64,0.1661,2.5005,2,4,1,1,4,0,0,2,0.667,,gather_oak_log,True,实体:hunger;实体:bread;结果:unparseable_reply;动作:wait;实体:oak_planks;实体:oak_log
fas_full,T4,1,1,2,8,4.75,28.04,21.14,0.1733,2.9157,4,4,2,2,6,0,0,2,0.75,0.75,wait,True,实体:hunger;实体:bread;实体:oak_planks;实体:oak_log;结果:got:oak_log;动作:gather_oak_log;结果:unparseable_reply;动作:wait
fas_full,T4,1,1,3,8,4.75,32.56,23.52,0.1182,2.9457,3,4,2,2,6,0,0,2,0.75,1.0,wait,True,实体:hunger;实体:bread;实体:oak_planks;实体:oak_log;结果:unparseable_reply;动作:wait;结果:got:oak_log;动作:gather_oak_log
fas_full,T4,1,1,4,8,4.75,32.78,23.75,0.1194,2.937,2,4,2,2,6,0,0,2,0.75,1.0,wait,True,结果:unparseable_reply;动作:wait;实体:hunger;实体:bread;实体:oak_planks;实体:oak_log;结果:got:oak_log;动作:gather_oak_log
fas_full,T4,1,1,5,8,4.75,32.58,23.75,0.1248,2.9307,2,4,2,2,6,0,0,2,0.75,1.0,wait,True,结果:unparseable_reply;动作:wait;实体:hunger;实体:bread;实体:oak_planks;实体:oak_log;结果:got:oak_log;动作:gather_oak_log
fas_full,T4,1,1,6,8,4.75,32.36,23.75,0.1307,2.9232,2,4,2,2,6,0,0,2,0.75,1.0,craft_oak_planks,True,结果:unparseable_reply;动作:wait;实体:hunger;实体:bread;实体:oak_planks;实体:oak_log;结果:got:oak_log;动作:gather_oak_log
fas_full,T1,2,1,0,0,,0,0,,,0,0,0,0,0,0,0,0,0.0,,wait,True,
fas_full,T1,2,1,1,5,2.38,11.9,11.9,0.0,2.3219,1,3,1,1,2,1,0,2,0.4,,wait,True,结果:unparseable_reply;动作:wait;实体:oak_planks;实体:oak_log;实体:hunger
fas_full,T1,2,1,2,5,4.63,23.15,23.15,0.0,2.3219,1,3,1,1,2,1,0,2,0.4,1.0,wait,True,结果:unparseable_reply;动作:wait;实体:oak_planks;实体:oak_log;实体:hunger
fas_full,T1,2,1,3,5,4.75,23.75,23.75,0.0,2.3219,1,3,1,1,2,1,0,2,0.4,1.0,gather_oak_log,True,结果:unparseable_reply;动作:wait;实体:oak_planks;实体:oak_log;实体:hunger
fas_full,T1,2,1,4,7,4.75,28.03,23.27,0.1232,2.7543,3,3,2,2,4,1,0,2,0.571,0.714,craft_oak_planks,True,实体:oak_planks;实体:oak_log;实体:hunger;结果:unparseable_reply;动作:wait;结果:got:oak_log;动作:gather_oak_log
fas_full,T1,2,2,0,8,4.75,29.85,22.83,0.1524,2.9341,4,3,2,3,5,1,0,2,0.625,0.667,wait,True,实体:oak_planks;实体:oak_log;实体:hunger;结果:unparseable_reply;动作:wait;结果:crafted:oak_planks;动作:craft_oak_planks;结果:got:oak_log
fas_full,T1,2,2,1,8,4.75,30.41,23.75,0.157,2.9188,3,3,2,3,5,1,0,2,0.625,1.0,gather_oak_log,True,结果:unparseable_reply;动作:wait;实体:oak_planks;实体:oak_log;实体:hunger;结果:crafted:oak_planks;动作:craft_oak_planks;结果:got:oak_log
fas_full,T1,2,2,2,8,4.75,34.23,23.27,0.0767,2.9685,4,3,2,3,5,1,0,2,0.625,0.778,craft_oak_planks,True,实体:oak_planks;实体:oak_log;实体:hunger;结果:unparseable_reply;动作:wait;结果:got:oak_log;动作:gather_oak_log;结果:crafted:oak_planks
fas_full,T2,2,1,0,0,,0,0,,,0,0,0,0,0,0,0,0,0.0,,wait,True,
fas_full,T2,2,1,1,5,2.38,11.9,11.9,0.0,2.3219,1,3,1,1,2,1,0,2,0.4,,gather_oak_log,True,结果:unparseable_reply;动作:wait;实体:oak_planks;实体:oak_log;实体:hunger
fas_full,T2,2,1,2,7,4.63,23.17,18.65,0.1739,2.7223,3,3,2,2,4,1,0,2,0.571,0.714,craft_oak_planks,True,实体:oak_planks;实体:oak_log;实体:hunger;结果:got:oak_log;动作:gather_oak_log;结果:unparseable_reply;动作:wait
fas_full,T3,2,1,0,0,,0,0,,,0,0,0,0,0,0,0,0,0.0,,wait,True,
fas_full,T3,2,1,1,7,2.38,16.66,11.9,0.0,2.8074,1,5,1,1,2,3,0,2,0.286,,wait,True,结果:unparseable_reply;动作:wait;实体:birch_planks;实体:birch_log;实体:oak_planks;实体:oak_log;实体:hunger
fas_full,T3,2,1,2,7,4.63,32.41,23.15,0.0,2.8074,1,5,1,1,2,3,0,2,0.286,1.0,wait,True,结果:unparseable_reply;动作:wait;实体:birch_planks;实体:birch_log;实体:oak_planks;实体:oak_log;实体:hunger
fas_full,T3,2,1,3,7,4.75,33.25,23.75,0.0,2.8074,1,5,1,1,2,3,0,2,0.286,1.0,wait,True,结果:unparseable_reply;动作:wait;实体:birch_planks;实体:birch_log;实体:oak_planks;实体:oak_log;实体:hunger
fas_full,T3,2,1,4,7,4.75,33.25,23.75,0.0,2.8074,1,5,1,1,2,3,0,2,0.286,1.0,wait,True,结果:unparseable_reply;动作:wait;实体:birch_planks;实体:birch_log;实体:oak_planks;实体:oak_log;实体:hunger
fas_full,T3,2,2,0,7,4.75,33.25,23.75,0.0,2.8074,1,5,1,1,2,1,2,2,0.286,1.0,gather_birch_log,True,结果:unparseable_reply;动作:wait;实体:birch_planks;实体:birch_log;实体:oak_planks;实体:oak_log;实体:hunger
fas_full,T3,2,2,1,8,4.75,35.15,23.75,0.0658,2.9742,3,5,1,2,3,1,2,2,0.375,0.875,wait,True,实体:birch_planks;实体:birch_log;实体:oak_planks;实体:oak_log;实体:hunger;结果:unparseable_reply;动作:wait;结果:got:birch_log
fas_full,T3,2,2,2,8,4.75,35.51,23.75,0.0614,2.9704,2,5,1,2,3,1,2,2,0.375,1.0,wait,True,结果:unparseable_reply;动作:wait;实体:birch_planks;实体:birch_log;实体:oak_planks;实体:oak_log;实体:hunger;结果:got:birch_log
fas_full,T3,2,2,3,8,4.75,35.39,23.75,0.0645,2.9669,2,5,1,2,3,1,2,2,0.375,1.0,craft_birch_planks,True,结果:unparseable_reply;动作:wait;实体:birch_planks;实体:birch_log;实体:oak_planks;实体:oak_log;实体:hunger;结果:got:birch_log
fas_full,T4,2,1,0,0,,0,0,,,0,0,0,0,0,0,0,0,0.0,,wait,True,
fas_full,T4,2,1,1,6,4.75,19.02,16.64,0.1661,2.5005,2,4,1,1,4,0,0,2,0.667,,gather_oak_log,True,实体:hunger;实体:bread;结果:unparseable_reply;动作:wait;实体:oak_planks;实体:oak_log
fas_full,T4,2,1,2,8,4.75,28.04,21.14,0.1733,2.9157,4,4,2,2,6,0,0,2,0.75,0.75,wait,True,实体:hunger;实体:bread;实体:oak_planks;实体:oak_log;结果:got:oak_log;动作:gather_oak_log;结果:unparseable_reply;动作:wait
fas_full,T4,2,1,3,8,4.75,32.56,23.52,0.1182,2.9457,3,4,2,2,6,0,0,2,0.75,1.0,wait,True,实体:hunger;实体:bread;实体:oak_planks;实体:oak_log;结果:unparseable_reply;动作:wait;结果:got:oak_log;动作:gather_oak_log
fas_full,T4,2,1,4,8,4.75,32.78,23.75,0.1194,2.937,2,4,2,2,6,0,0,2,0.75,1.0,craft_oak_planks,True,结果:unparseable_reply;动作:wait;实体:hunger;实体:bread;实体:oak_planks;实体:oak_log;结果:got:oak_log;动作:gather_oak_log
fas_full,T1,3,1,0,0,,0,0,,,0,0,0,0,0,0,0,0,0.0,,wait,True,
fas_full,T1,3,1,1,5,2.38,11.9,11.9,0.0,2.3219,1,3,1,1,2,1,0,2,0.4,,gather_oak_log,True,结果:unparseable_reply;动作:wait;实体:oak_planks;实体:oak_log;实体:hunger
fas_full,T1,3,1,2,7,4.63,23.17,18.65,0.1739,2.7223,3,3,2,2,4,1,0,2,0.571,0.714,craft_oak_planks,True,实体:oak_planks;实体:oak_log;实体:hunger;结果:got:oak_log;动作:gather_oak_log;结果:unparseable_reply;动作:wait
fas_full,T1,3,2,0,8,4.75,25.67,19.01,0.186,2.9035,4,3,2,3,6,1,0,1,0.75,0.667,wait,True,实体:oak_planks;实体:oak_log;实体:hunger;结果:crafted:oak_planks;动作:craft_oak_planks;结果:got:oak_log;动作:gather_oak_log;结果:unparseable_reply
fas_full,T1,3,2,1,8,4.75,29.73,23.07,0.1606,2.9234,4,3,2,3,5,1,0,2,0.625,0.778,wait,True,实体:oak_planks;实体:oak_log;实体:hunger;结果:unparseable_reply;动作:wait;结果:crafted:oak_planks;动作:craft_oak_planks;结果:got:oak_log
fas_full,T1,3,2,2,8,4.75,30.07,23.75,0.1657,2.9088,3,3,2,3,5,1,0,2,0.625,1.0,wait,True,结果:unparseable_reply;动作:wait;实体:oak_planks;实体:oak_log;实体:hunger;结果:crafted:oak_planks;动作:craft_oak_planks;结果:got:oak_log
fas_full,T1,3,2,3,8,4.75,29.76,23.75,0.174,2.8988,3,3,2,3,5,1,0,2,0.625,1.0,wait,True,结果:unparseable_reply;动作:wait;实体:oak_planks;实体:oak_log;实体:hunger;结果:crafted:oak_planks;动作:craft_oak_planks;结果:got:oak_log
fas_full,T1,3,2,4,8,4.75,29.45,23.75,0.1822,2.8881,3,3,2,3,5,1,0,2,0.625,1.0,wait,True,结果:unparseable_reply;动作:wait;实体:oak_planks;实体:oak_log;实体:hunger;结果:crafted:oak_planks;动作:craft_oak_planks;结果:got:oak_log
fas_full,T1,3,2,5,8,4.75,29.18,23.75,0.1897,2.8779,3,3,2,3,5,1,0,2,0.625,1.0,wait,True,结果:unparseable_reply;动作:wait;实体:oak_planks;实体:oak_log;实体:hunger;结果:crafted:oak_planks;动作:craft_oak_planks;结果:got:oak_log
fas_full,T1,3,2,6,8,4.75,28.91,23.75,0.1973,2.8671,3,3,2,3,5,1,0,2,0.625,1.0,wait,True,结果:unparseable_reply;动作:wait;实体:oak_planks;实体:oak_log;实体:hunger;结果:crafted:oak_planks;动作:craft_oak_planks;结果:got:oak_log
fas_full,T2,3,1,0,0,,0,0,,,0,0,0,0,0,0,0,0,0.0,,gather_oak_log,True,
fas_full,T2,3,1,1,5,2.38,11.9,11.9,0.0,2.3219,1,3,1,1,4,1,0,0,0.8,,craft_oak_planks,True,结果:got:oak_log;动作:gather_oak_log;实体:oak_planks;实体:oak_log;实体:hunger
fas_full,T3,3,1,0,0,,0,0,,,0,0,0,0,0,0,0,0,0.0,,wait,True,
fas_full,T3,3,1,1,7,2.38,16.66,11.9,0.0,2.8074,1,5,1,1,2,3,0,2,0.286,,wait,True,结果:unparseable_reply;动作:wait;实体:birch_planks;实体:birch_log;实体:oak_planks;实体:oak_log;实体:hunger
fas_full,T3,3,1,2,7,4.63,32.41,23.15,0.0,2.8074,1,5,1,1,2,3,0,2,0.286,1.0,gather_oak_log,True,结果:unparseable_reply;动作:wait;实体:birch_planks;实体:birch_log;实体:oak_planks;实体:oak_log;实体:hunger
fas_full,T3,3,1,3,8,4.75,34.93,23.75,0.0694,2.9742,3,5,1,2,3,3,0,2,0.375,0.875,wait,True,实体:birch_planks;实体:birch_log;实体:oak_planks;实体:oak_log;实体:hunger;结果:unparseable_reply;动作:wait;结果:got:oak_log
fas_full,T3,3,1,4,8,4.75,35.51,23.75,0.0614,2.9704,2,5,1,2,3,3,0,2,0.375,1.0,craft_oak_planks,True,结果:unparseable_reply;动作:wait;实体:birch_planks;实体:birch_log;实体:oak_planks;实体:oak_log;实体:hunger;结果:got:oak_log
fas_full,T3,3,2,0,8,4.75,35.15,23.75,0.0658,2.9742,3,5,1,2,2,2,2,2,0.25,0.778,wait,True,实体:birch_planks;实体:birch_log;实体:oak_planks;实体:oak_log;实体:hunger;结果:unparseable_reply;动作:wait;结果:crafted:oak_planks
fas_full,T3,3,2,1,8,4.75,35.51,23.75,0.0614,2.9704,2,5,1,2,2,2,2,2,0.25,1.0,wait,True,结果:unparseable_reply;动作:wait;实体:birch_planks;实体:birch_log;实体:oak_planks;实体:oak_log;实体:hunger;结果:crafted:oak_planks
fas_full,T3,3,2,2,8,4.75,35.39,23.75,0.0645,2.9669,2,5,1,2,2,2,2,2,0.25,1.0,wait,True,结果:unparseable_reply;动作:wait;实体:birch_planks;实体:birch_log;实体:oak_planks;实体:oak_log;实体:hunger;结果:crafted:oak_planks
fas_full,T3,3,2,3,8,4.75,35.29,23.75,0.0672,2.9637,2,5,1,2,2,2,2,2,0.25,1.0,gather_birch_log,True,结果:unparseable_reply;动作:wait;实体:birch_planks;实体:birch_log;实体:oak_planks;实体:oak_log;实体:hunger;结果:crafted:oak_planks
fas_full,T3,3,2,4,8,4.75,35.15,23.75,0.0658,2.9742,3,5,1,2,3,1,2,2,0.375,0.778,craft_birch_planks,True,实体:birch_planks;实体:birch_log;实体:oak_planks;实体:oak_log;实体:hunger;结果:unparseable_reply;动作:wait;结果:got:birch_log
fas_full,T4,3,1,0,0,,0,0,,,0,0,0,0,0,0,0,0,0.0,,wait,True,
fas_full,T4,3,1,1,6,4.75,19.02,16.64,0.1661,2.5005,2,4,1,1,4,0,0,2,0.667,,wait,True,实体:hunger;实体:bread;结果:unparseable_reply;动作:wait;实体:oak_planks;实体:oak_log
fas_full,T4,3,1,2,6,4.75,28.02,23.39,0.0057,2.5849,2,4,1,1,4,0,0,2,0.667,1.0,gather_oak_log,True,实体:hunger;实体:bread;结果:unparseable_reply;动作:wait;实体:oak_planks;实体:oak_log
fas_full,T4,3,1,3,8,4.75,32.56,23.4,0.1146,2.9527,3,4,2,2,6,0,0,2,0.75,0.75,wait,True,实体:hunger;实体:bread;实体:oak_planks;实体:oak_log;结果:unparseable_reply;动作:wait;结果:got:oak_log;动作:gather_oak_log
fas_full,T4,3,1,4,8,4.75,33.02,23.75,0.1131,2.944,2,4,2,2,6,0,0,2,0.75,1.0,craft_oak_planks,True,结果:unparseable_reply;动作:wait;实体:hunger;实体:bread;实体:oak_planks;实体:oak_log;结果:got:oak_log;动作:gather_oak_log
fas_full,T1,4,1,0,0,,0,0,,,0,0,0,0,0,0,0,0,0.0,,wait,True,
fas_full,T1,4,1,1,5,2.38,11.9,11.9,0.0,2.3219,1,3,1,1,2,1,0,2,0.4,,gather_oak_log,True,结果:unparseable_reply;动作:wait;实体:oak_planks;实体:oak_log;实体:hunger
fas_full,T1,4,1,2,7,4.63,23.17,18.65,0.1739,2.7223,3,3,2,2,4,1,0,2,0.571,0.714,craft_oak_planks,True,实体:oak_planks;实体:oak_log;实体:hunger;结果:got:oak_log;动作:gather_oak_log;结果:unparseable_reply;动作:wait
fas_full,T1,4,2,0,8,4.75,25.67,19.01,0.186,2.9035,4,3,2,3,6,1,0,1,0.75,0.667,gather_oak_log,True,实体:oak_planks;实体:oak_log;实体:hunger;结果:crafted:oak_planks;动作:craft_oak_planks;结果:got:oak_log;动作:gather_oak_log;结果:unparseable_reply
fas_full,T1,4,2,1,8,4.75,29.85,23.29,0.1629,2.919,4,3,2,3,6,1,0,1,0.75,1.0,craft_oak_planks,True,实体:oak_planks;实体:oak_log;实体:hunger;结果:got:oak_log;动作:gather_oak_log;结果:crafted:oak_planks;动作:craft_oak_planks;结果:unparseable_reply
fas_full,T2,4,1,0,0,,0,0,,,0,0,0,0,0,0,0,0,0.0,,gather_oak_log,True,
fas_full,T2,4,1,1,5,2.38,11.9,11.9,0.0,2.3219,1,3,1,1,4,1,0,0,0.8,,craft_oak_planks,True,结果:got:oak_log;动作:gather_oak_log;实体:oak_planks;实体:oak_log;实体:hunger
fas_full,T3,4,1,0,0,,0,0,,,0,0,0,0,0,0,0,0,0.0,,wait,True,
fas_full,T3,4,1,1,7,2.38,16.66,11.9,0.0,2.8074,1,5,1,1,2,3,0,2,0.286,,wait,True,结果:unparseable_reply;动作:wait;实体:birch_planks;实体:birch_log;实体:oak_planks;实体:oak_log;实体:hunger
fas_full,T3,4,1,2,7,4.63,32.41,23.15,0.0,2.8074,1,5,1,1,2,3,0,2,0.286,1.0,wait,True,结果:unparseable_reply;动作:wait;实体:birch_planks;实体:birch_log;实体:oak_planks;实体:oak_log;实体:hunger
fas_full,T3,4,1,3,7,4.75,33.25,23.75,0.0,2.8074,1,5,1,1,2,3,0,2,0.286,1.0,wait,True,结果:unparseable_reply;动作:wait;实体:birch_planks;实体:birch_log;实体:oak_planks;实体:oak_log;实体:hunger
fas_full,T3,4,1,4,7,4.75,33.25,23.75,0.0,2.8074,1,5,1,1,2,3,0,2,0.286,1.0,wait,True,结果:unparseable_reply;动作:wait;实体:birch_planks;实体:birch_log;实体:oak_planks;实体:oak_log;实体:hunger
fas_full,T3,4,2,0,7,4.75,33.25,23.75,0.0,2.8074,1,5,1,1,2,1,2,2,0.286,1.0,wait,True,结果:unparseable_reply;动作:wait;实体:birch_planks;实体:birch_log;实体:oak_planks;实体:oak_log;实体:hunger
fas_full,T3,4,2,1,7,4.75,33.25,23.75,0.0,2.8074,1,5,1,1,2,1,2,2,0.286,1.0,wait,True,结果:unparseable_reply;动作:wait;实体:birch_planks;实体:birch_log;实体:oak_planks;实体:oak_log;实体:hunger
fas_full,T3,4,2,2,7,4.75,33.25,23.75,0.0,2.8074,1,5,1,1,2,1,2,2,0.286,1.0,wait,True,结果:unparseable_reply;动作:wait;实体:birch_planks;实体:birch_log;实体:oak_planks;实体:oak_log;实体:hunger
fas_full,T3,4,2,3,7,4.75,33.25,23.75,0.0,2.8074,1,5,1,1,2,1,2,2,0.286,1.0,wait,True,结果:unparseable_reply;动作:wait;实体:birch_planks;实体:birch_log;实体:oak_planks;实体:oak_log;实体:hunger
fas_full,T3,4,2,4,7,4.75,33.25,23.75,0.0,2.8074,1,5,1,1,2,1,2,2,0.286,1.0,wait,True,结果:unparseable_reply;动作:wait;实体:birch_planks;实体:birch_log;实体:oak_planks;实体:oak_log;实体:hunger
fas_full,T3,4,2,5,7,4.75,33.25,23.75,0.0,2.8074,1,5,1,1,2,1,2,2,0.286,1.0,gather_birch_log,True,结果:unparseable_reply;动作:wait;实体:birch_planks;实体:birch_log;实体:oak_planks;实体:oak_log;实体:hunger
fas_full,T3,4,2,6,8,4.75,35.15,23.75,0.0658,2.9742,3,5,1,2,3,1,2,2,0.375,0.875,craft_birch_planks,True,实体:birch_planks;实体:birch_log;实体:oak_planks;实体:oak_log;实体:hunger;结果:unparseable_reply;动作:wait;结果:got:birch_log
fas_full,T4,4,1,0,0,,0,0,,,0,0,0,0,0,0,0,0,0.0,,wait,True,
fas_full,T4,4,1,1,6,4.75,19.02,16.64,0.1661,2.5005,2,4,1,1,4,0,0,2,0.667,,wait,True,实体:hunger;实体:bread;结果:unparseable_reply;动作:wait;实体:oak_planks;实体:oak_log
fas_full,T4,4,1,2,6,4.75,28.02,23.39,0.0057,2.5849,2,4,1,1,4,0,0,2,0.667,1.0,wait,True,实体:hunger;实体:bread;结果:unparseable_reply;动作:wait;实体:oak_planks;实体:oak_log
fas_full,T4,4,1,3,6,4.75,28.5,23.75,0.0,2.585,1,4,1,1,4,0,0,2,0.667,1.0,wait,True,结果:unparseable_reply;动作:wait;实体:hunger;实体:bread;实体:oak_planks;实体:oak_log
fas_full,T4,4,1,4,6,4.75,28.5,23.75,0.0,2.585,1,4,1,1,4,0,0,2,0.667,1.0,wait,True,结果:unparseable_reply;动作:wait;实体:hunger;实体:bread;实体:oak_planks;实体:oak_log
fas_full,T4,4,1,5,6,4.75,28.5,23.75,0.0,2.585,1,4,1,1,4,0,0,2,0.667,1.0,wait,True,结果:unparseable_reply;动作:wait;实体:hunger;实体:bread;实体:oak_planks;实体:oak_log
fas_full,T4,4,1,6,6,4.75,28.5,23.75,0.0,2.585,1,4,1,1,4,0,0,2,0.667,1.0,gather_oak_log,True,结果:unparseable_reply;动作:wait;实体:hunger;实体:bread;实体:oak_planks;实体:oak_log
fas_full,T4,4,1,7,8,4.75,32.78,23.51,0.1121,2.9522,3,4,2,2,6,0,0,2,0.75,0.75,craft_oak_planks,True,实体:hunger;实体:bread;实体:oak_planks;实体:oak_log;结果:unparseable_reply;动作:wait;结果:got:oak_log;动作:gather_oak_log
fas_full,T1,5,1,0,0,,0,0,,,0,0,0,0,0,0,0,0,0.0,,gather_oak_log,True,
fas_full,T1,5,1,1,5,2.38,11.9,11.9,0.0,2.3219,1,3,1,1,4,1,0,0,0.8,,wait,True,结果:got:oak_log;动作:gather_oak_log;实体:oak_planks;实体:oak_log;实体:hunger
fas_full,T1,5,1,2,7,4.63,23.17,18.65,0.1739,2.7223,3,3,2,2,4,1,0,2,0.571,0.714,craft_oak_planks,True,实体:oak_planks;实体:oak_log;实体:hunger;结果:unparseable_reply;动作:wait;结果:got:oak_log;动作:gather_oak_log
fas_full,T1,5,2,0,8,4.75,25.67,19.01,0.186,2.9035,4,3,2,3,5,1,0,2,0.625,0.667,wait,True,实体:oak_planks;实体:oak_log;实体:hunger;结果:crafted:oak_planks;动作:craft_oak_planks;结果:unparseable_reply;动作:wait;结果:got:oak_log
fas_full,T1,5,2,1,8,4.75,29.85,23.29,0.1629,2.919,4,3,2,3,5,1,0,2,0.625,1.0,wait,True,实体:oak_planks;实体:oak_log;实体:hunger;结果:unparseable_reply;动作:wait;结果:crafted:oak_planks;动作:craft_oak_planks;结果:got:oak_log
fas_full,T1,5,2,2,8,4.75,29.96,23.75,0.1695,2.9051,3,3,2,3,5,1,0,2,0.625,1.0,gather_oak_log,True,结果:unparseable_reply;动作:wait;实体:oak_planks;实体:oak_log;实体:hunger;结果:crafted:oak_planks;动作:craft_oak_planks;结果:got:oak_log
fas_full,T1,5,2,3,8,4.75,33.73,23.27,0.0863,2.9652,4,3,2,3,5,1,0,2,0.625,0.778,craft_oak_planks,True,实体:oak_planks;实体:oak_log;实体:hunger;结果:unparseable_reply;动作:wait;结果:got:oak_log;动作:gather_oak_log;结果:crafted:oak_planks
fas_full,T2,5,1,0,0,,0,0,,,0,0,0,0,0,0,0,0,0.0,,gather_oak_log,True,
fas_full,T2,5,1,1,5,2.38,11.9,11.9,0.0,2.3219,1,3,1,1,4,1,0,0,0.8,,wait,True,结果:got:oak_log;动作:gather_oak_log;实体:oak_planks;实体:oak_log;实体:hunger
fas_full,T2,5,1,2,7,4.63,23.17,18.65,0.1739,2.7223,3,3,2,2,4,1,0,2,0.571,0.714,craft_oak_planks,True,实体:oak_planks;实体:oak_log;实体:hunger;结果:unparseable_reply;动作:wait;结果:got:oak_log;动作:gather_oak_log
fas_full,T3,5,1,0,0,,0,0,,,0,0,0,0,0,0,0,0,0.0,,gather_oak_log,True,
fas_full,T3,5,1,1,7,2.38,16.66,11.9,0.0,2.8074,1,5,1,1,4,3,0,0,0.571,,craft_oak_planks,True,结果:got:oak_log;动作:gather_oak_log;实体:birch_planks;实体:birch_log;实体:oak_planks;实体:oak_log;实体:hunger
fas_full,T3,5,2,0,8,4.63,30.17,23.15,0.1433,2.933,3,5,1,2,2,4,2,0,0.25,0.667,wait,True,实体:birch_planks;实体:birch_log;实体:oak_planks;实体:oak_log;实体:hunger;结果:crafted:oak_planks;动作:craft_oak_planks;结果:got:oak_log
fas_full,T3,5,2,1,8,4.75,30.77,23.75,0.1478,2.9285,3,5,1,2,2,2,2,2,0.25,0.6,gather_birch_log,True,实体:birch_planks;实体:birch_log;实体:oak_planks;实体:oak_log;实体:hunger;结果:unparseable_reply;动作:wait;结果:crafted:oak_planks
fas_full,T3,5,2,2,8,4.75,30.77,23.75,0.1478,2.9285,3,5,1,2,4,1,2,1,0.5,0.6,craft_birch_planks,True,实体:birch_planks;实体:birch_log;实体:oak_planks;实体:oak_log;实体:hunger;结果:got:birch_log;动作:gather_birch_log;结果:unparseable_reply
fas_full,T4,5,1,0,0,,0,0,,,0,0,0,0,0,0,0,0,0.0,,gather_oak_log,True,
fas_full,T4,5,1,1,6,4.75,19.02,16.64,0.1661,2.5005,2,4,1,1,6,0,0,0,1.0,,wait,True,实体:hunger;实体:bread;结果:got:oak_log;动作:gather_oak_log;实体:oak_planks;实体:oak_log
fas_full,T4,5,1,2,8,4.75,28.04,21.14,0.1733,2.9157,4,4,2,2,6,0,0,2,0.75,0.75,wait,True,实体:hunger;实体:bread;实体:oak_planks;实体:oak_log;结果:unparseable_reply;动作:wait;结果:got:oak_log;动作:gather_oak_log
fas_full,T4,5,1,3,8,4.75,32.54,23.63,0.1222,2.938,3,4,2,2,6,0,0,2,0.75,1.0,wait,True,实体:hunger;实体:bread;实体:oak_planks;实体:oak_log;结果:unparseable_reply;动作:wait;结果:got:oak_log;动作:gather_oak_log
fas_full,T4,5,1,4,8,4.75,32.58,23.75,0.1248,2.9307,2,4,2,2,6,0,0,2,0.75,1.0,craft_oak_planks,True,结果:unparseable_reply;动作:wait;实体:hunger;实体:bread;实体:oak_planks;实体:oak_log;结果:got:oak_log;动作:gather_oak_log
fas_full,T1,6,1,0,0,,0,0,,,0,0,0,0,0,0,0,0,0.0,,gather_oak_log,True,
fas_full,T1,6,1,1,5,2.38,11.9,11.9,0.0,2.3219,1,3,1,1,4,1,0,0,0.8,,wait,True,结果:got:oak_log;动作:gather_oak_log;实体:oak_planks;实体:oak_log;实体:hunger
fas_full,T1,6,1,2,7,4.63,23.17,18.65,0.1739,2.7223,3,3,2,2,4,1,0,2,0.571,0.714,craft_oak_planks,True,实体:oak_planks;实体:oak_log;实体:hunger;结果:unparseable_reply;动作:wait;结果:got:oak_log;动作:gather_oak_log
fas_full,T1,6,2,0,8,4.75,25.67,19.01,0.186,2.9035,4,3,2,3,5,1,0,2,0.625,0.667,gather_oak_log,True,实体:oak_planks;实体:oak_log;实体:hunger;结果:crafted:oak_planks;动作:craft_oak_planks;结果:unparseable_reply;动作:wait;结果:got:oak_log
fas_full,T1,6,2,1,8,4.75,29.73,23.07,0.1606,2.9234,4,3,2,3,6,1,0,1,0.75,0.778,craft_oak_planks,True,实体:oak_planks;实体:oak_log;实体:hunger;结果:got:oak_log;动作:gather_oak_log;结果:crafted:oak_planks;动作:craft_oak_planks;结果:unparseable_reply
fas_full,T2,6,1,0,0,,0,0,,,0,0,0,0,0,0,0,0,0.0,,gather_oak_log,True,
fas_full,T2,6,1,1,5,2.38,11.9,11.9,0.0,2.3219,1,3,1,1,4,1,0,0,0.8,,craft_oak_planks,True,结果:got:oak_log;动作:gather_oak_log;实体:oak_planks;实体:oak_log;实体:hunger
fas_full,T3,6,1,0,0,,0,0,,,0,0,0,0,0,0,0,0,0.0,,wait,True,
fas_full,T3,6,1,1,7,2.38,16.66,11.9,0.0,2.8074,1,5,1,1,2,3,0,2,0.286,,gather_oak_log,True,结果:unparseable_reply;动作:wait;实体:birch_planks;实体:birch_log;实体:oak_planks;实体:oak_log;实体:hunger
fas_full,T3,6,1,2,8,4.63,30.17,23.15,0.1433,2.933,3,5,1,2,4,3,0,1,0.5,0.667,wait,True,实体:birch_planks;实体:birch_log;实体:oak_planks;实体:oak_log;实体:hunger;结果:got:oak_log;动作:gather_oak_log;结果:unparseable_reply
fas_full,T3,6,1,3,8,4.75,35.05,23.75,0.0687,2.971,3,5,1,2,3,3,0,2,0.375,0.778,wait,True,实体:birch_planks;实体:birch_log;实体:oak_planks;实体:oak_log;实体:hunger;结果:unparseable_reply;动作:wait;结果:got:oak_log
fas_full,T3,6,1,4,8,4.75,35.39,23.75,0.0645,2.9669,2,5,1,2,3,3,0,2,0.375,1.0,craft_oak_planks,True,结果:unparseable_reply;动作:wait;实体:birch_planks;实体:birch_log;实体:oak_planks;实体:oak_log;实体:hunger;结果:got:oak_log
fas_full,T3,6,2,0,8,4.75,35.15,23.75,0.0658,2.9742,3,5,1,2,2,2,2,2,0.25,0.778,wait,True,实体:birch_planks;实体:birch_log;实体:oak_planks;实体:oak_log;实体:hunger;结果:unparseable_reply;动作:wait;结果:crafted:oak_planks
fas_full,T3,6,2,1,8,4.75,35.51,23.75,0.0614,2.9704,2,5,1,2,2,2,2,2,0.25,1.0,gather_birch_log,True,结果:unparseable_reply;动作:wait;实体:birch_planks;实体:birch_log;实体:oak_planks;实体:oak_log;实体:hunger;结果:crafted:oak_planks
fas_full,T3,6,2,2,8,4.75,35.15,23.75,0.0658,2.9742,3,5,1,2,3,1,2,2,0.375,0.778,craft_birch_planks,True,实体:birch_planks;实体:birch_log;实体:oak_planks;实体:oak_log;实体:hunger;结果:unparseable_reply;动作:wait;结果:got:birch_log
fas_full,T4,6,1,0,0,,0,0,,,0,0,0,0,0,0,0,0,0.0,,wait,True,
fas_full,T4,6,1,1,6,4.75,19.02,16.64,0.1661,2.5005,2,4,1,1,4,0,0,2,0.667,,wait,True,实体:hunger;实体:bread;结果:unparseable_reply;动作:wait;实体:oak_planks;实体:oak_log
fas_full,T4,6,1,2,6,4.75,28.02,23.39,0.0057,2.5849,2,4,1,1,4,0,0,2,0.667,1.0,wait,True,实体:hunger;实体:bread;结果:unparseable_reply;动作:wait;实体:oak_planks;实体:oak_log
fas_full,T4,6,1,3,6,4.75,28.5,23.75,0.0,2.585,1,4,1,1,4,0,0,2,0.667,1.0,wait,True,结果:unparseable_reply;动作:wait;实体:hunger;实体:bread;实体:oak_planks;实体:oak_log
fas_full,T4,6,1,4,6,4.75,28.5,23.75,0.0,2.585,1,4,1,1,4,0,0,2,0.667,1.0,wait,True,结果:unparseable_reply;动作:wait;实体:hunger;实体:bread;实体:oak_planks;实体:oak_log
fas_full,T4,6,1,5,6,4.75,28.5,23.75,0.0,2.585,1,4,1,1,4,0,0,2,0.667,1.0,wait,True,结果:unparseable_reply;动作:wait;实体:hunger;实体:bread;实体:oak_planks;实体:oak_log
fas_full,T4,6,1,6,6,4.75,28.5,23.75,0.0,2.585,1,4,1,1,4,0,0,2,0.667,1.0,wait,True,结果:unparseable_reply;动作:wait;实体:hunger;实体:bread;实体:oak_planks;实体:oak_log
fas_full,T4,6,1,7,6,4.75,28.5,23.75,0.0,2.585,1,4,1,1,4,0,0,2,0.667,1.0,wait,True,结果:unparseable_reply;动作:wait;实体:hunger;实体:bread;实体:oak_planks;实体:oak_log
fas_full,T4,6,1,8,6,4.75,28.5,23.75,0.0,2.585,1,4,1,1,4,0,0,2,0.667,1.0,gather_oak_log,True,结果:unparseable_reply;动作:wait;实体:hunger;实体:bread;实体:oak_planks;实体:oak_log
fas_full,T4,6,1,9,8,4.75,32.78,23.51,0.1121,2.9522,3,4,2,2,6,0,0,2,0.75,0.75,wait,True,实体:hunger;实体:bread;实体:oak_planks;实体:oak_log;结果:unparseable_reply;动作:wait;结果:got:oak_log;动作:gather_oak_log
fas_full,T1,7,1,0,0,,0,0,,,0,0,0,0,0,0,0,0,0.0,,wait,True,
fas_full,T1,7,1,1,5,2.38,11.9,11.9,0.0,2.3219,1,3,1,1,2,1,0,2,0.4,,wait,True,结果:unparseable_reply;动作:wait;实体:oak_planks;实体:oak_log;实体:hunger
fas_full,T1,7,1,2,5,4.63,23.15,23.15,0.0,2.3219,1,3,1,1,2,1,0,2,0.4,1.0,gather_oak_log,True,结果:unparseable_reply;动作:wait;实体:oak_planks;实体:oak_log;实体:hunger
fas_full,T1,7,1,3,7,4.75,27.81,23.05,0.1253,2.7552,3,3,2,2,4,1,0,2,0.571,0.714,craft_oak_planks,True,实体:oak_planks;实体:oak_log;实体:hunger;结果:unparseable_reply;动作:wait;结果:got:oak_log;动作:gather_oak_log
fas_full,T1,7,2,0,8,4.75,29.63,22.61,0.1535,2.935,4,3,2,3,5,1,0,2,0.625,0.667,wait,True,实体:oak_planks;实体:oak_log;实体:hunger;结果:unparseable_reply;动作:wait;结果:crafted:oak_planks;动作:craft_oak_planks;结果:got:oak_log
fas_full,T1,7,2,1,8,4.75,30.41,23.75,0.157,2.9188,3,3,2,3,5,1,0,2,0.625,1.0,wait,True,结果:unparseable_reply;动作:wait;实体:oak_planks;实体:oak_log;实体:hunger;结果:crafted:oak_planks;动作:craft_oak_planks;结果:got:oak_log
fas_full,T1,7,2,2,8,4.75,30.07,23.75,0.1657,2.9088,3,3,2,3,5,1,0,2,0.625,1.0,wait,True,结果:unparseable_reply;动作:wait;实体:oak_planks;实体:oak_log;实体:hunger;结果:crafted:oak_planks;动作:craft_oak_planks;结果:got:oak_log
fas_full,T1,7,2,3,8,4.75,29.76,23.75,0.174,2.8988,3,3,2,3,5,1,0,2,0.625,1.0,gather_oak_log,True,结果:unparseable_reply;动作:wait;实体:oak_planks;实体:oak_log;实体:hunger;结果:crafted:oak_planks;动作:craft_oak_planks;结果:got:oak_log
fas_full,T1,7,2,4,8,4.75,33.62,23.27,0.0895,2.9616,4,3,2,3,5,1,0,2,0.625,0.778,craft_oak_planks,True,实体:oak_planks;实体:oak_log;实体:hunger;结果:unparseable_reply;动作:wait;结果:got:oak_log;动作:gather_oak_log;结果:crafted:oak_planks
fas_full,T2,7,1,0,0,,0,0,,,0,0,0,0,0,0,0,0,0.0,,gather_oak_log,True,
fas_full,T2,7,1,1,5,2.38,11.9,11.9,0.0,2.3219,1,3,1,1,4,1,0,0,0.8,,craft_oak_planks,True,结果:got:oak_log;动作:gather_oak_log;实体:oak_planks;实体:oak_log;实体:hunger
fas_full,T3,7,1,0,0,,0,0,,,0,0,0,0,0,0,0,0,0.0,,wait,True,
fas_full,T3,7,1,1,7,2.38,16.66,11.9,0.0,2.8074,1,5,1,1,2,3,0,2,0.286,,gather_oak_log,True,结果:unparseable_reply;动作:wait;实体:birch_planks;实体:birch_log;实体:oak_planks;实体:oak_log;实体:hunger
fas_full,T3,7,1,2,8,4.63,30.17,23.15,0.1433,2.933,3,5,1,2,4,3,0,1,0.5,0.667,craft_oak_planks,True,实体:birch_planks;实体:birch_log;实体:oak_planks;实体:oak_log;实体:hunger;结果:got:oak_log;动作:gather_oak_log;结果:unparseable_reply
fas_full,T3,7,2,0,8,4.75,30.77,23.75,0.1478,2.9285,3,5,1,2,2,4,2,0,0.25,0.6,wait,True,实体:birch_planks;实体:birch_log;实体:oak_planks;实体:oak_log;实体:hunger;结果:crafted:oak_planks;动作:craft_oak_planks;结果:got:oak_log
fas_full,T3,7,2,1,8,4.75,34.83,23.75,0.0723,2.971,3,5,1,2,2,2,2,2,0.25,0.6,gather_birch_log,True,实体:birch_planks;实体:birch_log;实体:oak_planks;实体:oak_log;实体:hunger;结果:unparseable_reply;动作:wait;结果:crafted:oak_planks
fas_full,T3,7,2,2,8,4.75,34.51,23.75,0.0763,2.9737,3,5,1,2,3,1,2,2,0.375,0.778,wait,True,实体:birch_planks;实体:birch_log;实体:oak_planks;实体:oak_log;实体:hunger;结果:unparseable_reply;动作:wait;结果:got:birch_log
fas_full,T3,7,2,3,8,4.75,35.51,23.75,0.0614,2.9704,2,5,1,2,3,1,2,2,0.375,1.0,wait,True,结果:unparseable_reply;动作:wait;实体:birch_planks;实体:birch_log;实体:oak_planks;实体:oak_log;实体:hunger;结果:got:birch_log
fas_full,T3,7,2,4,8,4.75,35.39,23.75,0.0645,2.9669,2,5,1,2,3,1,2,2,0.375,1.0,wait,True,结果:unparseable_reply;动作:wait;实体:birch_planks;实体:birch_log;实体:oak_planks;实体:oak_log;实体:hunger;结果:got:birch_log
fas_full,T3,7,2,5,8,4.75,35.29,23.75,0.0672,2.9637,2,5,1,2,3,1,2,2,0.375,1.0,craft_birch_planks,True,结果:unparseable_reply;动作:wait;实体:birch_planks;实体:birch_log;实体:oak_planks;实体:oak_log;实体:hunger;结果:got:birch_log
fas_full,T4,7,1,0,0,,0,0,,,0,0,0,0,0,0,0,0,0.0,,wait,True,
fas_full,T4,7,1,1,6,4.75,19.02,16.64,0.1661,2.5005,2,4,1,1,4,0,0,2,0.667,,gather_oak_log,True,实体:hunger;实体:bread;结果:unparseable_reply;动作:wait;实体:oak_planks;实体:oak_log
fas_full,T4,7,1,2,8,4.75,28.04,21.14,0.1733,2.9157,4,4,2,2,6,0,0,2,0.75,0.75,wait,True,实体:hunger;实体:bread;实体:oak_planks;实体:oak_log;结果:got:oak_log;动作:gather_oak_log;结果:unparseable_reply;动作:wait
fas_full,T4,7,1,3,8,4.75,32.56,23.52,0.1182,2.9457,3,4,2,2,6,0,0,2,0.75,1.0,wait,True,实体:hunger;实体:bread;实体:oak_planks;实体:oak_log;结果:unparseable_reply;动作:wait;结果:got:oak_log;动作:gather_oak_log
fas_full,T4,7,1,4,8,4.75,32.78,23.75,0.1194,2.937,2,4,2,2,6,0,0,2,0.75,1.0,wait,True,结果:unparseable_reply;动作:wait;实体:hunger;实体:bread;实体:oak_planks;实体:oak_log;结果:got:oak_log;动作:gather_oak_log
fas_full,T4,7,1,5,8,4.75,32.58,23.75,0.1248,2.9307,2,4,2,2,6,0,0,2,0.75,1.0,craft_oak_planks,True,结果:unparseable_reply;动作:wait;实体:hunger;实体:bread;实体:oak_planks;实体:oak_log;结果:got:oak_log;动作:gather_oak_log
fas_full,T1,8,1,0,0,,0,0,,,0,0,0,0,0,0,0,0,0.0,,wait,True,
fas_full,T1,8,1,1,5,2.38,11.9,11.9,0.0,2.3219,1,3,1,1,2,1,0,2,0.4,,gather_oak_log,True,结果:unparseable_reply;动作:wait;实体:oak_planks;实体:oak_log;实体:hunger
fas_full,T1,8,1,2,7,4.63,23.17,18.65,0.1739,2.7223,3,3,2,2,4,1,0,2,0.571,0.714,craft_oak_planks,True,实体:oak_planks;实体:oak_log;实体:hunger;结果:got:oak_log;动作:gather_oak_log;结果:unparseable_reply;动作:wait
fas_full,T1,8,2,0,8,4.75,25.67,19.01,0.186,2.9035,4,3,2,3,6,1,0,1,0.75,0.667,gather_oak_log,True,实体:oak_planks;实体:oak_log;实体:hunger;结果:crafted:oak_planks;动作:craft_oak_planks;结果:got:oak_log;动作:gather_oak_log;结果:unparseable_reply
fas_full,T1,8,2,1,8,4.75,29.85,23.29,0.1629,2.919,4,3,2,3,6,1,0,1,0.75,1.0,craft_oak_planks,True,实体:oak_planks;实体:oak_log;实体:hunger;结果:got:oak_log;动作:gather_oak_log;结果:crafted:oak_planks;动作:craft_oak_planks;结果:unparseable_reply
fas_full,T2,8,1,0,0,,0,0,,,0,0,0,0,0,0,0,0,0.0,,gather_oak_log,True,
fas_full,T2,8,1,1,5,2.38,11.9,11.9,0.0,2.3219,1,3,1,1,4,1,0,0,0.8,,wait,True,结果:got:oak_log;动作:gather_oak_log;实体:oak_planks;实体:oak_log;实体:hunger
fas_full,T2,8,1,2,7,4.63,23.17,18.65,0.1739,2.7223,3,3,2,2,4,1,0,2,0.571,0.714,craft_oak_planks,True,实体:oak_planks;实体:oak_log;实体:hunger;结果:unparseable_reply;动作:wait;结果:got:oak_log;动作:gather_oak_log
fas_full,T3,8,1,0,0,,0,0,,,0,0,0,0,0,0,0,0,0.0,,wait,True,
fas_full,T3,8,1,1,7,2.38,16.66,11.9,0.0,2.8074,1,5,1,1,2,3,0,2,0.286,,gather_oak_log,True,结果:unparseable_reply;动作:wait;实体:birch_planks;实体:birch_log;实体:oak_planks;实体:oak_log;实体:hunger
fas_full,T3,8,1,2,8,4.63,30.17,23.15,0.1433,2.933,3,5,1,2,4,3,0,1,0.5,0.667,wait,True,实体:birch_planks;实体:birch_log;实体:oak_planks;实体:oak_log;实体:hunger;结果:got:oak_log;动作:gather_oak_log;结果:unparseable_reply
fas_full,T3,8,1,3,8,4.75,35.05,23.75,0.0687,2.971,3,5,1,2,3,3,0,2,0.375,0.778,craft_oak_planks,True,实体:birch_planks;实体:birch_log;实体:oak_planks;实体:oak_log;实体:hunger;结果:unparseable_reply;动作:wait;结果:got:oak_log
fas_full,T3,8,2,0,8,4.75,34.71,23.75,0.073,2.974,3,5,1,2,2,2,2,2,0.25,0.778,gather_birch_log,True,实体:birch_planks;实体:birch_log;实体:oak_planks;实体:oak_log;实体:hunger;结果:unparseable_reply;动作:wait;结果:crafted:oak_planks
fas_full,T3,8,2,1,8,4.75,34.29,23.75,0.08,2.9732,3,5,1,2,3,1,2,2,0.375,0.778,craft_birch_planks,True,实体:birch_planks;实体:birch_log;实体:oak_planks;实体:oak_log;实体:hunger;结果:unparseable_reply;动作:wait;结果:got:birch_log
fas_full,T4,8,1,0,0,,0,0,,,0,0,0,0,0,0,0,0,0.0,,wait,True,
fas_full,T4,8,1,1,6,4.75,19.02,16.64,0.1661,2.5005,2,4,1,1,4,0,0,2,0.667,,wait,True,实体:hunger;实体:bread;结果:unparseable_reply;动作:wait;实体:oak_planks;实体:oak_log
fas_full,T4,8,1,2,6,4.75,28.02,23.39,0.0057,2.5849,2,4,1,1,4,0,0,2,0.667,1.0,wait,True,实体:hunger;实体:bread;结果:unparseable_reply;动作:wait;实体:oak_planks;实体:oak_log
fas_full,T4,8,1,3,6,4.75,28.5,23.75,0.0,2.585,1,4,1,1,4,0,0,2,0.667,1.0,wait,True,结果:unparseable_reply;动作:wait;实体:hunger;实体:bread;实体:oak_planks;实体:oak_log
fas_full,T4,8,1,4,6,4.75,28.5,23.75,0.0,2.585,1,4,1,1,4,0,0,2,0.667,1.0,wait,True,结果:unparseable_reply;动作:wait;实体:hunger;实体:bread;实体:oak_planks;实体:oak_log
fas_full,T4,8,1,5,6,4.75,28.5,23.75,0.0,2.585,1,4,1,1,4,0,0,2,0.667,1.0,gather_oak_log,True,结果:unparseable_reply;动作:wait;实体:hunger;实体:bread;实体:oak_planks;实体:oak_log
fas_full,T4,8,1,6,8,4.75,32.78,23.51,0.1121,2.9522,3,4,2,2,6,0,0,2,0.75,0.75,craft_oak_planks,True,实体:hunger;实体:bread;实体:oak_planks;实体:oak_log;结果:unparseable_reply;动作:wait;结果:got:oak_log;动作:gather_oak_log
fas_full,T1,9,1,0,0,,0,0,,,0,0,0,0,0,0,0,0,0.0,,wait,True,
fas_full,T1,9,1,1,5,2.38,11.9,11.9,0.0,2.3219,1,3,1,1,2,1,0,2,0.4,,wait,True,结果:unparseable_reply;动作:wait;实体:oak_planks;实体:oak_log;实体:hunger
fas_full,T1,9,1,2,5,4.63,23.15,23.15,0.0,2.3219,1,3,1,1,2,1,0,2,0.4,1.0,wait,True,结果:unparseable_reply;动作:wait;实体:oak_planks;实体:oak_log;实体:hunger
fas_full,T1,9,1,3,5,4.75,23.75,23.75,0.0,2.3219,1,3,1,1,2,1,0,2,0.4,1.0,gather_oak_log,True,结果:unparseable_reply;动作:wait;实体:oak_planks;实体:oak_log;实体:hunger
fas_full,T1,9,1,4,7,4.75,28.03,23.27,0.1232,2.7543,3,3,2,2,4,1,0,2,0.571,0.714,craft_oak_planks,True,实体:oak_planks;实体:oak_log;实体:hunger;结果:unparseable_reply;动作:wait;结果:got:oak_log;动作:gather_oak_log
fas_full,T1,9,2,0,8,4.75,29.85,22.83,0.1524,2.9341,4,3,2,3,5,1,0,2,0.625,0.667,wait,True,实体:oak_planks;实体:oak_log;实体:hunger;结果:unparseable_reply;动作:wait;结果:crafted:oak_planks;动作:craft_oak_planks;结果:got:oak_log
fas_full,T1,9,2,1,8,4.75,30.41,23.75,0.157,2.9188,3,3,2,3,5,1,0,2,0.625,1.0,wait,True,结果:unparseable_reply;动作:wait;实体:oak_planks;实体:oak_log;实体:hunger;结果:crafted:oak_planks;动作:craft_oak_planks;结果:got:oak_log
fas_full,T1,9,2,2,8,4.75,30.07,23.75,0.1657,2.9088,3,3,2,3,5,1,0,2,0.625,1.0,wait,True,结果:unparseable_reply;动作:wait;实体:oak_planks;实体:oak_log;实体:hunger;结果:crafted:oak_planks;动作:craft_oak_planks;结果:got:oak_log
fas_full,T1,9,2,3,8,4.75,29.76,23.75,0.174,2.8988,3,3,2,3,5,1,0,2,0.625,1.0,gather_oak_log,True,结果:unparseable_reply;动作:wait;实体:oak_planks;实体:oak_log;实体:hunger;结果:crafted:oak_planks;动作:craft_oak_planks;结果:got:oak_log
fas_full,T1,9,2,4,8,4.75,33.62,23.27,0.0895,2.9616,4,3,2,3,5,1,0,2,0.625,0.778,wait,True,实体:oak_planks;实体:oak_log;实体:hunger;结果:unparseable_reply;动作:wait;结果:got:oak_log;动作:gather_oak_log;结果:crafted:oak_planks
fas_full,T1,9,2,5,8,4.75,33.59,23.75,0.0981,2.956,3,3,2,3,5,1,0,2,0.625,1.0,wait,True,结果:unparseable_reply;动作:wait;实体:oak_planks;实体:oak_log;实体:hunger;结果:got:oak_log;动作:gather_oak_log;结果:crafted:oak_planks
fas_full,T1,9,2,6,8,4.75,33.1,23.75,0.108,2.9509,3,3,2,3,5,1,0,2,0.625,1.0,craft_oak_planks,True,结果:unparseable_reply;动作:wait;实体:oak_planks;实体:oak_log;实体:hunger;结果:got:oak_log;动作:gather_oak_log;结果:crafted:oak_planks
fas_full,T2,9,1,0,0,,0,0,,,0,0,0,0,0,0,0,0,0.0,,gather_oak_log,True,
fas_full,T2,9,1,1,5,2.38,11.9,11.9,0.0,2.3219,1,3,1,1,4,1,0,0,0.8,,craft_oak_planks,True,结果:got:oak_log;动作:gather_oak_log;实体:oak_planks;实体:oak_log;实体:hunger
fas_full,T3,9,1,0,0,,0,0,,,0,0,0,0,0,0,0,0,0.0,,wait,True,
fas_full,T3,9,1,1,7,2.38,16.66,11.9,0.0,2.8074,1,5,1,1,2,3,0,2,0.286,,wait,True,结果:unparseable_reply;动作:wait;实体:birch_planks;实体:birch_log;实体:oak_planks;实体:oak_log;实体:hunger
fas_full,T3,9,1,2,7,4.63,32.41,23.15,0.0,2.8074,1,5,1,1,2,3,0,2,0.286,1.0,gather_oak_log,True,结果:unparseable_reply;动作:wait;实体:birch_planks;实体:birch_log;实体:oak_planks;实体:oak_log;实体:hunger
fas_full,T3,9,1,3,8,4.75,34.93,23.75,0.0694,2.9742,3,5,1,2,3,3,0,2,0.375,0.875,craft_oak_planks,True,实体:birch_planks;实体:birch_log;实体:oak_planks;实体:oak_log;实体:hunger;结果:unparseable_reply;动作:wait;结果:got:oak_log
fas_full,T3,9,2,0,8,4.75,34.49,23.75,0.0767,2.9737,3,5,1,2,2,2,2,2,0.25,0.778,gather_birch_log,True,实体:birch_planks;实体:birch_log;实体:oak_planks;实体:oak_log;实体:hunger;结果:unparseable_reply;动作:wait;结果:crafted:oak_planks
fas_full,T3,9,2,1,8,4.75,34.07,23.75,0.0838,2.9725,3,5,1,2,3,1,2,2,0.375,0.778,craft_birch_planks,True,实体:birch_planks;实体:birch_log;实体:oak_planks;实体:oak_log;实体:hunger;结果:unparseable_reply;动作:wait;结果:got:birch_log
fas_full,T4,9,1,0,0,,0,0,,,0,0,0,0,0,0,0,0,0.0,,wait,True,
fas_full,T4,9,1,1,6,4.75,19.02,16.64,0.1661,2.5005,2,4,1,1,4,0,0,2,0.667,,gather_oak_log,True,实体:hunger;实体:bread;结果:unparseable_reply;动作:wait;实体:oak_planks;实体:oak_log
fas_full,T4,9,1,2,8,4.75,28.04,21.14,0.1733,2.9157,4,4,2,2,6,0,0,2,0.75,0.75,wait,True,实体:hunger;实体:bread;实体:oak_planks;实体:oak_log;结果:got:oak_log;动作:gather_oak_log;结果:unparseable_reply;动作:wait
fas_full,T4,9,1,3,8,4.75,32.56,23.52,0.1182,2.9457,3,4,2,2,6,0,0,2,0.75,1.0,wait,True,实体:hunger;实体:bread;实体:oak_planks;实体:oak_log;结果:unparseable_reply;动作:wait;结果:got:oak_log;动作:gather_oak_log
fas_full,T4,9,1,4,8,4.75,32.78,23.75,0.1194,2.937,2,4,2,2,6,0,0,2,0.75,1.0,wait,True,结果:unparseable_reply;动作:wait;实体:hunger;实体:bread;实体:oak_planks;实体:oak_log;结果:got:oak_log;动作:gather_oak_log
fas_full,T4,9,1,5,8,4.75,32.58,23.75,0.1248,2.9307,2,4,2,2,6,0,0,2,0.75,1.0,craft_oak_planks,True,结果:unparseable_reply;动作:wait;实体:hunger;实体:bread;实体:oak_planks;实体:oak_log;结果:got:oak_log;动作:gather_oak_log
fas_full,T1,10,1,0,0,,0,0,,,0,0,0,0,0,0,0,0,0.0,,gather_oak_log,True,
fas_full,T1,10,1,1,5,2.38,11.9,11.9,0.0,2.3219,1,3,1,1,4,1,0,0,0.8,,wait,True,结果:got:oak_log;动作:gather_oak_log;实体:oak_planks;实体:oak_log;实体:hunger
fas_full,T1,10,1,2,7,4.63,23.17,18.65,0.1739,2.7223,3,3,2,2,4,1,0,2,0.571,0.714,wait,True,实体:oak_planks;实体:oak_log;实体:hunger;结果:unparseable_reply;动作:wait;结果:got:oak_log;动作:gather_oak_log
fas_full,T1,10,1,3,7,4.75,27.79,23.51,0.1354,2.738,3,3,2,2,4,1,0,2,0.571,1.0,wait,True,实体:oak_planks;实体:oak_log;实体:hunger;结果:unparseable_reply;动作:wait;结果:got:oak_log;动作:gather_oak_log
fas_full,T1,10,1,4,7,4.75,27.83,23.75,0.1391,2.7294,2,3,2,2,4,1,0,2,0.571,1.0,craft_oak_planks,True,结果:unparseable_reply;动作:wait;实体:oak_planks;实体:oak_log;实体:hunger;结果:got:oak_log;动作:gather_oak_log
fas_full,T1,10,2,0,8,4.75,29.96,23.27,0.1615,2.9217,4,3,2,3,5,1,0,2,0.625,0.667,wait,True,实体:oak_planks;实体:oak_log;实体:hunger;结果:unparseable_reply;动作:wait;结果:crafted:oak_planks;动作:craft_oak_planks;结果:got:oak_log
fas_full,T1,10,2,1,8,4.75,30.11,23.75,0.1673,2.9087,3,3,2,3,5,1,0,2,0.625,1.0,gather_oak_log,True,结果:unparseable_reply;动作:wait;实体:oak_planks;实体:oak_log;实体:hunger;结果:crafted:oak_planks;动作:craft_oak_planks;结果:got:oak_log
fas_full,T1,10,2,2,8,4.75,33.65,23.27,0.0866,2.9681,4,3,2,3,5,1,0,2,0.625,0.778,craft_oak_planks,True,实体:oak_planks;实体:oak_log;实体:hunger;结果:unparseable_reply;动作:wait;结果:got:oak_log;动作:gather_oak_log;结果:crafted:oak_planks
fas_full,T2,10,1,0,0,,0,0,,,0,0,0,0,0,0,0,0,0.0,,wait,True,
fas_full,T2,10,1,1,5,2.38,11.9,11.9,0.0,2.3219,1,3,1,1,2,1,0,2,0.4,,gather_oak_log,True,结果:unparseable_reply;动作:wait;实体:oak_planks;实体:oak_log;实体:hunger
fas_full,T2,10,1,2,7,4.63,23.17,18.65,0.1739,2.7223,3,3,2,2,4,1,0,2,0.571,0.714,wait,True,实体:oak_planks;实体:oak_log;实体:hunger;结果:got:oak_log;动作:gather_oak_log;结果:unparseable_reply;动作:wait
fas_full,T2,10,1,3,7,4.75,27.81,23.29,0.1303,2.747,3,3,2,2,4,1,0,2,0.571,1.0,wait,True,实体:oak_planks;实体:oak_log;实体:hunger;结果:unparseable_reply;动作:wait;结果:got:oak_log;动作:gather_oak_log
fas_full,T2,10,1,4,7,4.75,28.03,23.75,0.133,2.7366,2,3,2,2,4,1,0,2,0.571,1.0,craft_oak_planks,True,结果:unparseable_reply;动作:wait;实体:oak_planks;实体:oak_log;实体:hunger;结果:got:oak_log;动作:gather_oak_log
fas_full,T3,10,1,0,0,,0,0,,,0,0,0,0,0,0,0,0,0.0,,wait,True,
fas_full,T3,10,1,1,7,2.38,16.66,11.9,0.0,2.8074,1,5,1,1,2,3,0,2,0.286,,gather_oak_log,True,结果:unparseable_reply;动作:wait;实体:birch_planks;实体:birch_log;实体:oak_planks;实体:oak_log;实体:hunger
fas_full,T3,10,1,2,8,4.63,30.17,23.15,0.1433,2.933,3,5,1,2,4,3,0,1,0.5,0.667,wait,True,实体:birch_planks;实体:birch_log;实体:oak_planks;实体:oak_log;实体:hunger;结果:got:oak_log;动作:gather_oak_log;结果:unparseable_reply
fas_full,T3,10,1,3,8,4.75,35.05,23.75,0.0687,2.971,3,5,1,2,3,3,0,2,0.375,0.778,craft_oak_planks,True,实体:birch_planks;实体:birch_log;实体:oak_planks;实体:oak_log;实体:hunger;结果:unparseable_reply;动作:wait;结果:got:oak_log
fas_full,T3,10,2,0,8,4.75,34.71,23.75,0.073,2.974,3,5,1,2,2,2,2,2,0.25,0.778,wait,True,实体:birch_planks;实体:birch_log;实体:oak_planks;实体:oak_log;实体:hunger;结果:unparseable_reply;动作:wait;结果:crafted:oak_planks
fas_full,T3,10,2,1,8,4.75,35.51,23.75,0.0614,2.9704,2,5,1,2,2,2,2,2,0.25,1.0,wait,True,结果:unparseable_reply;动作:wait;实体:birch_planks;实体:birch_log;实体:oak_planks;实体:oak_log;实体:hunger;结果:crafted:oak_planks
fas_full,T3,10,2,2,8,4.75,35.39,23.75,0.0645,2.9669,2,5,1,2,2,2,2,2,0.25,1.0,gather_birch_log,True,结果:unparseable_reply;动作:wait;实体:birch_planks;实体:birch_log;实体:oak_planks;实体:oak_log;实体:hunger;结果:crafted:oak_planks
fas_full,T3,10,2,3,8,4.75,35.15,23.75,0.0658,2.9742,3,5,1,2,3,1,2,2,0.375,0.778,wait,True,实体:birch_planks;实体:birch_log;实体:oak_planks;实体:oak_log;实体:hunger;结果:unparseable_reply;动作:wait;结果:got:birch_log
fas_full,T3,10,2,4,8,4.75,35.51,23.75,0.0614,2.9704,2,5,1,2,3,1,2,2,0.375,1.0,wait,True,结果:unparseable_reply;动作:wait;实体:birch_planks;实体:birch_log;实体:oak_planks;实体:oak_log;实体:hunger;结果:got:birch_log
fas_full,T3,10,2,5,8,4.75,35.39,23.75,0.0645,2.9669,2,5,1,2,3,1,2,2,0.375,1.0,craft_birch_planks,True,结果:unparseable_reply;动作:wait;实体:birch_planks;实体:birch_log;实体:oak_planks;实体:oak_log;实体:hunger;结果:got:birch_log
fas_full,T4,10,1,0,0,,0,0,,,0,0,0,0,0,0,0,0,0.0,,wait,True,
fas_full,T4,10,1,1,6,4.75,19.02,16.64,0.1661,2.5005,2,4,1,1,4,0,0,2,0.667,,wait,True,实体:hunger;实体:bread;结果:unparseable_reply;动作:wait;实体:oak_planks;实体:oak_log
fas_full,T4,10,1,2,6,4.75,28.02,23.39,0.0057,2.5849,2,4,1,1,4,0,0,2,0.667,1.0,wait,True,实体:hunger;实体:bread;结果:unparseable_reply;动作:wait;实体:oak_planks;实体:oak_log
fas_full,T4,10,1,3,6,4.75,28.5,23.75,0.0,2.585,1,4,1,1,4,0,0,2,0.667,1.0,eat_bread,True,结果:unparseable_reply;动作:wait;实体:hunger;实体:bread;实体:oak_planks;实体:oak_log
fas_full,T4,10,1,4,8,4.75,32.78,23.51,0.1121,2.9522,3,4,2,2,6,0,0,2,0.75,0.75,wait,True,"实体:hunger;实体:bread;实体:oak_planks;实体:oak_log;结果:unparseable_reply;动作:wait;结果:ate:bread,hunger:9;动作:eat_bread"
fas_full,T4,10,1,5,8,4.75,33.02,23.75,0.1131,2.944,2,4,2,2,6,0,0,2,0.75,1.0,wait,True,"结果:unparseable_reply;动作:wait;实体:hunger;实体:bread;实体:oak_planks;实体:oak_log;结果:ate:bread,hunger:9;动作:eat_bread"
fas_full,T4,10,1,6,8,4.75,32.78,23.75,0.1194,2.937,2,4,2,2,6,0,0,2,0.75,1.0,gather_oak_log,True,"结果:unparseable_reply;动作:wait;实体:hunger;实体:bread;实体:oak_planks;实体:oak_log;结果:ate:bread,hunger:9;动作:eat_bread"
fas_full,T4,10,1,7,8,4.75,32.78,23.51,0.1121,2.9522,3,4,2,2,6,0,0,2,0.75,0.6,craft_oak_planks,True,实体:hunger;实体:bread;实体:oak_planks;实体:oak_log;结果:unparseable_reply;动作:wait;结果:got:oak_log;动作:gather_oak_log
fas_full,T1,11,1,0,0,,0,0,,,0,0,0,0,0,0,0,0,0.0,,gather_oak_log,True,
fas_full,T1,11,1,1,5,2.38,11.9,11.9,0.0,2.3219,1,3,1,1,4,1,0,0,0.8,,wait,True,结果:got:oak_log;动作:gather_oak_log;实体:oak_planks;实体:oak_log;实体:hunger
fas_full,T1,11,1,2,7,4.63,23.17,18.65,0.1739,2.7223,3,3,2,2,4,1,0,2,0.571,0.714,craft_oak_planks,True,实体:oak_planks;实体:oak_log;实体:hunger;结果:unparseable_reply;动作:wait;结果:got:oak_log;动作:gather_oak_log
fas_full,T1,11,2,0,8,4.75,25.67,19.01,0.186,2.9035,4,3,2,3,5,1,0,2,0.625,0.667,wait,True,实体:oak_planks;实体:oak_log;实体:hunger;结果:crafted:oak_planks;动作:craft_oak_planks;结果:unparseable_reply;动作:wait;结果:got:oak_log
fas_full,T1,11,2,1,8,4.75,29.85,23.29,0.1629,2.919,4,3,2,3,5,1,0,2,0.625,1.0,wait,True,实体:oak_planks;实体:oak_log;实体:hunger;结果:unparseable_reply;动作:wait;结果:crafted:oak_planks;动作:craft_oak_planks;结果:got:oak_log
fas_full,T1,11,2,2,8,4.75,29.96,23.75,0.1695,2.9051,3,3,2,3,5,1,0,2,0.625,1.0,wait,True,结果:unparseable_reply;动作:wait;实体:oak_planks;实体:oak_log;实体:hunger;结果:crafted:oak_planks;动作:craft_oak_planks;结果:got:oak_log
fas_full,T1,11,2,3,8,4.75,29.67,23.75,0.1772,2.8955,3,3,2,3,5,1,0,2,0.625,1.0,wait,True,结果:unparseable_reply;动作:wait;实体:oak_planks;实体:oak_log;实体:hunger;结果:crafted:oak_planks;动作:craft_oak_planks;结果:got:oak_log
fas_full,T1,11,2,4,8,4.75,29.36,23.75,0.1855,2.8845,3,3,2,3,5,1,0,2,0.625,1.0,wait,True,结果:unparseable_reply;动作:wait;实体:oak_planks;实体:oak_log;实体:hunger;结果:crafted:oak_planks;动作:craft_oak_planks;结果:got:oak_log
fas_full,T1,11,2,5,8,4.75,29.09,23.75,0.193,2.8742,3,3,2,3,5,1,0,2,0.625,1.0,wait,True,结果:unparseable_reply;动作:wait;实体:oak_planks;实体:oak_log;实体:hunger;结果:crafted:oak_planks;动作:craft_oak_planks;结果:got:oak_log
fas_full,T1,11,2,6,8,4.75,28.83,23.75,0.2003,2.8635,3,3,2,3,5,1,0,2,0.625,1.0,wait,True,结果:unparseable_reply;动作:wait;实体:oak_planks;实体:oak_log;实体:hunger;结果:crafted:oak_planks;动作:craft_oak_planks;结果:got:oak_log
fas_full,T2,11,1,0,0,,0,0,,,0,0,0,0,0,0,0,0,0.0,,wait,True,
fas_full,T2,11,1,1,5,2.38,11.9,11.9,0.0,2.3219,1,3,1,1,2,1,0,2,0.4,,gather_oak_log,True,结果:unparseable_reply;动作:wait;实体:oak_planks;实体:oak_log;实体:hunger
fas_full,T2,11,1,2,7,4.63,23.17,18.65,0.1739,2.7223,3,3,2,2,4,1,0,2,0.571,0.714,craft_oak_planks,True,实体:oak_planks;实体:oak_log;实体:hunger;结果:got:oak_log;动作:gather_oak_log;结果:unparseable_reply;动作:wait
fas_full,T3,11,1,0,0,,0,0,,,0,0,0,0,0,0,0,0,0.0,,wait,True,
fas_full,T3,11,1,1,7,2.38,16.66,11.9,0.0,2.8074,1,5,1,1,2,3,0,2,0.286,,wait,True,结果:unparseable_reply;动作:wait;实体:birch_planks;实体:birch_log;实体:oak_planks;实体:oak_log;实体:hunger
fas_full,T3,11,1,2,7,4.63,32.41,23.15,0.0,2.8074,1,5,1,1,2,3,0,2,0.286,1.0,gather_oak_log,True,结果:unparseable_reply;动作:wait;实体:birch_planks;实体:birch_log;实体:oak_planks;实体:oak_log;实体:hunger
fas_full,T3,11,1,3,8,4.75,34.93,23.75,0.0694,2.9742,3,5,1,2,3,3,0,2,0.375,0.875,craft_oak_planks,True,实体:birch_planks;实体:birch_log;实体:oak_planks;实体:oak_log;实体:hunger;结果:unparseable_reply;动作:wait;结果:got:oak_log
fas_full,T3,11,2,0,8,4.75,34.49,23.75,0.0767,2.9737,3,5,1,2,2,2,2,2,0.25,0.778,gather_birch_log,True,实体:birch_planks;实体:birch_log;实体:oak_planks;实体:oak_log;实体:hunger;结果:unparseable_reply;动作:wait;结果:crafted:oak_planks
fas_full,T3,11,2,1,8,4.75,34.07,23.75,0.0838,2.9725,3,5,1,2,3,1,2,2,0.375,0.778,wait,True,实体:birch_planks;实体:birch_log;实体:oak_planks;实体:oak_log;实体:hunger;结果:unparseable_reply;动作:wait;结果:got:birch_log
fas_full,T3,11,2,2,8,4.75,35.51,23.75,0.0614,2.9704,2,5,1,2,3,1,2,2,0.375,1.0,craft_birch_planks,True,结果:unparseable_reply;动作:wait;实体:birch_planks;实体:birch_log;实体:oak_planks;实体:oak_log;实体:hunger;结果:got:birch_log
fas_full,T4,11,1,0,0,,0,0,,,0,0,0,0,0,0,0,0,0.0,,wait,True,
fas_full,T4,11,1,1,6,4.75,19.02,16.64,0.1661,2.5005,2,4,1,1,4,0,0,2,0.667,,wait,True,实体:hunger;实体:bread;结果:unparseable_reply;动作:wait;实体:oak_planks;实体:oak_log
fas_full,T4,11,1,2,6,4.75,28.02,23.39,0.0057,2.5849,2,4,1,1,4,0,0,2,0.667,1.0,wait,True,实体:hunger;实体:bread;结果:unparseable_reply;动作:wait;实体:oak_planks;实体:oak_log
fas_full,T4,11,1,3,6,4.75,28.5,23.75,0.0,2.585,1,4,1,1,4,0,0,2,0.667,1.0,eat_bread,True,结果:unparseable_reply;动作:wait;实体:hunger;实体:bread;实体:oak_planks;实体:oak_log
fas_full,T4,11,1,4,8,4.75,32.78,23.51,0.1121,2.9522,3,4,2,2,6,0,0,2,0.75,0.75,gather_oak_log,True,"实体:hunger;实体:bread;实体:oak_planks;实体:oak_log;结果:unparseable_reply;动作:wait;结果:ate:bread,hunger:9;动作:eat_bread"
fas_full,T4,11,1,5,8,4.75,32.34,23.29,0.117,2.953,3,4,2,2,6,0,0,2,0.75,0.6,craft_oak_planks,True,实体:hunger;实体:bread;实体:oak_planks;实体:oak_log;结果:unparseable_reply;动作:wait;结果:got:oak_log;动作:gather_oak_log
fas_full,T1,12,1,0,0,,0,0,,,0,0,0,0,0,0,0,0,0.0,,wait,True,
fas_full,T1,12,1,1,5,2.38,11.9,11.9,0.0,2.3219,1,3,1,1,2,1,0,2,0.4,,wait,True,结果:unparseable_reply;动作:wait;实体:oak_planks;实体:oak_log;实体:hunger
fas_full,T1,12,1,2,5,4.63,23.15,23.15,0.0,2.3219,1,3,1,1,2,1,0,2,0.4,1.0,wait,True,结果:unparseable_reply;动作:wait;实体:oak_planks;实体:oak_log;实体:hunger
fas_full,T1,12,1,3,5,4.75,23.75,23.75,0.0,2.3219,1,3,1,1,2,1,0,2,0.4,1.0,wait,True,结果:unparseable_reply;动作:wait;实体:oak_planks;实体:oak_log;实体:hunger
fas_full,T1,12,1,4,5,4.75,23.75,23.75,0.0,2.3219,1,3,1,1,2,1,0,2,0.4,1.0,gather_oak_log,True,结果:unparseable_reply;动作:wait;实体:oak_planks;实体:oak_log;实体:hunger
fas_full,T1,12,1,5,7,4.75,28.03,23.27,0.1232,2.7543,3,3,2,2,4,1,0,2,0.571,0.714,craft_oak_planks,True,实体:oak_planks;实体:oak_log;实体:hunger;结果:unparseable_reply;动作:wait;结果:got:oak_log;动作:gather_oak_log
fas_full,T1,12,2,0,8,4.75,29.85,22.83,0.1524,2.9341,4,3,2,3,5,1,0,2,0.625,0.667,wait,True,实体:oak_planks;实体:oak_log;实体:hunger;结果:unparseable_reply;动作:wait;结果:crafted:oak_planks;动作:craft_oak_planks;结果:got:oak_log
fas_full,T1,12,2,1,8,4.75,30.41,23.75,0.157,2.9188,3,3,2,3,5,1,0,2,0.625,1.0,wait,True,结果:unparseable_reply;动作:wait;实体:oak_planks;实体:oak_log;实体:hunger;结果:crafted:oak_planks;动作:craft_oak_planks;结果:got:oak_log
fas_full,T1,12,2,2,8,4.75,30.07,23.75,0.1657,2.9088,3,3,2,3,5,1,0,2,0.625,1.0,wait,True,结果:unparseable_reply;动作:wait;实体:oak_planks;实体:oak_log;实体:hunger;结果:crafted:oak_planks;动作:craft_oak_planks;结果:got:oak_log
fas_full,T1,12,2,3,8,4.75,29.76,23.75,0.174,2.8988,3,3,2,3,5,1,0,2,0.625,1.0,wait,True,结果:unparseable_reply;动作:wait;实体:oak_planks;实体:oak_log;实体:hunger;结果:crafted:oak_planks;动作:craft_oak_planks;结果:got:oak_log
fas_full,T1,12,2,4,8,4.75,29.45,23.75,0.1822,2.8881,3,3,2,3,5,1,0,2,0.625,1.0,wait,True,结果:unparseable_reply;动作:wait;实体:oak_planks;实体:oak_log;实体:hunger;结果:crafted:oak_planks;动作:craft_oak_planks;结果:got:oak_log
fas_full,T1,12,2,5,8,4.75,29.18,23.75,0.1897,2.8779,3,3,2,3,5,1,0,2,0.625,1.0,wait,True,结果:unparseable_reply;动作:wait;实体:oak_planks;实体:oak_log;实体:hunger;结果:crafted:oak_planks;动作:craft_oak_planks;结果:got:oak_log
fas_full,T1,12,2,6,8,4.75,28.91,23.75,0.1973,2.8671,3,3,2,3,5,1,0,2,0.625,1.0,wait,True,结果:unparseable_reply;动作:wait;实体:oak_planks;实体:oak_log;实体:hunger;结果:crafted:oak_planks;动作:craft_oak_planks;结果:got:oak_log
fas_full,T2,12,1,0,0,,0,0,,,0,0,0,0,0,0,0,0,0.0,,gather_oak_log,True,
fas_full,T2,12,1,1,5,2.38,11.9,11.9,0.0,2.3219,1,3,1,1,4,1,0,0,0.8,,wait,True,结果:got:oak_log;动作:gather_oak_log;实体:oak_planks;实体:oak_log;实体:hunger
fas_full,T2,12,1,2,7,4.63,23.17,18.65,0.1739,2.7223,3,3,2,2,4,1,0,2,0.571,0.714,craft_oak_planks,True,实体:oak_planks;实体:oak_log;实体:hunger;结果:unparseable_reply;动作:wait;结果:got:oak_log;动作:gather_oak_log
fas_full,T3,12,1,0,0,,0,0,,,0,0,0,0,0,0,0,0,0.0,,gather_oak_log,True,
fas_full,T3,12,1,1,7,2.38,16.66,11.9,0.0,2.8074,1,5,1,1,4,3,0,0,0.571,,wait,True,结果:got:oak_log;动作:gather_oak_log;实体:birch_planks;实体:birch_log;实体:oak_planks;实体:oak_log;实体:hunger
fas_full,T3,12,1,2,8,4.63,30.17,23.15,0.1433,2.933,3,5,1,2,3,3,0,2,0.375,0.667,wait,True,实体:birch_planks;实体:birch_log;实体:oak_planks;实体:oak_log;实体:hunger;结果:unparseable_reply;动作:wait;结果:got:oak_log
fas_full,T3,12,1,3,8,4.75,35.15,23.75,0.0684,2.9673,3,5,1,2,3,3,0,2,0.375,1.0,craft_oak_planks,True,实体:birch_planks;实体:birch_log;实体:oak_planks;实体:oak_log;实体:hunger;结果:unparseable_reply;动作:wait;结果:got:oak_log
fas_full,T3,12,2,0,8,4.75,34.93,23.75,0.0694,2.9742,3,5,1,2,2,2,2,2,0.25,0.778,gather_birch_log,True,实体:birch_planks;实体:birch_log;实体:oak_planks;实体:oak_log;实体:hunger;结果:unparseable_reply;动作:wait;结果:crafted:oak_planks
fas_full,T3,12,2,1,8,4.75,34.49,23.75,0.0767,2.9737,3,5,1,2,3,1,2,2,0.375,0.778,wait,True,实体:birch_planks;实体:birch_log;实体:oak_planks;实体:oak_log;实体:hunger;结果:unparseable_reply;动作:wait;结果:got:birch_log
fas_full,T3,12,2,2,8,4.75,35.51,23.75,0.0614,2.9704,2,5,1,2,3,1,2,2,0.375,1.0,wait,True,结果:unparseable_reply;动作:wait;实体:birch_planks;实体:birch_log;实体:oak_planks;实体:oak_log;实体:hunger;结果:got:birch_log
fas_full,T3,12,2,3,8,4.75,35.39,23.75,0.0645,2.9669,2,5,1,2,3,1,2,2,0.375,1.0,wait,True,结果:unparseable_reply;动作:wait;实体:birch_planks;实体:birch_log;实体:oak_planks;实体:oak_log;实体:hunger;结果:got:birch_log
fas_full,T3,12,2,4,8,4.75,35.29,23.75,0.0672,2.9637,2,5,1,2,3,1,2,2,0.375,1.0,wait,True,结果:unparseable_reply;动作:wait;实体:birch_planks;实体:birch_log;实体:oak_planks;实体:oak_log;实体:hunger;结果:got:birch_log
fas_full,T3,12,2,5,8,4.75,35.18,23.75,0.0701,2.96,2,5,1,2,3,1,2,2,0.375,1.0,craft_birch_planks,True,结果:unparseable_reply;动作:wait;实体:birch_planks;实体:birch_log;实体:oak_planks;实体:oak_log;实体:hunger;结果:got:birch_log
fas_full,T4,12,1,0,0,,0,0,,,0,0,0,0,0,0,0,0,0.0,,gather_oak_log,True,
fas_full,T4,12,1,1,6,4.75,19.02,16.64,0.1661,2.5005,2,4,1,1,6,0,0,0,1.0,,wait,True,实体:hunger;实体:bread;结果:got:oak_log;动作:gather_oak_log;实体:oak_planks;实体:oak_log
fas_full,T4,12,1,2,8,4.75,28.04,21.14,0.1733,2.9157,4,4,2,2,6,0,0,2,0.75,0.75,craft_oak_planks,True,实体:hunger;实体:bread;实体:oak_planks;实体:oak_log;结果:unparseable_reply;动作:wait;结果:got:oak_log;动作:gather_oak_log
fas_full,T1,13,1,0,0,,0,0,,,0,0,0,0,0,0,0,0,0.0,,gather_oak_log,True,
fas_full,T1,13,1,1,5,2.38,11.9,11.9,0.0,2.3219,1,3,1,1,4,1,0,0,0.8,,craft_oak_planks,True,结果:got:oak_log;动作:gather_oak_log;实体:oak_planks;实体:oak_log;实体:hunger
fas_full,T1,13,2,0,7,4.63,23.17,18.65,0.1739,2.7223,3,3,2,2,6,1,0,0,0.857,0.714,wait,True,实体:oak_planks;实体:oak_log;实体:hunger;结果:crafted:oak_planks;动作:craft_oak_planks;结果:got:oak_log;动作:gather_oak_log
fas_full,T1,13,2,1,8,4.75,25.67,19.01,0.186,2.9035,4,3,2,3,5,1,0,2,0.625,0.667,gather_oak_log,True,实体:oak_planks;实体:oak_log;实体:hunger;结果:unparseable_reply;动作:wait;结果:crafted:oak_planks;动作:craft_oak_planks;结果:got:oak_log
fas_full,T1,13,2,2,8,4.75,29.73,23.07,0.1606,2.9234,4,3,2,3,5,1,0,2,0.625,0.778,craft_oak_planks,True,实体:oak_planks;实体:oak_log;实体:hunger;结果:got:oak_log;动作:gather_oak_log;结果:unparseable_reply;动作:wait;结果:crafted:oak_planks
fas_full,T2,13,1,0,0,,0,0,,,0,0,0,0,0,0,0,0,0.0,,wait,True,
fas_full,T2,13,1,1,5,2.38,11.9,11.9,0.0,2.3219,1,3,1,1,2,1,0,2,0.4,,gather_oak_log,True,结果:unparseable_reply;动作:wait;实体:oak_planks;实体:oak_log;实体:hunger
fas_full,T2,13,1,2,7,4.63,23.17,18.65,0.1739,2.7223,3,3,2,2,4,1,0,2,0.571,0.714,craft_oak_planks,True,实体:oak_planks;实体:oak_log;实体:hunger;结果:got:oak_log;动作:gather_oak_log;结果:unparseable_reply;动作:wait
fas_full,T3,13,1,0,0,,0,0,,,0,0,0,0,0,0,0,0,0.0,,wait,True,
fas_full,T3,13,1,1,7,2.38,16.66,11.9,0.0,2.8074,1,5,1,1,2,3,0,2,0.286,,wait,True,结果:unparseable_reply;动作:wait;实体:birch_planks;实体:birch_log;实体:oak_planks;实体:oak_log;实体:hunger
fas_full,T3,13,1,2,7,4.63,32.41,23.15,0.0,2.8074,1,5,1,1,2,3,0,2,0.286,1.0,wait,True,结果:unparseable_reply;动作:wait;实体:birch_planks;实体:birch_log;实体:oak_planks;实体:oak_log;实体:hunger
fas_full,T3,13,1,3,7,4.75,33.25,23.75,0.0,2.8074,1,5,1,1,2,3,0,2,0.286,1.0,gather_oak_log,True,结果:unparseable_reply;动作:wait;实体:birch_planks;实体:birch_log;实体:oak_planks;实体:oak_log;实体:hunger
fas_full,T3,13,1,4,8,4.75,35.15,23.75,0.0658,2.9742,3,5,1,2,3,3,0,2,0.375,0.875,craft_oak_planks,True,实体:birch_planks;实体:birch_log;实体:oak_planks;实体:oak_log;实体:hunger;结果:unparseable_reply;动作:wait;结果:got:oak_log
fas_full,T3,13,2,0,8,4.75,34.71,23.75,0.073,2.974,3,5,1,2,2,2,2,2,0.25,0.778,wait,True,实体:birch_planks;实体:birch_log;实体:oak_planks;实体:oak_log;实体:hunger;结果:unparseable_reply;动作:wait;结果:crafted:oak_planks
fas_full,T3,13,2,1,8,4.75,35.51,23.75,0.0614,2.9704,2,5,1,2,2,2,2,2,0.25,1.0,wait,True,结果:unparseable_reply;动作:wait;实体:birch_planks;实体:birch_log;实体:oak_planks;实体:oak_log;实体:hunger;结果:crafted:oak_planks
fas_full,T3,13,2,2,8,4.75,35.39,23.75,0.0645,2.9669,2,5,1,2,2,2,2,2,0.25,1.0,wait,True,结果:unparseable_reply;动作:wait;实体:birch_planks;实体:birch_log;实体:oak_planks;实体:oak_log;实体:hunger;结果:crafted:oak_planks
fas_full,T3,13,2,3,8,4.75,35.29,23.75,0.0672,2.9637,2,5,1,2,2,2,2,2,0.25,1.0,gather_birch_log,True,结果:unparseable_reply;动作:wait;实体:birch_planks;实体:birch_log;实体:oak_planks;实体:oak_log;实体:hunger;结果:crafted:oak_planks
fas_full,T3,13,2,4,8,4.75,35.15,23.75,0.0658,2.9742,3,5,1,2,3,1,2,2,0.375,0.778,wait,True,实体:birch_planks;实体:birch_log;实体:oak_planks;实体:oak_log;实体:hunger;结果:unparseable_reply;动作:wait;结果:got:birch_log
fas_full,T3,13,2,5,8,4.75,35.51,23.75,0.0614,2.9704,2,5,1,2,3,1,2,2,0.375,1.0,craft_birch_planks,True,结果:unparseable_reply;动作:wait;实体:birch_planks;实体:birch_log;实体:oak_planks;实体:oak_log;实体:hunger;结果:got:birch_log
fas_full,T4,13,1,0,0,,0,0,,,0,0,0,0,0,0,0,0,0.0,,wait,True,
fas_full,T4,13,1,1,6,4.75,19.02,16.64,0.1661,2.5005,2,4,1,1,4,0,0,2,0.667,,wait,True,实体:hunger;实体:bread;结果:unparseable_reply;动作:wait;实体:oak_planks;实体:oak_log
fas_full,T4,13,1,2,6,4.75,28.02,23.39,0.0057,2.5849,2,4,1,1,4,0,0,2,0.667,1.0,wait,True,实体:hunger;实体:bread;结果:unparseable_reply;动作:wait;实体:oak_planks;实体:oak_log
fas_full,T4,13,1,3,6,4.75,28.5,23.75,0.0,2.585,1,4,1,1,4,0,0,2,0.667,1.0,eat_bread,True,结果:unparseable_reply;动作:wait;实体:hunger;实体:bread;实体:oak_planks;实体:oak_log
fas_full,T4,13,1,4,8,4.75,32.78,23.51,0.1121,2.9522,3,4,2,2,6,0,0,2,0.75,0.75,wait,True,"实体:hunger;实体:bread;实体:oak_planks;实体:oak_log;结果:unparseable_reply;动作:wait;结果:ate:bread,hunger:9;动作:eat_bread"
fas_full,T4,13,1,5,8,4.75,33.02,23.75,0.1131,2.944,2,4,2,2,6,0,0,2,0.75,1.0,wait,True,"结果:unparseable_reply;动作:wait;实体:hunger;实体:bread;实体:oak_planks;实体:oak_log;结果:ate:bread,hunger:9;动作:eat_bread"
fas_full,T4,13,1,6,8,4.75,32.78,23.75,0.1194,2.937,2,4,2,2,6,0,0,2,0.75,1.0,wait,True,"结果:unparseable_reply;动作:wait;实体:hunger;实体:bread;实体:oak_planks;实体:oak_log;结果:ate:bread,hunger:9;动作:eat_bread"
fas_full,T4,13,1,7,8,4.75,32.58,23.75,0.1248,2.9307,2,4,2,2,6,0,0,2,0.75,1.0,wait,True,"结果:unparseable_reply;动作:wait;实体:hunger;实体:bread;实体:oak_planks;实体:oak_log;结果:ate:bread,hunger:9;动作:eat_bread"
fas_full,T4,13,1,8,8,4.75,32.36,23.75,0.1307,2.9232,2,4,2,2,6,0,0,2,0.75,1.0,gather_oak_log,True,"结果:unparseable_reply;动作:wait;实体:hunger;实体:bread;实体:oak_planks;实体:oak_log;结果:ate:bread,hunger:9;动作:eat_bread"
fas_full,T4,13,1,9,8,4.75,32.78,23.51,0.1121,2.9522,3,4,2,2,6,0,0,2,0.75,0.6,craft_oak_planks,True,实体:hunger;实体:bread;实体:oak_planks;实体:oak_log;结果:unparseable_reply;动作:wait;结果:got:oak_log;动作:gather_oak_log
fas_full,T1,14,1,0,0,,0,0,,,0,0,0,0,0,0,0,0,0.0,,wait,True,
fas_full,T1,14,1,1,5,2.38,11.9,11.9,0.0,2.3219,1,3,1,1,2,1,0,2,0.4,,wait,True,结果:unparseable_reply;动作:wait;实体:oak_planks;实体:oak_log;实体:hunger
fas_full,T1,14,1,2,5,4.63,23.15,23.15,0.0,2.3219,1,3,1,1,2,1,0,2,0.4,1.0,wait,True,结果:unparseable_reply;动作:wait;实体:oak_planks;实体:oak_log;实体:hunger
fas_full,T1,14,1,3,5,4.75,23.75,23.75,0.0,2.3219,1,3,1,1,2,1,0,2,0.4,1.0,gather_oak_log,True,结果:unparseable_reply;动作:wait;实体:oak_planks;实体:oak_log;实体:hunger
fas_full,T1,14,1,4,7,4.75,28.03,23.27,0.1232,2.7543,3,3,2,2,4,1,0,2,0.571,0.714,wait,True,实体:oak_planks;实体:oak_log;实体:hunger;结果:unparseable_reply;动作:wait;结果:got:oak_log;动作:gather_oak_log
fas_full,T1,14,1,5,7,4.75,28.27,23.75,0.1258,2.7446,2,3,2,2,4,1,0,2,0.571,1.0,craft_oak_planks,True,结果:unparseable_reply;动作:wait;实体:oak_planks;实体:oak_log;实体:hunger;结果:got:oak_log;动作:gather_oak_log
fas_full,T1,14,2,0,8,4.75,30.17,23.27,0.1543,2.9284,4,3,2,3,5,1,0,2,0.625,0.667,gather_oak_log,True,实体:oak_planks;实体:oak_log;实体:hunger;结果:unparseable_reply;动作:wait;结果:crafted:oak_planks;动作:craft_oak_planks;结果:got:oak_log
fas_full,T1,14,2,1,8,4.75,33.91,23.07,0.0778,2.9722,4,3,2,3,5,1,0,2,0.625,0.778,craft_oak_planks,True,实体:oak_planks;实体:oak_log;实体:hunger;结果:got:oak_log;动作:gather_oak_log;结果:unparseable_reply;动作:wait;结果:crafted:oak_planks
fas_full,T2,14,1,0,0,,0,0,,,0,0,0,0,0,0,0,0,0.0,,gather_oak_log,True,
fas_full,T2,14,1,1,5,2.38,11.9,11.9,0.0,2.3219,1,3,1,1,4,1,0,0,0.8,,wait,True,结果:got:oak_log;动作:gather_oak_log;实体:oak_planks;实体:oak_log;实体:hunger
fas_full,T2,14,1,2,7,4.63,23.17,18.65,0.1739,2.7223,3,3,2,2,4,1,0,2,0.571,0.714,craft_oak_planks,True,实体:oak_planks;实体:oak_log;实体:hunger;结果:unparseable_reply;动作:wait;结果:got:oak_log;动作:gather_oak_log
fas_full,T3,14,1,0,0,,0,0,,,0,0,0,0,0,0,0,0,0.0,,wait,True,
fas_full,T3,14,1,1,7,2.38,16.66,11.9,0.0,2.8074,1,5,1,1,2,3,0,2,0.286,,wait,True,结果:unparseable_reply;动作:wait;实体:birch_planks;实体:birch_log;实体:oak_planks;实体:oak_log;实体:hunger
fas_full,T3,14,1,2,7,4.63,32.41,23.15,0.0,2.8074,1,5,1,1,2,3,0,2,0.286,1.0,gather_oak_log,True,结果:unparseable_reply;动作:wait;实体:birch_planks;实体:birch_log;实体:oak_planks;实体:oak_log;实体:hunger
fas_full,T3,14,1,3,8,4.75,34.93,23.75,0.0694,2.9742,3,5,1,2,3,3,0,2,0.375,0.875,craft_oak_planks,True,实体:birch_planks;实体:birch_log;实体:oak_planks;实体:oak_log;实体:hunger;结果:unparseable_reply;动作:wait;结果:got:oak_log
fas_full,T3,14,2,0,8,4.75,34.49,23.75,0.0767,2.9737,3,5,1,2,2,2,2,2,0.25,0.778,gather_birch_log,True,实体:birch_planks;实体:birch_log;实体:oak_planks;实体:oak_log;实体:hunger;结果:unparseable_reply;动作:wait;结果:crafted:oak_planks
fas_full,T3,14,2,1,8,4.75,34.07,23.75,0.0838,2.9725,3,5,1,2,3,1,2,2,0.375,0.778,craft_birch_planks,True,实体:birch_planks;实体:birch_log;实体:oak_planks;实体:oak_log;实体:hunger;结果:unparseable_reply;动作:wait;结果:got:birch_log
fas_full,T4,14,1,0,0,,0,0,,,0,0,0,0,0,0,0,0,0.0,,wait,True,
fas_full,T4,14,1,1,6,4.75,19.02,16.64,0.1661,2.5005,2,4,1,1,4,0,0,2,0.667,,wait,True,实体:hunger;实体:bread;结果:unparseable_reply;动作:wait;实体:oak_planks;实体:oak_log
fas_full,T4,14,1,2,6,4.75,28.02,23.39,0.0057,2.5849,2,4,1,1,4,0,0,2,0.667,1.0,wait,True,实体:hunger;实体:bread;结果:unparseable_reply;动作:wait;实体:oak_planks;实体:oak_log
fas_full,T4,14,1,3,6,4.75,28.5,23.75,0.0,2.585,1,4,1,1,4,0,0,2,0.667,1.0,wait,True,结果:unparseable_reply;动作:wait;实体:hunger;实体:bread;实体:oak_planks;实体:oak_log
fas_full,T4,14,1,4,6,4.75,28.5,23.75,0.0,2.585,1,4,1,1,4,0,0,2,0.667,1.0,wait,True,结果:unparseable_reply;动作:wait;实体:hunger;实体:bread;实体:oak_planks;实体:oak_log
fas_full,T4,14,1,5,6,4.75,28.5,23.75,0.0,2.585,1,4,1,1,4,0,0,2,0.667,1.0,gather_oak_log,True,结果:unparseable_reply;动作:wait;实体:hunger;实体:bread;实体:oak_planks;实体:oak_log
fas_full,T4,14,1,6,8,4.75,32.78,23.51,0.1121,2.9522,3,4,2,2,6,0,0,2,0.75,0.75,wait,True,实体:hunger;实体:bread;实体:oak_planks;实体:oak_log;结果:unparseable_reply;动作:wait;结果:got:oak_log;动作:gather_oak_log
fas_full,T4,14,1,7,8,4.75,33.02,23.75,0.1131,2.944,2,4,2,2,6,0,0,2,0.75,1.0,wait,True,结果:unparseable_reply;动作:wait;实体:hunger;实体:bread;实体:oak_planks;实体:oak_log;结果:got:oak_log;动作:gather_oak_log
fas_full,T4,14,1,8,8,4.75,32.78,23.75,0.1194,2.937,2,4,2,2,6,0,0,2,0.75,1.0,wait,True,结果:unparseable_reply;动作:wait;实体:hunger;实体:bread;实体:oak_planks;实体:oak_log;结果:got:oak_log;动作:gather_oak_log
fas_full,T4,14,1,9,8,4.75,32.58,23.75,0.1248,2.9307,2,4,2,2,6,0,0,2,0.75,1.0,wait,True,结果:unparseable_reply;动作:wait;实体:hunger;实体:bread;实体:oak_planks;实体:oak_log;结果:got:oak_log;动作:gather_oak_log
fas_full,T1,15,1,0,0,,0,0,,,0,0,0,0,0,0,0,0,0.0,,wait,True,
fas_full,T1,15,1,1,5,2.38,11.9,11.9,0.0,2.3219,1,3,1,1,2,1,0,2,0.4,,wait,True,结果:unparseable_reply;动作:wait;实体:oak_planks;实体:oak_log;实体:hunger
fas_full,T1,15,1,2,5,4.63,23.15,23.15,0.0,2.3219,1,3,1,1,2,1,0,2,0.4,1.0,wait,True,结果:unparseable_reply;动作:wait;实体:oak_planks;实体:oak_log;实体:hunger
fas_full,T1,15,1,3,5,4.75,23.75,23.75,0.0,2.3219,1,3,1,1,2,1,0,2,0.4,1.0,wait,True,结果:unparseable_reply;动作:wait;实体:oak_planks;实体:oak_log;实体:hunger
fas_full,T1,15,1,4,5,4.75,23.75,23.75,0.0,2.3219,1,3,1,1,2,1,0,2,0.4,1.0,wait,True,结果:unparseable_reply;动作:wait;实体:oak_planks;实体:oak_log;实体:hunger
fas_full,T1,15,1,5,5,4.75,23.75,23.75,0.0,2.3219,1,3,1,1,2,1,0,2,0.4,1.0,wait,True,结果:unparseable_reply;动作:wait;实体:oak_planks;实体:oak_log;实体:hunger
fas_full,T1,15,2,0,5,4.75,23.75,23.75,0.0,2.3219,1,3,1,1,2,1,0,2,0.4,1.0,wait,True,结果:unparseable_reply;动作:wait;实体:oak_planks;实体:oak_log;实体:hunger
fas_full,T1,15,2,1,5,4.75,23.75,23.75,0.0,2.3219,1,3,1,1,2,1,0,2,0.4,1.0,wait,True,结果:unparseable_reply;动作:wait;实体:oak_planks;实体:oak_log;实体:hunger
fas_full,T1,15,2,2,5,4.75,23.75,23.75,0.0,2.3219,1,3,1,1,2,1,0,2,0.4,1.0,gather_oak_log,True,结果:unparseable_reply;动作:wait;实体:oak_planks;实体:oak_log;实体:hunger
fas_full,T1,15,2,3,7,4.75,28.03,23.27,0.1232,2.7543,3,3,2,2,4,1,0,2,0.571,0.714,craft_oak_planks,True,实体:oak_planks;实体:oak_log;实体:hunger;结果:unparseable_reply;动作:wait;结果:got:oak_log;动作:gather_oak_log
fas_full,T2,15,1,0,0,,0,0,,,0,0,0,0,0,0,0,0,0.0,,gather_oak_log,True,
fas_full,T2,15,1,1,5,2.38,11.9,11.9,0.0,2.3219,1,3,1,1,4,1,0,0,0.8,,wait,True,结果:got:oak_log;动作:gather_oak_log;实体:oak_planks;实体:oak_log;实体:hunger
fas_full,T2,15,1,2,7,4.63,23.17,18.65,0.1739,2.7223,3,3,2,2,4,1,0,2,0.571,0.714,wait,True,实体:oak_planks;实体:oak_log;实体:hunger;结果:unparseable_reply;动作:wait;结果:got:oak_log;动作:gather_oak_log
fas_full,T2,15,1,3,7,4.75,27.79,23.51,0.1354,2.738,3,3,2,2,4,1,0,2,0.571,1.0,craft_oak_planks,True,实体:oak_planks;实体:oak_log;实体:hunger;结果:unparseable_reply;动作:wait;结果:got:oak_log;动作:gather_oak_log
fas_full,T3,15,1,0,0,,0,0,,,0,0,0,0,0,0,0,0,0.0,,wait,True,
fas_full,T3,15,1,1,7,2.38,16.66,11.9,0.0,2.8074,1,5,1,1,2,3,0,2,0.286,,wait,True,结果:unparseable_reply;动作:wait;实体:birch_planks;实体:birch_log;实体:oak_planks;实体:oak_log;实体:hunger
fas_full,T3,15,1,2,7,4.63,32.41,23.15,0.0,2.8074,1,5,1,1,2,3,0,2,0.286,1.0,gather_oak_log,True,结果:unparseable_reply;动作:wait;实体:birch_planks;实体:birch_log;实体:oak_planks;实体:oak_log;实体:hunger
fas_full,T3,15,1,3,8,4.75,34.93,23.75,0.0694,2.9742,3,5,1,2,3,3,0,2,0.375,0.875,wait,True,实体:birch_planks;实体:birch_log;实体:oak_planks;实体:oak_log;实体:hunger;结果:unparseable_reply;动作:wait;结果:got:oak_log
fas_full,T3,15,1,4,8,4.75,35.51,23.75,0.0614,2.9704,2,5,1,2,3,3,0,2,0.375,1.0,craft_oak_planks,True,结果:unparseable_reply;动作:wait;实体:birch_planks;实体:birch_log;实体:oak_planks;实体:oak_log;实体:hunger;结果:got:oak_log
fas_full,T3,15,2,0,8,4.75,35.15,23.75,0.0658,2.9742,3,5,1,2,2,2,2,2,0.25,0.778,wait,True,实体:birch_planks;实体:birch_log;实体:oak_planks;实体:oak_log;实体:hunger;结果:unparseable_reply;动作:wait;结果:crafted:oak_planks
fas_full,T3,15,2,1,8,4.75,35.51,23.75,0.0614,2.9704,2,5,1,2,2,2,2,2,0.25,1.0,gather_birch_log,True,结果:unparseable_reply;动作:wait;实体:birch_planks;实体:birch_log;实体:oak_planks;实体:oak_log;实体:hunger;结果:crafted:oak_planks
fas_full,T3,15,2,2,8,4.75,35.15,23.75,0.0658,2.9742,3,5,1,2,3,1,2,2,0.375,0.778,wait,True,实体:birch_planks;实体:birch_log;实体:oak_planks;实体:oak_log;实体:hunger;结果:unparseable_reply;动作:wait;结果:got:birch_log
fas_full,T3,15,2,3,8,4.75,35.51,23.75,0.0614,2.9704,2,5,1,2,3,1,2,2,0.375,1.0,wait,True,结果:unparseable_reply;动作:wait;实体:birch_planks;实体:birch_log;实体:oak_planks;实体:oak_log;实体:hunger;结果:got:birch_log
fas_full,T3,15,2,4,8,4.75,35.39,23.75,0.0645,2.9669,2,5,1,2,3,1,2,2,0.375,1.0,wait,True,结果:unparseable_reply;动作:wait;实体:birch_planks;实体:birch_log;实体:oak_planks;实体:oak_log;实体:hunger;结果:got:birch_log
fas_full,T3,15,2,5,8,4.75,35.29,23.75,0.0672,2.9637,2,5,1,2,3,1,2,2,0.375,1.0,wait,True,结果:unparseable_reply;动作:wait;实体:birch_planks;实体:birch_log;实体:oak_planks;实体:oak_log;实体:hunger;结果:got:birch_log
fas_full,T3,15,2,6,8,4.75,35.18,23.75,0.0701,2.96,2,5,1,2,3,1,2,2,0.375,1.0,wait,True,结果:unparseable_reply;动作:wait;实体:birch_planks;实体:birch_log;实体:oak_planks;实体:oak_log;实体:hunger;结果:got:birch_log
fas_full,T3,15,2,7,8,4.75,35.09,23.75,0.0726,2.9568,2,5,1,2,3,1,2,2,0.375,1.0,craft_birch_planks,True,结果:unparseable_reply;动作:wait;实体:birch_planks;实体:birch_log;实体:oak_planks;实体:oak_log;实体:hunger;结果:got:birch_log
fas_full,T4,15,1,0,0,,0,0,,,0,0,0,0,0,0,0,0,0.0,,wait,True,
fas_full,T4,15,1,1,6,4.75,19.02,16.64,0.1661,2.5005,2,4,1,1,4,0,0,2,0.667,,gather_oak_log,True,实体:hunger;实体:bread;结果:unparseable_reply;动作:wait;实体:oak_planks;实体:oak_log
fas_full,T4,15,1,2,8,4.75,28.04,21.14,0.1733,2.9157,4,4,2,2,6,0,0,2,0.75,0.75,wait,True,实体:hunger;实体:bread;实体:oak_planks;实体:oak_log;结果:got:oak_log;动作:gather_oak_log;结果:unparseable_reply;动作:wait
fas_full,T4,15,1,3,8,4.75,32.56,23.52,0.1182,2.9457,3,4,2,2,6,0,0,2,0.75,1.0,wait,True,实体:hunger;实体:bread;实体:oak_planks;实体:oak_log;结果:unparseable_reply;动作:wait;结果:got:oak_log;动作:gather_oak_log
fas_full,T4,15,1,4,8,4.75,32.78,23.75,0.1194,2.937,2,4,2,2,6,0,0,2,0.75,1.0,craft_oak_planks,True,结果:unparseable_reply;动作:wait;实体:hunger;实体:bread;实体:oak_planks;实体:oak_log;结果:got:oak_log;动作:gather_oak_log
fas_full,T1,16,1,0,0,,0,0,,,0,0,0,0,0,0,0,0,0.0,,wait,True,
fas_full,T1,16,1,1,5,2.38,11.9,11.9,0.0,2.3219,1,3,1,1,2,1,0,2,0.4,,gather_oak_log,True,结果:unparseable_reply;动作:wait;实体:oak_planks;实体:oak_log;实体:hunger
fas_full,T1,16,1,2,7,4.63,23.17,18.65,0.1739,2.7223,3,3,2,2,4,1,0,2,0.571,0.714,craft_oak_planks,True,实体:oak_planks;实体:oak_log;实体:hunger;结果:got:oak_log;动作:gather_oak_log;结果:unparseable_reply;动作:wait
fas_full,T1,16,2,0,8,4.75,25.67,19.01,0.186,2.9035,4,3,2,3,6,1,0,1,0.75,0.667,wait,True,实体:oak_planks;实体:oak_log;实体:hunger;结果:crafted:oak_planks;动作:craft_oak_planks;结果:got:oak_log;动作:gather_oak_log;结果:unparseable_reply
fas_full,T1,16,2,1,8,4.75,29.73,23.07,0.1606,2.9234,4,3,2,3,5,1,0,2,0.625,0.778,wait,True,实体:oak_planks;实体:oak_log;实体:hunger;结果:unparseable_reply;动作:wait;结果:crafted:oak_planks;动作:craft_oak_planks;结果:got:oak_log
fas_full,T1,16,2,2,8,4.75,30.07,23.75,0.1657,2.9088,3,3,2,3,5,1,0,2,0.625,1.0,gather_oak_log,True,结果:unparseable_reply;动作:wait;实体:oak_planks;实体:oak_log;实体:hunger;结果:crafted:oak_planks;动作:craft_oak_planks;结果:got:oak_log
fas_full,T1,16,2,3,8,4.75,33.93,23.27,0.0829,2.9654,4,3,2,3,5,1,0,2,0.625,0.778,craft_oak_planks,True,实体:oak_planks;实体:oak_log;实体:hunger;结果:unparseable_reply;动作:wait;结果:got:oak_log;动作:gather_oak_log;结果:crafted:oak_planks
fas_full,T2,16,1,0,0,,0,0,,,0,0,0,0,0,0,0,0,0.0,,gather_oak_log,True,
fas_full,T2,16,1,1,5,2.38,11.9,11.9,0.0,2.3219,1,3,1,1,4,1,0,0,0.8,,craft_oak_planks,True,结果:got:oak_log;动作:gather_oak_log;实体:oak_planks;实体:oak_log;实体:hunger
fas_full,T3,16,1,0,0,,0,0,,,0,0,0,0,0,0,0,0,0.0,,wait,True,
fas_full,T3,16,1,1,7,2.38,16.66,11.9,0.0,2.8074,1,5,1,1,2,3,0,2,0.286,,wait,True,结果:unparseable_reply;动作:wait;实体:birch_planks;实体:birch_log;实体:oak_planks;实体:oak_log;实体:hunger
fas_full,T3,16,1,2,7,4.63,32.41,23.15,0.0,2.8074,1,5,1,1,2,3,0,2,0.286,1.0,gather_oak_log,True,结果:unparseable_reply;动作:wait;实体:birch_planks;实体:birch_log;实体:oak_planks;实体:oak_log;实体:hunger
fas_full,T3,16,1,3,8,4.75,34.93,23.75,0.0694,2.9742,3,5,1,2,3,3,0,2,0.375,0.875,craft_oak_planks,True,实体:birch_planks;实体:birch_log;实体:oak_planks;实体:oak_log;实体:hunger;结果:unparseable_reply;动作:wait;结果:got:oak_log
fas_full,T3,16,2,0,8,4.75,34.49,23.75,0.0767,2.9737,3,5,1,2,2,2,2,2,0.25,0.778,gather_birch_log,True,实体:birch_planks;实体:birch_log;实体:oak_planks;实体:oak_log;实体:hunger;结果:unparseable_reply;动作:wait;结果:crafted:oak_planks
fas_full,T3,16,2,1,8,4.75,34.07,23.75,0.0838,2.9725,3,5,1,2,3,1,2,2,0.375,0.778,craft_birch_planks,True,实体:birch_planks;实体:birch_log;实体:oak_planks;实体:oak_log;实体:hunger;结果:unparseable_reply;动作:wait;结果:got:birch_log
fas_full,T4,16,1,0,0,,0,0,,,0,0,0,0,0,0,0,0,0.0,,wait,True,
fas_full,T4,16,1,1,6,4.75,19.02,16.64,0.1661,2.5005,2,4,1,1,4,0,0,2,0.667,,wait,True,实体:hunger;实体:bread;结果:unparseable_reply;动作:wait;实体:oak_planks;实体:oak_log
fas_full,T4,16,1,2,6,4.75,28.02,23.39,0.0057,2.5849,2,4,1,1,4,0,0,2,0.667,1.0,wait,True,实体:hunger;实体:bread;结果:unparseable_reply;动作:wait;实体:oak_planks;实体:oak_log
fas_full,T4,16,1,3,6,4.75,28.5,23.75,0.0,2.585,1,4,1,1,4,0,0,2,0.667,1.0,eat_bread,True,结果:unparseable_reply;动作:wait;实体:hunger;实体:bread;实体:oak_planks;实体:oak_log
fas_full,T4,16,1,4,8,4.75,32.78,23.51,0.1121,2.9522,3,4,2,2,6,0,0,2,0.75,0.75,wait,True,"实体:hunger;实体:bread;实体:oak_planks;实体:oak_log;结果:unparseable_reply;动作:wait;结果:ate:bread,hunger:9;动作:eat_bread"
fas_full,T4,16,1,5,8,4.75,33.02,23.75,0.1131,2.944,2,4,2,2,6,0,0,2,0.75,1.0,wait,True,"结果:unparseable_reply;动作:wait;实体:hunger;实体:bread;实体:oak_planks;实体:oak_log;结果:ate:bread,hunger:9;动作:eat_bread"
fas_full,T4,16,1,6,8,4.75,32.78,23.75,0.1194,2.937,2,4,2,2,6,0,0,2,0.75,1.0,gather_oak_log,True,"结果:unparseable_reply;动作:wait;实体:hunger;实体:bread;实体:oak_planks;实体:oak_log;结果:ate:bread,hunger:9;动作:eat_bread"
fas_full,T4,16,1,7,8,4.75,32.78,23.51,0.1121,2.9522,3,4,2,2,6,0,0,2,0.75,0.6,wait,True,实体:hunger;实体:bread;实体:oak_planks;实体:oak_log;结果:unparseable_reply;动作:wait;结果:got:oak_log;动作:gather_oak_log
fas_full,T4,16,1,8,8,4.75,33.02,23.75,0.1131,2.944,2,4,2,2,6,0,0,2,0.75,1.0,wait,True,结果:unparseable_reply;动作:wait;实体:hunger;实体:bread;实体:oak_planks;实体:oak_log;结果:got:oak_log;动作:gather_oak_log
fas_full,T4,16,1,9,8,4.75,32.78,23.75,0.1194,2.937,2,4,2,2,6,0,0,2,0.75,1.0,wait,True,结果:unparseable_reply;动作:wait;实体:hunger;实体:bread;实体:oak_planks;实体:oak_log;结果:got:oak_log;动作:gather_oak_log
fas_full,T1,17,1,0,0,,0,0,,,0,0,0,0,0,0,0,0,0.0,,gather_oak_log,True,
fas_full,T1,17,1,1,5,2.38,11.9,11.9,0.0,2.3219,1,3,1,1,4,1,0,0,0.8,,wait,True,结果:got:oak_log;动作:gather_oak_log;实体:oak_planks;实体:oak_log;实体:hunger
fas_full,T1,17,1,2,7,4.63,23.17,18.65,0.1739,2.7223,3,3,2,2,4,1,0,2,0.571,0.714,craft_oak_planks,True,实体:oak_planks;实体:oak_log;实体:hunger;结果:unparseable_reply;动作:wait;结果:got:oak_log;动作:gather_oak_log
fas_full,T1,17,2,0,8,4.75,25.67,19.01,0.186,2.9035,4,3,2,3,5,1,0,2,0.625,0.667,gather_oak_log,True,实体:oak_planks;实体:oak_log;实体:hunger;结果:crafted:oak_planks;动作:craft_oak_planks;结果:unparseable_reply;动作:wait;结果:got:oak_log
fas_full,T1,17,2,1,8,4.75,29.73,23.07,0.1606,2.9234,4,3,2,3,6,1,0,1,0.75,0.778,craft_oak_planks,True,实体:oak_planks;实体:oak_log;实体:hunger;结果:got:oak_log;动作:gather_oak_log;结果:crafted:oak_planks;动作:craft_oak_planks;结果:unparseable_reply
fas_full,T2,17,1,0,0,,0,0,,,0,0,0,0,0,0,0,0,0.0,,gather_oak_log,True,
fas_full,T2,17,1,1,5,2.38,11.9,11.9,0.0,2.3219,1,3,1,1,4,1,0,0,0.8,,craft_oak_planks,True,结果:got:oak_log;动作:gather_oak_log;实体:oak_planks;实体:oak_log;实体:hunger
fas_full,T3,17,1,0,0,,0,0,,,0,0,0,0,0,0,0,0,0.0,,wait,True,
fas_full,T3,17,1,1,7,2.38,16.66,11.9,0.0,2.8074,1,5,1,1,2,3,0,2,0.286,,wait,True,结果:unparseable_reply;动作:wait;实体:birch_planks;实体:birch_log;实体:oak_planks;实体:oak_log;实体:hunger
fas_full,T3,17,1,2,7,4.63,32.41,23.15,0.0,2.8074,1,5,1,1,2,3,0,2,0.286,1.0,gather_oak_log,True,结果:unparseable_reply;动作:wait;实体:birch_planks;实体:birch_log;实体:oak_planks;实体:oak_log;实体:hunger
fas_full,T3,17,1,3,8,4.75,34.93,23.75,0.0694,2.9742,3,5,1,2,3,3,0,2,0.375,0.875,craft_oak_planks,True,实体:birch_planks;实体:birch_log;实体:oak_planks;实体:oak_log;实体:hunger;结果:unparseable_reply;动作:wait;结果:got:oak_log
fas_full,T3,17,2,0,8,4.75,34.49,23.75,0.0767,2.9737,3,5,1,2,2,2,2,2,0.25,0.778,gather_birch_log,True,实体:birch_planks;实体:birch_log;实体:oak_planks;实体:oak_log;实体:hunger;结果:unparseable_reply;动作:wait;结果:crafted:oak_planks
fas_full,T3,17,2,1,8,4.75,34.07,23.75,0.0838,2.9725,3,5,1,2,3,1,2,2,0.375,0.778,craft_birch_planks,True,实体:birch_planks;实体:birch_log;实体:oak_planks;实体:oak_log;实体:hunger;结果:unparseable_reply;动作:wait;结果:got:birch_log
fas_full,T4,17,1,0,0,,0,0,,,0,0,0,0,0,0,0,0,0.0,,wait,True,
fas_full,T4,17,1,1,6,4.75,19.02,16.64,0.1661,2.5005,2,4,1,1,4,0,0,2,0.667,,wait,True,实体:hunger;实体:bread;结果:unparseable_reply;动作:wait;实体:oak_planks;实体:oak_log
fas_full,T4,17,1,2,6,4.75,28.02,23.39,0.0057,2.5849,2,4,1,1,4,0,0,2,0.667,1.0,wait,True,实体:hunger;实体:bread;结果:unparseable_reply;动作:wait;实体:oak_planks;实体:oak_log
fas_full,T4,17,1,3,6,4.75,28.5,23.75,0.0,2.585,1,4,1,1,4,0,0,2,0.667,1.0,wait,True,结果:unparseable_reply;动作:wait;实体:hunger;实体:bread;实体:oak_planks;实体:oak_log
fas_full,T4,17,1,4,6,4.75,28.5,23.75,0.0,2.585,1,4,1,1,4,0,0,2,0.667,1.0,wait,True,结果:unparseable_reply;动作:wait;实体:hunger;实体:bread;实体:oak_planks;实体:oak_log
fas_full,T4,17,1,5,6,4.75,28.5,23.75,0.0,2.585,1,4,1,1,4,0,0,2,0.667,1.0,gather_oak_log,True,结果:unparseable_reply;动作:wait;实体:hunger;实体:bread;实体:oak_planks;实体:oak_log
fas_full,T4,17,1,6,8,4.75,32.78,23.51,0.1121,2.9522,3,4,2,2,6,0,0,2,0.75,0.75,wait,True,实体:hunger;实体:bread;实体:oak_planks;实体:oak_log;结果:unparseable_reply;动作:wait;结果:got:oak_log;动作:gather_oak_log
fas_full,T4,17,1,7,8,4.75,33.02,23.75,0.1131,2.944,2,4,2,2,6,0,0,2,0.75,1.0,wait,True,结果:unparseable_reply;动作:wait;实体:hunger;实体:bread;实体:oak_planks;实体:oak_log;结果:got:oak_log;动作:gather_oak_log
fas_full,T4,17,1,8,8,4.75,32.78,23.75,0.1194,2.937,2,4,2,2,6,0,0,2,0.75,1.0,craft_oak_planks,True,结果:unparseable_reply;动作:wait;实体:hunger;实体:bread;实体:oak_planks;实体:oak_log;结果:got:oak_log;动作:gather_oak_log
fas_full,T1,18,1,0,0,,0,0,,,0,0,0,0,0,0,0,0,0.0,,gather_oak_log,True,
fas_full,T1,18,1,1,5,2.38,11.9,11.9,0.0,2.3219,1,3,1,1,4,1,0,0,0.8,,wait,True,结果:got:oak_log;动作:gather_oak_log;实体:oak_planks;实体:oak_log;实体:hunger
fas_full,T1,18,1,2,7,4.63,23.17,18.65,0.1739,2.7223,3,3,2,2,4,1,0,2,0.571,0.714,craft_oak_planks,True,实体:oak_planks;实体:oak_log;实体:hunger;结果:unparseable_reply;动作:wait;结果:got:oak_log;动作:gather_oak_log
fas_full,T1,18,2,0,8,4.75,25.67,19.01,0.186,2.9035,4,3,2,3,5,1,0,2,0.625,0.667,wait,True,实体:oak_planks;实体:oak_log;实体:hunger;结果:crafted:oak_planks;动作:craft_oak_planks;结果:unparseable_reply;动作:wait;结果:got:oak_log
fas_full,T1,18,2,1,8,4.75,29.85,23.29,0.1629,2.919,4,3,2,3,5,1,0,2,0.625,1.0,wait,True,实体:oak_planks;实体:oak_log;实体:hunger;结果:unparseable_reply;动作:wait;结果:crafted:oak_planks;动作:craft_oak_planks;结果:got:oak_log
fas_full,T1,18,2,2,8,4.75,29.96,23.75,0.1695,2.9051,3,3,2,3,5,1,0,2,0.625,1.0,wait,True,结果:unparseable_reply;动作:wait;实体:oak_planks;实体:oak_log;实体:hunger;结果:crafted:oak_planks;动作:craft_oak_planks;结果:got:oak_log
fas_full,T1,18,2,3,8,4.75,29.67,23.75,0.1772,2.8955,3,3,2,3,5,1,0,2,0.625,1.0,wait,True,结果:unparseable_reply;动作:wait;实体:oak_planks;实体:oak_log;实体:hunger;结果:crafted:oak_planks;动作:craft_oak_planks;结果:got:oak_log
fas_full,T1,18,2,4,8,4.75,29.36,23.75,0.1855,2.8845,3,3,2,3,5,1,0,2,0.625,1.0,gather_oak_log,True,结果:unparseable_reply;动作:wait;实体:oak_planks;实体:oak_log;实体:hunger;结果:crafted:oak_planks;动作:craft_oak_planks;结果:got:oak_log
fas_full,T1,18,2,5,8,4.75,33.17,23.27,0.0985,2.9577,4,3,2,3,5,1,0,2,0.625,0.778,craft_oak_planks,True,实体:oak_planks;实体:oak_log;实体:hunger;结果:unparseable_reply;动作:wait;结果:got:oak_log;动作:gather_oak_log;结果:crafted:oak_planks
fas_full,T2,18,1,0,0,,0,0,,,0,0,0,0,0,0,0,0,0.0,,gather_oak_log,True,
fas_full,T2,18,1,1,5,2.38,11.9,11.9,0.0,2.3219,1,3,1,1,4,1,0,0,0.8,,wait,True,结果:got:oak_log;动作:gather_oak_log;实体:oak_planks;实体:oak_log;实体:hunger
fas_full,T2,18,1,2,7,4.63,23.17,18.65,0.1739,2.7223,3,3,2,2,4,1,0,2,0.571,0.714,craft_oak_planks,True,实体:oak_planks;实体:oak_log;实体:hunger;结果:unparseable_reply;动作:wait;结果:got:oak_log;动作:gather_oak_log
fas_full,T3,18,1,0,0,,0,0,,,0,0,0,0,0,0,0,0,0.0,,wait,True,
fas_full,T3,18,1,1,7,2.38,16.66,11.9,0.0,2.8074,1,5,1,1,2,3,0,2,0.286,,wait,True,结果:unparseable_reply;动作:wait;实体:birch_planks;实体:birch_log;实体:oak_planks;实体:oak_log;实体:hunger
fas_full,T3,18,1,2,7,4.63,32.41,23.15,0.0,2.8074,1,5,1,1,2,3,0,2,0.286,1.0,wait,True,结果:unparseable_reply;动作:wait;实体:birch_planks;实体:birch_log;实体:oak_planks;实体:oak_log;实体:hunger
fas_full,T3,18,1,3,7,4.75,33.25,23.75,0.0,2.8074,1,5,1,1,2,3,0,2,0.286,1.0,gather_oak_log,True,结果:unparseable_reply;动作:wait;实体:birch_planks;实体:birch_log;实体:oak_planks;实体:oak_log;实体:hunger
fas_full,T3,18,1,4,8,4.75,35.15,23.75,0.0658,2.9742,3,5,1,2,3,3,0,2,0.375,0.875,wait,True,实体:birch_planks;实体:birch_log;实体:oak_planks;实体:oak_log;实体:hunger;结果:unparseable_reply;动作:wait;结果:got:oak_log
fas_full,T3,18,2,0,8,4.75,35.51,23.75,0.0614,2.9704,2,5,1,2,2,2,2,2,0.25,1.0,gather_birch_log,True,结果:unparseable_reply;动作:wait;实体:birch_planks;实体:birch_log;实体:oak_planks;实体:oak_log;实体:hunger;结果:got:oak_log
fas_full,T3,18,2,1,8,4.75,35.15,23.75,0.0658,2.9742,3,5,1,2,3,1,2,2,0.375,0.778,craft_birch_planks,True,实体:birch_planks;实体:birch_log;实体:oak_planks;实体:oak_log;实体:hunger;结果:unparseable_reply;动作:wait;结果:got:birch_log
fas_full,T4,18,1,0,0,,0,0,,,0,0,0,0,0,0,0,0,0.0,,wait,True,
fas_full,T4,18,1,1,6,4.75,19.02,16.64,0.1661,2.5005,2,4,1,1,4,0,0,2,0.667,,wait,True,实体:hunger;实体:bread;结果:unparseable_reply;动作:wait;实体:oak_planks;实体:oak_log
fas_full,T4,18,1,2,6,4.75,28.02,23.39,0.0057,2.5849,2,4,1,1,4,0,0,2,0.667,1.0,gather_oak_log,True,实体:hunger;实体:bread;结果:unparseable_reply;动作:wait;实体:oak_planks;实体:oak_log
fas_full,T4,18,1,3,8,4.75,32.56,23.4,0.1146,2.9527,3,4,2,2,6,0,0,2,0.75,0.75,wait,True,实体:hunger;实体:bread;实体:oak_planks;实体:oak_log;结果:unparseable_reply;动作:wait;结果:got:oak_log;动作:gather_oak_log
fas_full,T4,18,1,4,8,4.75,33.02,23.75,0.1131,2.944,2,4,2,2,6,0,0,2,0.75,1.0,wait,True,结果:unparseable_reply;动作:wait;实体:hunger;实体:bread;实体:oak_planks;实体:oak_log;结果:got:oak_log;动作:gather_oak_log
fas_full,T4,18,1,5,8,4.75,32.78,23.75,0.1194,2.937,2,4,2,2,6,0,0,2,0.75,1.0,wait,True,结果:unparseable_reply;动作:wait;实体:hunger;实体:bread;实体:oak_planks;实体:oak_log;结果:got:oak_log;动作:gather_oak_log
fas_full,T4,18,1,6,8,4.75,32.58,23.75,0.1248,2.9307,2,4,2,2,6,0,0,2,0.75,1.0,craft_oak_planks,True,结果:unparseable_reply;动作:wait;实体:hunger;实体:bread;实体:oak_planks;实体:oak_log;结果:got:oak_log;动作:gather_oak_log
fas_full,T1,19,1,0,0,,0,0,,,0,0,0,0,0,0,0,0,0.0,,wait,True,
fas_full,T1,19,1,1,5,2.38,11.9,11.9,0.0,2.3219,1,3,1,1,2,1,0,2,0.4,,wait,True,结果:unparseable_reply;动作:wait;实体:oak_planks;实体:oak_log;实体:hunger
fas_full,T1,19,1,2,5,4.63,23.15,23.15,0.0,2.3219,1,3,1,1,2,1,0,2,0.4,1.0,wait,True,结果:unparseable_reply;动作:wait;实体:oak_planks;实体:oak_log;实体:hunger
fas_full,T1,19,1,3,5,4.75,23.75,23.75,0.0,2.3219,1,3,1,1,2,1,0,2,0.4,1.0,wait,True,结果:unparseable_reply;动作:wait;实体:oak_planks;实体:oak_log;实体:hunger
fas_full,T1,19,1,4,5,4.75,23.75,23.75,0.0,2.3219,1,3,1,1,2,1,0,2,0.4,1.0,wait,True,结果:unparseable_reply;动作:wait;实体:oak_planks;实体:oak_log;实体:hunger
fas_full,T1,19,1,5,5,4.75,23.75,23.75,0.0,2.3219,1,3,1,1,2,1,0,2,0.4,1.0,wait,True,结果:unparseable_reply;动作:wait;实体:oak_planks;实体:oak_log;实体:hunger
fas_full,T1,19,2,0,5,4.75,23.75,23.75,0.0,2.3219,1,3,1,1,2,1,0,2,0.4,1.0,gather_oak_log,True,结果:unparseable_reply;动作:wait;实体:oak_planks;实体:oak_log;实体:hunger
fas_full,T1,19,2,1,7,4.75,28.03,23.27,0.1232,2.7543,3,3,2,2,4,1,0,2,0.571,0.714,craft_oak_planks,True,实体:oak_planks;实体:oak_log;实体:hunger;结果:unparseable_reply;动作:wait;结果:got:oak_log;动作:gather_oak_log
fas_full,T2,19,1,0,0,,0,0,,,0,0,0,0,0,0,0,0,0.0,,gather_oak_log,True,
fas_full,T2,19,1,1,5,2.38,11.9,11.9,0.0,2.3219,1,3,1,1,4,1,0,0,0.8,,craft_oak_planks,True,结果:got:oak_log;动作:gather_oak_log;实体:oak_planks;实体:oak_log;实体:hunger
fas_full,T3,19,1,0,0,,0,0,,,0,0,0,0,0,0,0,0,0.0,,wait,True,
fas_full,T3,19,1,1,7,2.38,16.66,11.9,0.0,2.8074,1,5,1,1,2,3,0,2,0.286,,wait,True,结果:unparseable_reply;动作:wait;实体:birch_planks;实体:birch_log;实体:oak_planks;实体:oak_log;实体:hunger
fas_full,T3,19,1,2,7,4.63,32.41,23.15,0.0,2.8074,1,5,1,1,2,3,0,2,0.286,1.0,gather_oak_log,True,结果:unparseable_reply;动作:wait;实体:birch_planks;实体:birch_log;实体:oak_planks;实体:oak_log;实体:hunger
fas_full,T3,19,1,3,8,4.75,34.93,23.75,0.0694,2.9742,3,5,1,2,3,3,0,2,0.375,0.875,wait,True,实体:birch_planks;实体:birch_log;实体:oak_planks;实体:oak_log;实体:hunger;结果:unparseable_reply;动作:wait;结果:got:oak_log
fas_full,T3,19,1,4,8,4.75,35.51,23.75,0.0614,2.9704,2,5,1,2,3,3,0,2,0.375,1.0,craft_oak_planks,True,结果:unparseable_reply;动作:wait;实体:birch_planks;实体:birch_log;实体:oak_planks;实体:oak_log;实体:hunger;结果:got:oak_log
fas_full,T3,19,2,0,8,4.75,35.15,23.75,0.0658,2.9742,3,5,1,2,2,2,2,2,0.25,0.778,wait,True,实体:birch_planks;实体:birch_log;实体:oak_planks;实体:oak_log;实体:hunger;结果:unparseable_reply;动作:wait;结果:crafted:oak_planks
fas_full,T3,19,2,1,8,4.75,35.51,23.75,0.0614,2.9704,2,5,1,2,2,2,2,2,0.25,1.0,gather_birch_log,True,结果:unparseable_reply;动作:wait;实体:birch_planks;实体:birch_log;实体:oak_planks;实体:oak_log;实体:hunger;结果:crafted:oak_planks
fas_full,T3,19,2,2,8,4.75,35.15,23.75,0.0658,2.9742,3,5,1,2,3,1,2,2,0.375,0.778,craft_birch_planks,True,实体:birch_planks;实体:birch_log;实体:oak_planks;实体:oak_log;实体:hunger;结果:unparseable_reply;动作:wait;结果:got:birch_log
fas_full,T4,19,1,0,0,,0,0,,,0,0,0,0,0,0,0,0,0.0,,wait,True,
fas_full,T4,19,1,1,6,4.75,19.02,16.64,0.1661,2.5005,2,4,1,1,4,0,0,2,0.667,,gather_oak_log,True,实体:hunger;实体:bread;结果:unparseable_reply;动作:wait;实体:oak_planks;实体:oak_log
fas_full,T4,19,1,2,8,4.75,28.04,21.14,0.1733,2.9157,4,4,2,2,6,0,0,2,0.75,0.75,wait,True,实体:hunger;实体:bread;实体:oak_planks;实体:oak_log;结果:got:oak_log;动作:gather_oak_log;结果:unparseable_reply;动作:wait
fas_full,T4,19,1,3,8,4.75,32.56,23.52,0.1182,2.9457,3,4,2,2,6,0,0,2,0.75,1.0,wait,True,实体:hunger;实体:bread;实体:oak_planks;实体:oak_log;结果:unparseable_reply;动作:wait;结果:got:oak_log;动作:gather_oak_log
fas_full,T4,19,1,4,8,4.75,32.78,23.75,0.1194,2.937,2,4,2,2,6,0,0,2,0.75,1.0,wait,True,结果:unparseable_reply;动作:wait;实体:hunger;实体:bread;实体:oak_planks;实体:oak_log;结果:got:oak_log;动作:gather_oak_log
fas_full,T4,19,1,5,8,4.75,32.58,23.75,0.1248,2.9307,2,4,2,2,6,0,0,2,0.75,1.0,wait,True,结果:unparseable_reply;动作:wait;实体:hunger;实体:bread;实体:oak_planks;实体:oak_log;结果:got:oak_log;动作:gather_oak_log
fas_full,T4,19,1,6,8,4.75,32.36,23.75,0.1307,2.9232,2,4,2,2,6,0,0,2,0.75,1.0,craft_oak_planks,True,结果:unparseable_reply;动作:wait;实体:hunger;实体:bread;实体:oak_planks;实体:oak_log;结果:got:oak_log;动作:gather_oak_log
fas_full,T1,20,1,0,0,,0,0,,,0,0,0,0,0,0,0,0,0.0,,wait,True,
fas_full,T1,20,1,1,5,2.38,11.9,11.9,0.0,2.3219,1,3,1,1,2,1,0,2,0.4,,gather_oak_log,True,结果:unparseable_reply;动作:wait;实体:oak_planks;实体:oak_log;实体:hunger
fas_full,T1,20,1,2,7,4.63,23.17,18.65,0.1739,2.7223,3,3,2,2,4,1,0,2,0.571,0.714,craft_oak_planks,True,实体:oak_planks;实体:oak_log;实体:hunger;结果:got:oak_log;动作:gather_oak_log;结果:unparseable_reply;动作:wait
fas_full,T1,20,2,0,8,4.75,25.67,19.01,0.186,2.9035,4,3,2,3,6,1,0,1,0.75,0.667,gather_oak_log,True,实体:oak_planks;实体:oak_log;实体:hunger;结果:crafted:oak_planks;动作:craft_oak_planks;结果:got:oak_log;动作:gather_oak_log;结果:unparseable_reply
fas_full,T1,20,2,1,8,4.75,29.85,23.29,0.1629,2.919,4,3,2,3,6,1,0,1,0.75,1.0,wait,True,实体:oak_planks;实体:oak_log;实体:hunger;结果:got:oak_log;动作:gather_oak_log;结果:crafted:oak_planks;动作:craft_oak_planks;结果:unparseable_reply
fas_full,T1,20,2,2,8,4.75,33.59,22.87,0.0817,2.9688,4,3,2,3,5,1,0,2,0.625,0.778,craft_oak_planks,True,实体:oak_planks;实体:oak_log;实体:hunger;结果:unparseable_reply;动作:wait;结果:got:oak_log;动作:gather_oak_log;结果:crafted:oak_planks
fas_full,T2,20,1,0,0,,0,0,,,0,0,0,0,0,0,0,0,0.0,,gather_oak_log,True,
fas_full,T2,20,1,1,5,2.38,11.9,11.9,0.0,2.3219,1,3,1,1,4,1,0,0,0.8,,wait,True,结果:got:oak_log;动作:gather_oak_log;实体:oak_planks;实体:oak_log;实体:hunger
fas_full,T2,20,1,2,7,4.63,23.17,18.65,0.1739,2.7223,3,3,2,2,4,1,0,2,0.571,0.714,craft_oak_planks,True,实体:oak_planks;实体:oak_log;实体:hunger;结果:unparseable_reply;动作:wait;结果:got:oak_log;动作:gather_oak_log
fas_full,T3,20,1,0,0,,0,0,,,0,0,0,0,0,0,0,0,0.0,,wait,True,
fas_full,T3,20,1,1,7,2.38,16.66,11.9,0.0,2.8074,1,5,1,1,2,3,0,2,0.286,,wait,True,结果:unparseable_reply;动作:wait;实体:birch_planks;实体:birch_log;实体:oak_planks;实体:oak_log;实体:hunger
fas_full,T3,20,1,2,7,4.63,32.41,23.15,0.0,2.8074,1,5,1,1,2,3,0,2,0.286,1.0,gather_oak_log,True,结果:unparseable_reply;动作:wait;实体:birch_planks;实体:birch_log;实体:oak_planks;实体:oak_log;实体:hunger
fas_full,T3,20,1,3,8,4.75,34.93,23.75,0.0694,2.9742,3,5,1,2,3,3,0,2,0.375,0.875,craft_oak_planks,True,实体:birch_planks;实体:birch_log;实体:oak_planks;实体:oak_log;实体:hunger;结果:unparseable_reply;动作:wait;结果:got:oak_log
fas_full,T3,20,2,0,8,4.75,34.49,23.75,0.0767,2.9737,3,5,1,2,2,2,2,2,0.25,0.778,gather_birch_log,True,实体:birch_planks;实体:birch_log;实体:oak_planks;实体:oak_log;实体:hunger;结果:unparseable_reply;动作:wait;结果:crafted:oak_planks
fas_full,T3,20,2,1,8,4.75,34.07,23.75,0.0838,2.9725,3,5,1,2,3,1,2,2,0.375,0.778,craft_birch_planks,True,实体:birch_planks;实体:birch_log;实体:oak_planks;实体:oak_log;实体:hunger;结果:unparseable_reply;动作:wait;结果:got:birch_log
fas_full,T4,20,1,0,0,,0,0,,,0,0,0,0,0,0,0,0,0.0,,wait,True,
fas_full,T4,20,1,1,6,4.75,19.02,16.64,0.1661,2.5005,2,4,1,1,4,0,0,2,0.667,,wait,True,实体:hunger;实体:bread;结果:unparseable_reply;动作:wait;实体:oak_planks;实体:oak_log
fas_full,T4,20,1,2,6,4.75,28.02,23.39,0.0057,2.5849,2,4,1,1,4,0,0,2,0.667,1.0,wait,True,实体:hunger;实体:bread;结果:unparseable_reply;动作:wait;实体:oak_planks;实体:oak_log
fas_full,T4,20,1,3,6,4.75,28.5,23.75,0.0,2.585,1,4,1,1,4,0,0,2,0.667,1.0,wait,True,结果:unparseable_reply;动作:wait;实体:hunger;实体:bread;实体:oak_planks;实体:oak_log
fas_full,T4,20,1,4,6,4.75,28.5,23.75,0.0,2.585,1,4,1,1,4,0,0,2,0.667,1.0,gather_oak_log,True,结果:unparseable_reply;动作:wait;实体:hunger;实体:bread;实体:oak_planks;实体:oak_log
fas_full,T4,20,1,5,8,4.75,32.78,23.51,0.1121,2.9522,3,4,2,2,6,0,0,2,0.75,0.75,craft_oak_planks,True,实体:hunger;实体:bread;实体:oak_planks;实体:oak_log;结果:unparseable_reply;动作:wait;结果:got:oak_log;动作:gather_oak_log
llm_direct,T1,1,1,0,0,,0,0,,,0,0,0,0,0,0,0,0,0.0,,wait,True,
llm_direct,T1,1,1,1,0,,0,0,,,0,0,0,0,0,0,0,0,0.0,,wait,True,
llm_direct,T1,1,1,2,0,,0,0,,,0,0,0,0,0,0,0,0,0.0,,gather_oak_log,True,
llm_direct,T1,1,1,3,0,,0,0,,,0,0,0,0,0,0,0,0,0.0,,wait,True,
llm_direct,T1,1,1,4,0,,0,0,,,0,0,0,0,0,0,0,0,0.0,,craft_oak_planks,True,
llm_direct,T1,1,2,0,0,,0,0,,,0,0,0,0,0,0,0,0,0.0,,gather_oak_log,True,
llm_direct,T1,1,2,1,0,,0,0,,,0,0,0,0,0,0,0,0,0.0,,wait,True,
llm_direct,T1,1,2,2,0,,0,0,,,0,0,0,0,0,0,0,0,0.0,,wait,True,
llm_direct,T1,1,2,3,0,,0,0,,,0,0,0,0,0,0,0,0,0.0,,wait,True,
llm_direct,T1,1,2,4,0,,0,0,,,0,0,0,0,0,0,0,0,0.0,,wait,True,
llm_direct,T1,1,2,5,0,,0,0,,,0,0,0,0,0,0,0,0,0.0,,craft_oak_planks,True,
llm_direct,T2,1,1,0,0,,0,0,,,0,0,0,0,0,0,0,0,0.0,,gather_oak_log,True,
llm_direct,T2,1,1,1,0,,0,0,,,0,0,0,0,0,0,0,0,0.0,,craft_oak_planks,True,
llm_direct,T3,1,1,0,0,,0,0,,,0,0,0,0,0,0,0,0,0.0,,gather_oak_log,True,
llm_direct,T3,1,1,1,0,,0,0,,,0,0,0,0,0,0,0,0,0.0,,craft_oak_planks,True,
llm_direct,T3,1,2,0,0,,0,0,,,0,0,0,0,0,0,0,0,0.0,,gather_birch_log,True,
llm_direct,T3,1,2,1,0,,0,0,,,0,0,0,0,0,0,0,0,0.0,,wait,True,
llm_direct,T3,1,2,2,0,,0,0,,,0,0,0,0,0,0,0,0,0.0,,wait,True,
llm_direct,T3,1,2,3,0,,0,0,,,0,0,0,0,0,0,0,0,0.0,,wait,True,
llm_direct,T3,1,2,4,0,,0,0,,,0,0,0,0,0,0,0,0,0.0,,craft_birch_planks,True,
llm_direct,T4,1,1,0,0,,0,0,,,0,0,0,0,0,0,0,0,0.0,,wait,True,
llm_direct,T4,1,1,1,0,,0,0,,,0,0,0,0,0,0,0,0,0.0,,wait,True,
llm_direct,T4,1,1,2,0,,0,0,,,0,0,0,0,0,0,0,0,0.0,,gather_oak_log,True,
llm_direct,T4,1,1,3,0,,0,0,,,0,0,0,0,0,0,0,0,0.0,,wait,True,
llm_direct,T4,1,1,4,0,,0,0,,,0,0,0,0,0,0,0,0,0.0,,craft_oak_planks,True,
llm_direct,T1,2,1,0,0,,0,0,,,0,0,0,0,0,0,0,0,0.0,,gather_oak_log,True,
llm_direct,T1,2,1,1,0,,0,0,,,0,0,0,0,0,0,0,0,0.0,,craft_oak_planks,True,
llm_direct,T1,2,2,0,0,,0,0,,,0,0,0,0,0,0,0,0,0.0,,gather_oak_log,True,
llm_direct,T1,2,2,1,0,,0,0,,,0,0,0,0,0,0,0,0,0.0,,wait,True,
llm_direct,T1,2,2,2,0,,0,0,,,0,0,0,0,0,0,0,0,0.0,,wait,True,
llm_direct,T1,2,2,3,0,,0,0,,,0,0,0,0,0,0,0,0,0.0,,craft_oak_planks,True,
llm_direct,T2,2,1,0,0,,0,0,,,0,0,0,0,0,0,0,0,0.0,,gather_oak_log,True,
llm_direct,T2,2,1,1,0,,0,0,,,0,0,0,0,0,0,0,0,0.0,,craft_oak_planks,True,
llm_direct,T3,2,1,0,0,,0,0,,,0,0,0,0,0,0,0,0,0.0,,gather_oak_log,True,
llm_direct,T3,2,1,1,0,,0,0,,,0,0,0,0,0,0,0,0,0.0,,craft_oak_planks,True,
llm_direct,T3,2,2,0,0,,0,0,,,0,0,0,0,0,0,0,0,0.0,,gather_birch_log,True,
llm_direct,T3,2,2,1,0,,0,0,,,0,0,0,0,0,0,0,0,0.0,,craft_birch_planks,True,
llm_direct,T4,2,1,0,0,,0,0,,,0,0,0,0,0,0,0,0,0.0,,gather_oak_log,True,
llm_direct,T4,2,1,1,0,,0,0,,,0,0,0,0,0,0,0,0,0.0,,wait,True,
llm_direct,T4,2,1,2,0,,0,0,,,0,0,0,0,0,0,0,0,0.0,,wait,True,
llm_direct,T4,2,1,3,0,,0,0,,,0,0,0,0,0,0,0,0,0.0,,wait,True,
llm_direct,T4,2,1,4,0,,0,0,,,0,0,0,0,0,0,0,0,0.0,,wait,True,
llm_direct,T4,2,1,5,0,,0,0,,,0,0,0,0,0,0,0,0,0.0,,craft_oak_planks,True,
llm_direct,T1,3,1,0,0,,0,0,,,0,0,0,0,0,0,0,0,0.0,,gather_oak_log,True,
llm_direct,T1,3,1,1,0,,0,0,,,0,0,0,0,0,0,0,0,0.0,,wait,True,
llm_direct,T1,3,1,2,0,,0,0,,,0,0,0,0,0,0,0,0,0.0,,wait,True,
llm_direct,T1,3,1,3,0,,0,0,,,0,0,0,0,0,0,0,0,0.0,,craft_oak_planks,True,
llm_direct,T1,3,2,0,0,,0,0,,,0,0,0,0,0,0,0,0,0.0,,gather_oak_log,True,
llm_direct,T1,3,2,1,0,,0,0,,,0,0,0,0,0,0,0,0,0.0,,craft_oak_planks,True,
llm_direct,T2,3,1,0,0,,0,0,,,0,0,0,0,0,0,0,0,0.0,,gather_oak_log,True,
llm_direct,T2,3,1,1,0,,0,0,,,0,0,0,0,0,0,0,0,0.0,,craft_oak_planks,True,
llm_direct,T3,3,1,0,0,,0,0,,,0,0,0,0,0,0,0,0,0.0,,wait,True,
llm_direct,T3,3,1,1,0,,0,0,,,0,0,0,0,0,0,0,0,0.0,,gather_oak_log,True,
llm_direct,T3,3,1,2,0,,0,0,,,0,0,0,0,0,0,0,0,0.0,,craft_oak_planks,True,
llm_direct,T3,3,2,0,0,,0,0,,,0,0,0,0,0,0,0,0,0.0,,wait,True,
llm_direct,T3,3,2,1,0,,0,0,,,0,0,0,0,0,0,0,0,0.0,,gather_birch_log,True,
llm_direct,T3,3,2,2,0,,0,0,,,0,0,0,0,0,0,0,0,0.0,,wait,True,
llm_direct,T3,3,2,3,0,,0,0,,,0,0,0,0,0,0,0,0,0.0,,wait,True,
llm_direct,T3,3,2,4,0,,0,0,,,0,0,0,0,0,0,0,0,0.0,,wait,True,
llm_direct,T3,3,2,5,0,,0,0,,,0,0,0,0,0,0,0,0,0.0,,craft_birch_planks,True,
llm_direct,T4,3,1,0,0,,0,0,,,0,0,0,0,0,0,0,0,0.0,,wait,True,
llm_direct,T4,3,1,1,0,,0,0,,,0,0,0,0,0,0,0,0,0.0,,wait,True,
llm_direct,T4,3,1,2,0,,0,0,,,0,0,0,0,0,0,0,0,0.0,,wait,True,
llm_direct,T4,3,1,3,0,,0,0,,,0,0,0,0,0,0,0,0,0.0,,eat_bread,True,
llm_direct,T4,3,1,4,0,,0,0,,,0,0,0,0,0,0,0,0,0.0,,wait,True,
llm_direct,T4,3,1,5,0,,0,0,,,0,0,0,0,0,0,0,0,0.0,,wait,True,
llm_direct,T4,3,1,6,0,,0,0,,,0,0,0,0,0,0,0,0,0.0,,wait,True,
llm_direct,T4,3,1,7,0,,0,0,,,0,0,0,0,0,0,0,0,0.0,,gather_oak_log,True,
llm_direct,T4,3,1,8,0,,0,0,,,0,0,0,0,0,0,0,0,0.0,,wait,True,
llm_direct,T4,3,1,9,0,,0,0,,,0,0,0,0,0,0,0,0,0.0,,wait,True,
llm_direct,T1,4,1,0,0,,0,0,,,0,0,0,0,0,0,0,0,0.0,,gather_oak_log,True,
llm_direct,T1,4,1,1,0,,0,0,,,0,0,0,0,0,0,0,0,0.0,,wait,True,
llm_direct,T1,4,1,2,0,,0,0,,,0,0,0,0,0,0,0,0,0.0,,wait,True,
llm_direct,T1,4,1,3,0,,0,0,,,0,0,0,0,0,0,0,0,0.0,,craft_oak_planks,True,
llm_direct,T1,4,2,0,0,,0,0,,,0,0,0,0,0,0,0,0,0.0,,gather_oak_log,True,
llm_direct,T1,4,2,1,0,,0,0,,,0,0,0,0,0,0,0,0,0.0,,craft_oak_planks,True,
llm_direct,T2,4,1,0,0,,0,0,,,0,0,0,0,0,0,0,0,0.0,,gather_oak_log,True,
llm_direct,T2,4,1,1,0,,0,0,,,0,0,0,0,0,0,0,0,0.0,,craft_oak_planks,True,
llm_direct,T3,4,1,0,0,,0,0,,,0,0,0,0,0,0,0,0,0.0,,wait,True,
llm_direct,T3,4,1,1,0,,0,0,,,0,0,0,0,0,0,0,0,0.0,,gather_oak_log,True,
llm_direct,T3,4,1,2,0,,0,0,,,0,0,0,0,0,0,0,0,0.0,,craft_oak_planks,True,
llm_direct,T3,4,2,0,0,,0,0,,,0,0,0,0,0,0,0,0,0.0,,gather_birch_log,True,
llm_direct,T3,4,2,1,0,,0,0,,,0,0,0,0,0,0,0,0,0.0,,wait,True,
llm_direct,T3,4,2,2,0,,0,0,,,0,0,0,0,0,0,0,0,0.0,,craft_birch_planks,True,
llm_direct,T4,4,1,0,0,,0,0,,,0,0,0,0,0,0,0,0,0.0,,wait,True,
llm_direct,T4,4,1,1,0,,0,0,,,0,0,0,0,0,0,0,0,0.0,,gather_oak_log,True,
llm_direct,T4,4,1,2,0,,0,0,,,0,0,0,0,0,0,0,0,0.0,,wait,True,
llm_direct,T4,4,1,3,0,,0,0,,,0,0,0,0,0,0,0,0,0.0,,wait,True,
llm_direct,T4,4,1,4,0,,0,0,,,0,0,0,0,0,0,0,0,0.0,,wait,True,
llm_direct,T4,4,1,5,0,,0,0,,,0,0,0,0,0,0,0,0,0.0,,craft_oak_planks,True,
llm_direct,T1,5,1,0,0,,0,0,,,0,0,0,0,0,0,0,0,0.0,,wait,True,
llm_direct,T1,5,1,1,0,,0,0,,,0,0,0,0,0,0,0,0,0.0,,gather_oak_log,True,
llm_direct,T1,5,1,2,0,,0,0,,,0,0,0,0,0,0,0,0,0.0,,craft_oak_planks,True,
llm_direct,T1,5,2,0,0,,0,0,,,0,0,0,0,0,0,0,0,0.0,,gather_oak_log,True,
llm_direct,T1,5,2,1,0,,0,0,,,0,0,0,0,0,0,0,0,0.0,,craft_oak_planks,True,
llm_direct,T2,5,1,0,0,,0,0,,,0,0,0,0,0,0,0,0,0.0,,gather_oak_log,True,
llm_direct,T2,5,1,1,0,,0,0,,,0,0,0,0,0,0,0,0,0.0,,craft_oak_planks,True,
llm_direct,T3,5,1,0,0,,0,0,,,0,0,0,0,0,0,0,0,0.0,,gather_oak_log,True,
llm_direct,T3,5,1,1,0,,0,0,,,0,0,0,0,0,0,0,0,0.0,,wait,True,
llm_direct,T3,5,1,2,0,,0,0,,,0,0,0,0,0,0,0,0,0.0,,craft_oak_planks,True,
llm_direct,T3,5,2,0,0,,0,0,,,0,0,0,0,0,0,0,0,0.0,,gather_birch_log,True,
llm_direct,T3,5,2,1,0,,0,0,,,0,0,0,0,0,0,0,0,0.0,,craft_birch_planks,True,
llm_direct,T4,5,1,0,0,,0,0,,,0,0,0,0,0,0,0,0,0.0,,wait,True,
llm_direct,T4,5,1,1,0,,0,0,,,0,0,0,0,0,0,0,0,0.0,,wait,True,
llm_direct,T4,5,1,2,0,,0,0,,,0,0,0,0,0,0,0,0,0.0,,wait,True,
llm_direct,T4,5,1,3,0,,0,0,,,0,0,0,0,0,0,0,0,0.0,,wait,True,
llm_direct,T4,5,1,4,0,,0,0,,,0,0,0,0,0,0,0,0,0.0,,wait,True,
llm_direct,T4,5,1,5,0,,0,0,,,0,0,0,0,0,0,0,0,0.0,,wait,True,
llm_direct,T4,5,1,6,0,,0,0,,,0,0,0,0,0,0,0,0,0.0,,wait,True,
llm_direct,T4,5,1,7,0,,0,0,,,0,0,0,0,0,0,0,0,0.0,,gather_oak_log,True,
llm_direct,T4,5,1,8,0,,0,0,,,0,0,0,0,0,0,0,0,0.0,,craft_oak_planks,True,
llm_direct,T1,6,1,0,0,,0,0,,,0,0,0,0,0,0,0,0,0.0,,wait,True,
llm_direct,T1,6,1,1,0,,0,0,,,0,0,0,0,0,0,0,0,0.0,,wait,True,
llm_direct,T1,6,1,2,0,,0,0,,,0,0,0,0,0,0,0,0,0.0,,wait,True,
llm_direct,T1,6,1,3,0,,0,0,,,0,0,0,0,0,0,0,0,0.0,,wait,True,
llm_direct,T1,6,1,4,0,,0,0,,,0,0,0,0,0,0,0,0,0.0,,wait,True,
llm_direct,T1,6,1,5,0,,0,0,,,0,0,0,0,0,0,0,0,0.0,,wait,True,
llm_direct,T1,6,2,0,0,,0,0,,,0,0,0,0,0,0,0,0,0.0,,gather_oak_log,True,
llm_direct,T1,6,2,1,0,,0,0,,,0,0,0,0,0,0,0,0,0.0,,wait,True,
llm_direct,T1,6,2,2,0,,0,0,,,0,0,0,0,0,0,0,0,0.0,,wait,True,
llm_direct,T1,6,2,3,0,,0,0,,,0,0,0,0,0,0,0,0,0.0,,wait,True,
llm_direct,T1,6,2,4,0,,0,0,,,0,0,0,0,0,0,0,0,0.0,,craft_oak_planks,True,
llm_direct,T2,6,1,0,0,,0,0,,,0,0,0,0,0,0,0,0,0.0,,gather_oak_log,True,
llm_direct,T2,6,1,1,0,,0,0,,,0,0,0,0,0,0,0,0,0.0,,wait,True,
llm_direct,T2,6,1,2,0,,0,0,,,0,0,0,0,0,0,0,0,0.0,,craft_oak_planks,True,
llm_direct,T3,6,1,0,0,,0,0,,,0,0,0,0,0,0,0,0,0.0,,gather_oak_log,True,
llm_direct,T3,6,1,1,0,,0,0,,,0,0,0,0,0,0,0,0,0.0,,craft_oak_planks,True,
llm_direct,T3,6,2,0,0,,0,0,,,0,0,0,0,0,0,0,0,0.0,,gather_birch_log,True,
llm_direct,T3,6,2,1,0,,0,0,,,0,0,0,0,0,0,0,0,0.0,,wait,True,
llm_direct,T3,6,2,2,0,,0,0,,,0,0,0,0,0,0,0,0,0.0,,wait,True,
llm_direct,T3,6,2,3,0,,0,0,,,0,0,0,0,0,0,0,0,0.0,,craft_birch_planks,True,
llm_direct,T4,6,1,0,0,,0,0,,,0,0,0,0,0,0,0,0,0.0,,wait,True,
llm_direct,T4,6,1,1,0,,0,0,,,0,0,0,0,0,0,0,0,0.0,,wait,True,
llm_direct,T4,6,1,2,0,,0,0,,,0,0,0,0,0,0,0,0,0.0,,wait,True,
llm_direct,T4,6,1,3,0,,0,0,,,0,0,0,0,0,0,0,0,0.0,,gather_oak_log,True,
llm_direct,T4,6,1,4,0,,0,0,,,0,0,0,0,0,0,0,0,0.0,,wait,True,
llm_direct,T4,6,1,5,0,,0,0,,,0,0,0,0,0,0,0,0,0.0,,wait,True,
llm_direct,T4,6,1,6,0,,0,0,,,0,0,0,0,0,0,0,0,0.0,,wait,True,
llm_direct,T4,6,1,7,0,,0,0,,,0,0,0,0,0,0,0,0,0.0,,craft_oak_planks,True,
llm_direct,T1,7,1,0,0,,0,0,,,0,0,0,0,0,0,0,0,0.0,,wait,True,
llm_direct,T1,7,1,1,0,,0,0,,,0,0,0,0,0,0,0,0,0.0,,gather_oak_log,True,
llm_direct,T1,7,1,2,0,,0,0,,,0,0,0,0,0,0,0,0,0.0,,wait,True,
llm_direct,T1,7,1,3,0,,0,0,,,0,0,0,0,0,0,0,0,0.0,,wait,True,
llm_direct,T1,7,1,4,0,,0,0,,,0,0,0,0,0,0,0,0,0.0,,wait,True,
llm_direct,T1,7,1,5,0,,0,0,,,0,0,0,0,0,0,0,0,0.0,,craft_oak_planks,True,
llm_direct,T1,7,2,0,0,,0,0,,,0,0,0,0,0,0,0,0,0.0,,wait,True,
llm_direct,T1,7,2,1,0,,0,0,,,0,0,0,0,0,0,0,0,0.0,,wait,True,
llm_direct,T1,7,2,2,0,,0,0,,,0,0,0,0,0,0,0,0,0.0,,wait,True,
llm_direct,T1,7,2,3,0,,0,0,,,0,0,0,0,0,0,0,0,0.0,,wait,True,
llm_direct,T1,7,2,4,0,,0,0,,,0,0,0,0,0,0,0,0,0.0,,gather_oak_log,True,
llm_direct,T1,7,2,5,0,,0,0,,,0,0,0,0,0,0,0,0,0.0,,wait,True,
llm_direct,T1,7,2,6,0,,0,0,,,0,0,0,0,0,0,0,0,0.0,,craft_oak_planks,True,
llm_direct,T2,7,1,0,0,,0,0,,,0,0,0,0,0,0,0,0,0.0,,gather_oak_log,True,
llm_direct,T2,7,1,1,0,,0,0,,,0,0,0,0,0,0,0,0,0.0,,craft_oak_planks,True,
llm_direct,T3,7,1,0,0,,0,0,,,0,0,0,0,0,0,0,0,0.0,,gather_oak_log,True,
llm_direct,T3,7,1,1,0,,0,0,,,0,0,0,0,0,0,0,0,0.0,,craft_oak_planks,True,
llm_direct,T3,7,2,0,0,,0,0,,,0,0,0,0,0,0,0,0,0.0,,gather_birch_log,True,
llm_direct,T3,7,2,1,0,,0,0,,,0,0,0,0,0,0,0,0,0.0,,wait,True,
llm_direct,T3,7,2,2,0,,0,0,,,0,0,0,0,0,0,0,0,0.0,,wait,True,
llm_direct,T3,7,2,3,0,,0,0,,,0,0,0,0,0,0,0,0,0.0,,craft_birch_planks,True,
llm_direct,T4,7,1,0,0,,0,0,,,0,0,0,0,0,0,0,0,0.0,,gather_oak_log,True,
llm_direct,T4,7,1,1,0,,0,0,,,0,0,0,0,0,0,0,0,0.0,,wait,True,
llm_direct,T4,7,1,2,0,,0,0,,,0,0,0,0,0,0,0,0,0.0,,wait,True,
llm_direct,T4,7,1,3,0,,0,0,,,0,0,0,0,0,0,0,0,0.0,,eat_bread,True,
llm_direct,T4,7,1,4,0,,0,0,,,0,0,0,0,0,0,0,0,0.0,,wait,True,
llm_direct,T4,7,1,5,0,,0,0,,,0,0,0,0,0,0,0,0,0.0,,wait,True,
llm_direct,T4,7,1,6,0,,0,0,,,0,0,0,0,0,0,0,0,0.0,,wait,True,
llm_direct,T4,7,1,7,0,,0,0,,,0,0,0,0,0,0,0,0,0.0,,wait,True,
llm_direct,T4,7,1,8,0,,0,0,,,0,0,0,0,0,0,0,0,0.0,,craft_oak_planks,True,
llm_direct,T1,8,1,0,0,,0,0,,,0,0,0,0,0,0,0,0,0.0,,gather_oak_log,True,
llm_direct,T1,8,1,1,0,,0,0,,,0,0,0,0,0,0,0,0,0.0,,wait,True,
llm_direct,T1,8,1,2,0,,0,0,,,0,0,0,0,0,0,0,0,0.0,,craft_oak_planks,True,
llm_direct,T1,8,2,0,0,,0,0,,,0,0,0,0,0,0,0,0,0.0,,wait,True,
llm_direct,T1,8,2,1,0,,0,0,,,0,0,0,0,0,0,0,0,0.0,,wait,True,
llm_direct,T1,8,2,2,0,,0,0,,,0,0,0,0,0,0,0,0,0.0,,gather_oak_log,True,
llm_direct,T1,8,2,3,0,,0,0,,,0,0,0,0,0,0,0,0,0.0,,craft_oak_planks,True,
llm_direct,T2,8,1,0,0,,0,0,,,0,0,0,0,0,0,0,0,0.0,,gather_oak_log,True,
llm_direct,T2,8,1,1,0,,0,0,,,0,0,0,0,0,0,0,0,0.0,,craft_oak_planks,True,
llm_direct,T3,8,1,0,0,,0,0,,,0,0,0,0,0,0,0,0,0.0,,wait,True,
llm_direct,T3,8,1,1,0,,0,0,,,0,0,0,0,0,0,0,0,0.0,,gather_oak_log,True,
llm_direct,T3,8,1,2,0,,0,0,,,0,0,0,0,0,0,0,0,0.0,,craft_oak_planks,True,
llm_direct,T3,8,2,0,0,,0,0,,,0,0,0,0,0,0,0,0,0.0,,gather_birch_log,True,
llm_direct,T3,8,2,1,0,,0,0,,,0,0,0,0,0,0,0,0,0.0,,craft_birch_planks,True,
llm_direct,T4,8,1,0,0,,0,0,,,0,0,0,0,0,0,0,0,0.0,,wait,True,
llm_direct,T4,8,1,1,0,,0,0,,,0,0,0,0,0,0,0,0,0.0,,wait,True,
llm_direct,T4,8,1,2,0,,0,0,,,0,0,0,0,0,0,0,0,0.0,,wait,True,
llm_direct,T4,8,1,3,0,,0,0,,,0,0,0,0,0,0,0,0,0.0,,gather_oak_log,True,
llm_direct,T4,8,1,4,0,,0,0,,,0,0,0,0,0,0,0,0,0.0,,wait,True,
llm_direct,T4,8,1,5,0,,0,0,,,0,0,0,0,0,0,0,0,0.0,,wait,True,
llm_direct,T4,8,1,6,0,,0,0,,,0,0,0,0,0,0,0,0,0.0,,wait,True,
llm_direct,T4,8,1,7,0,,0,0,,,0,0,0,0,0,0,0,0,0.0,,wait,True,
llm_direct,T4,8,1,8,0,,0,0,,,0,0,0,0,0,0,0,0,0.0,,craft_oak_planks,True,
llm_direct,T1,9,1,0,0,,0,0,,,0,0,0,0,0,0,0,0,0.0,,wait,True,
llm_direct,T1,9,1,1,0,,0,0,,,0,0,0,0,0,0,0,0,0.0,,gather_oak_log,True,
llm_direct,T1,9,1,2,0,,0,0,,,0,0,0,0,0,0,0,0,0.0,,craft_oak_planks,True,
llm_direct,T1,9,2,0,0,,0,0,,,0,0,0,0,0,0,0,0,0.0,,wait,True,
llm_direct,T1,9,2,1,0,,0,0,,,0,0,0,0,0,0,0,0,0.0,,gather_oak_log,True,
llm_direct,T1,9,2,2,0,,0,0,,,0,0,0,0,0,0,0,0,0.0,,craft_oak_planks,True,
llm_direct,T2,9,1,0,0,,0,0,,,0,0,0,0,0,0,0,0,0.0,,gather_oak_log,True,
llm_direct,T2,9,1,1,0,,0,0,,,0,0,0,0,0,0,0,0,0.0,,wait,True,
llm_direct,T2,9,1,2,0,,0,0,,,0,0,0,0,0,0,0,0,0.0,,wait,True,
llm_direct,T2,9,1,3,0,,0,0,,,0,0,0,0,0,0,0,0,0.0,,craft_oak_planks,True,
llm_direct,T3,9,1,0,0,,0,0,,,0,0,0,0,0,0,0,0,0.0,,gather_oak_log,True,
llm_direct,T3,9,1,1,0,,0,0,,,0,0,0,0,0,0,0,0,0.0,,craft_oak_planks,True,
llm_direct,T3,9,2,0,0,,0,0,,,0,0,0,0,0,0,0,0,0.0,,gather_birch_log,True,
llm_direct,T3,9,2,1,0,,0,0,,,0,0,0,0,0,0,0,0,0.0,,craft_birch_planks,True,
llm_direct,T4,9,1,0,0,,0,0,,,0,0,0,0,0,0,0,0,0.0,,gather_oak_log,True,
llm_direct,T4,9,1,1,0,,0,0,,,0,0,0,0,0,0,0,0,0.0,,wait,True,
llm_direct,T4,9,1,2,0,,0,0,,,0,0,0,0,0,0,0,0,0.0,,wait,True,
llm_direct,T4,9,1,3,0,,0,0,,,0,0,0,0,0,0,0,0,0.0,,wait,True,
llm_direct,T4,9,1,4,0,,0,0,,,0,0,0,0,0,0,0,0,0.0,,wait,True,
llm_direct,T4,9,1,5,0,,0,0,,,0,0,0,0,0,0,0,0,0.0,,wait,True,
llm_direct,T4,9,1,6,0,,0,0,,,0,0,0,0,0,0,0,0,0.0,,wait,True,
llm_direct,T4,9,1,7,0,,0,0,,,0,0,0,0,0,0,0,0,0.0,,wait,True,
llm_direct,T4,9,1,8,0,,0,0,,,0,0,0,0,0,0,0,0,0.0,,wait,True,
llm_direct,T4,9,1,9,0,,0,0,,,0,0,0,0,0,0,0,0,0.0,,wait,True,
llm_direct,T1,10,1,0,0,,0,0,,,0,0,0,0,0,0,0,0,0.0,,gather_oak_log,True,
llm_direct,T1,10,1,1,0,,0,0,,,0,0,0,0,0,0,0,0,0.0,,wait,True,
llm_direct,T1,10,1,2,0,,0,0,,,0,0,0,0,0,0,0,0,0.0,,craft_oak_planks,True,
llm_direct,T1,10,2,0,0,,0,0,,,0,0,0,0,0,0,0,0,0.0,,wait,True,
llm_direct,T1,10,2,1,0,,0,0,,,0,0,0,0,0,0,0,0,0.0,,wait,True,
llm_direct,T1,10,2,2,0,,0,0,,,0,0,0,0,0,0,0,0,0.0,,wait,True,
llm_direct,T1,10,2,3,0,,0,0,,,0,0,0,0,0,0,0,0,0.0,,wait,True,
llm_direct,T1,10,2,4,0,,0,0,,,0,0,0,0,0,0,0,0,0.0,,gather_oak_log,True,
llm_direct,T1,10,2,5,0,,0,0,,,0,0,0,0,0,0,0,0,0.0,,craft_oak_planks,True,
llm_direct,T2,10,1,0,0,,0,0,,,0,0,0,0,0,0,0,0,0.0,,gather_oak_log,True,
llm_direct,T2,10,1,1,0,,0,0,,,0,0,0,0,0,0,0,0,0.0,,craft_oak_planks,True,
llm_direct,T3,10,1,0,0,,0,0,,,0,0,0,0,0,0,0,0,0.0,,wait,True,
llm_direct,T3,10,1,1,0,,0,0,,,0,0,0,0,0,0,0,0,0.0,,wait,True,
llm_direct,T3,10,1,2,0,,0,0,,,0,0,0,0,0,0,0,0,0.0,,gather_oak_log,True,
llm_direct,T3,10,1,3,0,,0,0,,,0,0,0,0,0,0,0,0,0.0,,craft_oak_planks,True,
llm_direct,T3,10,2,0,0,,0,0,,,0,0,0,0,0,0,0,0,0.0,,gather_birch_log,True,
llm_direct,T3,10,2,1,0,,0,0,,,0,0,0,0,0,0,0,0,0.0,,craft_birch_planks,True,
llm_direct,T4,10,1,0,0,,0,0,,,0,0,0,0,0,0,0,0,0.0,,gather_oak_log,True,
llm_direct,T4,10,1,1,0,,0,0,,,0,0,0,0,0,0,0,0,0.0,,wait,True,
llm_direct,T4,10,1,2,0,,0,0,,,0,0,0,0,0,0,0,0,0.0,,wait,True,
llm_direct,T4,10,1,3,0,,0,0,,,0,0,0,0,0,0,0,0,0.0,,wait,True,
llm_direct,T4,10,1,4,0,,0,0,,,0,0,0,0,0,0,0,0,0.0,,wait,True,
llm_direct,T4,10,1,5,0,,0,0,,,0,0,0,0,0,0,0,0,0.0,,wait,True,
llm_direct,T4,10,1,6,0,,0,0,,,0,0,0,0,0,0,0,0,0.0,,wait,True,
llm_direct,T4,10,1,7,0,,0,0,,,0,0,0,0,0,0,0,0,0.0,,wait,True,
llm_direct,T4,10,1,8,0,,0,0,,,0,0,0,0,0,0,0,0,0.0,,craft_oak_planks,True,
llm_direct,T1,11,1,0,0,,0,0,,,0,0,0,0,0,0,0,0,0.0,,wait,True,
llm_direct,T1,11,1,1,0,,0,0,,,0,0,0,0,0,0,0,0,0.0,,wait,True,
llm_direct,T1,11,1,2,0,,0,0,,,0,0,0,0,0,0,0,0,0.0,,wait,True,
llm_direct,T1,11,1,3,0,,0,0,,,0,0,0,0,0,0,0,0,0.0,,gather_oak_log,True,
llm_direct,T1,11,1,4,0,,0,0,,,0,0,0,0,0,0,0,0,0.0,,wait,True,
llm_direct,T1,11,1,5,0,,0,0,,,0,0,0,0,0,0,0,0,0.0,,craft_oak_planks,True,
llm_direct,T1,11,2,0,0,,0,0,,,0,0,0,0,0,0,0,0,0.0,,wait,True,
llm_direct,T1,11,2,1,0,,0,0,,,0,0,0,0,0,0,0,0,0.0,,wait,True,
llm_direct,T1,11,2,2,0,,0,0,,,0,0,0,0,0,0,0,0,0.0,,wait,True,
llm_direct,T1,11,2,3,0,,0,0,,,0,0,0,0,0,0,0,0,0.0,,gather_oak_log,True,
llm_direct,T1,11,2,4,0,,0,0,,,0,0,0,0,0,0,0,0,0.0,,wait,True,
llm_direct,T1,11,2,5,0,,0,0,,,0,0,0,0,0,0,0,0,0.0,,craft_oak_planks,True,
llm_direct,T2,11,1,0,0,,0,0,,,0,0,0,0,0,0,0,0,0.0,,gather_oak_log,True,
llm_direct,T2,11,1,1,0,,0,0,,,0,0,0,0,0,0,0,0,0.0,,craft_oak_planks,True,
llm_direct,T3,11,1,0,0,,0,0,,,0,0,0,0,0,0,0,0,0.0,,gather_oak_log,True,
llm_direct,T3,11,1,1,0,,0,0,,,0,0,0,0,0,0,0,0,0.0,,wait,True,
llm_direct,T3,11,1,2,0,,0,0,,,0,0,0,0,0,0,0,0,0.0,,wait,True,
llm_direct,T3,11,1,3,0,,0,0,,,0,0,0,0,0,0,0,0,0.0,,craft_oak_planks,True,
llm_direct,T3,11,2,0,0,,0,0,,,0,0,0,0,0,0,0,0,0.0,,wait,True,
llm_direct,T3,11,2,1,0,,0,0,,,0,0,0,0,0,0,0,0,0.0,,wait,True,
llm_direct,T3,11,2,2,0,,0,0,,,0,0,0,0,0,0,0,0,0.0,,wait,True,
llm_direct,T3,11,2,3,0,,0,0,,,0,0,0,0,0,0,0,0,0.0,,gather_birch_log,True,
llm_direct,T3,11,2,4,0,,0,0,,,0,0,0,0,0,0,0,0,0.0,,craft_birch_planks,True,
llm_direct,T4,11,1,0,0,,0,0,,,0,0,0,0,0,0,0,0,0.0,,wait,True,
llm_direct,T4,11,1,1,0,,0,0,,,0,0,0,0,0,0,0,0,0.0,,gather_oak_log,True,
llm_direct,T4,11,1,2,0,,0,0,,,0,0,0,0,0,0,0,0,0.0,,wait,True,
llm_direct,T4,11,1,3,0,,0,0,,,0,0,0,0,0,0,0,0,0.0,,wait,True,
llm_direct,T4,11,1,4,0,,0,0,,,0,0,0,0,0,0,0,0,0.0,,wait,True,
llm_direct,T4,11,1,5,0,,0,0,,,0,0,0,0,0,0,0,0,0.0,,wait,True,
llm_direct,T4,11,1,6,0,,0,0,,,0,0,0,0,0,0,0,0,0.0,,wait,True,
llm_direct,T4,11,1,7,0,,0,0,,,0,0,0,0,0,0,0,0,0.0,,craft_oak_planks,True,
llm_direct,T1,12,1,0,0,,0,0,,,0,0,0,0,0,0,0,0,0.0,,gather_oak_log,True,
llm_direct,T1,12,1,1,0,,0,0,,,0,0,0,0,0,0,0,0,0.0,,craft_oak_planks,True,
llm_direct,T1,12,2,0,0,,0,0,,,0,0,0,0,0,0,0,0,0.0,,gather_oak_log,True,
llm_direct,T1,12,2,1,0,,0,0,,,0,0,0,0,0,0,0,0,0.0,,wait,True,
llm_direct,T1,12,2,2,0,,0,0,,,0,0,0,0,0,0,0,0,0.0,,wait,True,
llm_direct,T1,12,2,3,0,,0,0,,,0,0,0,0,0,0,0,0,0.0,,craft_oak_planks,True,
llm_direct,T2,12,1,0,0,,0,0,,,0,0,0,0,0,0,0,0,0.0,,gather_oak_log,True,
llm_direct,T2,12,1,1,0,,0,0,,,0,0,0,0,0,0,0,0,0.0,,wait,True,
llm_direct,T2,12,1,2,0,,0,0,,,0,0,0,0,0,0,0,0,0.0,,craft_oak_planks,True,
llm_direct,T3,12,1,0,0,,0,0,,,0,0,0,0,0,0,0,0,0.0,,wait,True,
llm_direct,T3,12,1,1,0,,0,0,,,0,0,0,0,0,0,0,0,0.0,,wait,True,
llm_direct,T3,12,1,2,0,,0,0,,,0,0,0,0,0,0,0,0,0.0,,wait,True,
llm_direct,T3,12,1,3,0,,0,0,,,0,0,0,0,0,0,0,0,0.0,,wait,True,
llm_direct,T3,12,1,4,0,,0,0,,,0,0,0,0,0,0,0,0,0.0,,wait,True,
llm_direct,T3,12,2,0,0,,0,0,,,0,0,0,0,0,0,0,0,0.0,,wait,True,
llm_direct,T3,12,2,1,0,,0,0,,,0,0,0,0,0,0,0,0,0.0,,wait,True,
llm_direct,T3,12,2,2,0,,0,0,,,0,0,0,0,0,0,0,0,0.0,,gather_birch_log,True,
llm_direct,T3,12,2,3,0,,0,0,,,0,0,0,0,0,0,0,0,0.0,,craft_birch_planks,True,
llm_direct,T4,12,1,0,0,,0,0,,,0,0,0,0,0,0,0,0,0.0,,wait,True,
llm_direct,T4,12,1,1,0,,0,0,,,0,0,0,0,0,0,0,0,0.0,,wait,True,
llm_direct,T4,12,1,2,0,,0,0,,,0,0,0,0,0,0,0,0,0.0,,gather_oak_log,True,
llm_direct,T4,12,1,3,0,,0,0,,,0,0,0,0,0,0,0,0,0.0,,wait,True,
llm_direct,T4,12,1,4,0,,0,0,,,0,0,0,0,0,0,0,0,0.0,,craft_oak_planks,True,
llm_direct,T1,13,1,0,0,,0,0,,,0,0,0,0,0,0,0,0,0.0,,wait,True,
llm_direct,T1,13,1,1,0,,0,0,,,0,0,0,0,0,0,0,0,0.0,,gather_oak_log,True,
llm_direct,T1,13,1,2,0,,0,0,,,0,0,0,0,0,0,0,0,0.0,,wait,True,
llm_direct,T1,13,1,3,0,,0,0,,,0,0,0,0,0,0,0,0,0.0,,wait,True,
llm_direct,T1,13,1,4,0,,0,0,,,0,0,0,0,0,0,0,0,0.0,,craft_oak_planks,True,
llm_direct,T1,13,2,0,0,,0,0,,,0,0,0,0,0,0,0,0,0.0,,wait,True,
llm_direct,T1,13,2,1,0,,0,0,,,0,0,0,0,0,0,0,0,0.0,,gather_oak_log,True,
llm_direct,T1,13,2,2,0,,0,0,,,0,0,0,0,0,0,0,0,0.0,,wait,True,
llm_direct,T1,13,2,3,0,,0,0,,,0,0,0,0,0,0,0,0,0.0,,craft_oak_planks,True,
llm_direct,T2,13,1,0,0,,0,0,,,0,0,0,0,0,0,0,0,0.0,,gather_oak_log,True,
llm_direct,T2,13,1,1,0,,0,0,,,0,0,0,0,0,0,0,0,0.0,,craft_oak_planks,True,
llm_direct,T3,13,1,0,0,,0,0,,,0,0,0,0,0,0,0,0,0.0,,wait,True,
llm_direct,T3,13,1,1,0,,0,0,,,0,0,0,0,0,0,0,0,0.0,,wait,True,
llm_direct,T3,13,1,2,0,,0,0,,,0,0,0,0,0,0,0,0,0.0,,gather_oak_log,True,
llm_direct,T3,13,1,3,0,,0,0,,,0,0,0,0,0,0,0,0,0.0,,wait,True,
llm_direct,T3,13,1,4,0,,0,0,,,0,0,0,0,0,0,0,0,0.0,,craft_oak_planks,True,
llm_direct,T3,13,2,0,0,,0,0,,,0,0,0,0,0,0,0,0,0.0,,gather_birch_log,True,
llm_direct,T3,13,2,1,0,,0,0,,,0,0,0,0,0,0,0,0,0.0,,wait,True,
llm_direct,T3,13,2,2,0,,0,0,,,0,0,0,0,0,0,0,0,0.0,,craft_birch_planks,True,
llm_direct,T4,13,1,0,0,,0,0,,,0,0,0,0,0,0,0,0,0.0,,wait,True,
llm_direct,T4,13,1,1,0,,0,0,,,0,0,0,0,0,0,0,0,0.0,,gather_oak_log,True,
llm_direct,T4,13,1,2,0,,0,0,,,0,0,0,0,0,0,0,0,0.0,,wait,True,
llm_direct,T4,13,1,3,0,,0,0,,,0,0,0,0,0,0,0,0,0.0,,wait,True,
llm_direct,T4,13,1,4,0,,0,0,,,0,0,0,0,0,0,0,0,0.0,,wait,True,
llm_direct,T4,13,1,5,0,,0,0,,,0,0,0,0,0,0,0,0,0.0,,craft_oak_planks,True,
llm_direct,T1,14,1,0,0,,0,0,,,0,0,0,0,0,0,0,0,0.0,,wait,True,
llm_direct,T1,14,1,1,0,,0,0,,,0,0,0,0,0,0,0,0,0.0,,gather_oak_log,True,
llm_direct,T1,14,1,2,0,,0,0,,,0,0,0,0,0,0,0,0,0.0,,craft_oak_planks,True,
llm_direct,T1,14,2,0,0,,0,0,,,0,0,0,0,0,0,0,0,0.0,,wait,True,
llm_direct,T1,14,2,1,0,,0,0,,,0,0,0,0,0,0,0,0,0.0,,wait,True,
llm_direct,T1,14,2,2,0,,0,0,,,0,0,0,0,0,0,0,0,0.0,,gather_oak_log,True,
llm_direct,T1,14,2,3,0,,0,0,,,0,0,0,0,0,0,0,0,0.0,,craft_oak_planks,True,
llm_direct,T2,14,1,0,0,,0,0,,,0,0,0,0,0,0,0,0,0.0,,gather_oak_log,True,
llm_direct,T2,14,1,1,0,,0,0,,,0,0,0,0,0,0,0,0,0.0,,craft_oak_planks,True,
llm_direct,T3,14,1,0,0,,0,0,,,0,0,0,0,0,0,0,0,0.0,,wait,True,
llm_direct,T3,14,1,1,0,,0,0,,,0,0,0,0,0,0,0,0,0.0,,gather_oak_log,True,
llm_direct,T3,14,1,2,0,,0,0,,,0,0,0,0,0,0,0,0,0.0,,craft_oak_planks,True,
llm_direct,T3,14,2,0,0,,0,0,,,0,0,0,0,0,0,0,0,0.0,,gather_birch_log,True,
llm_direct,T3,14,2,1,0,,0,0,,,0,0,0,0,0,0,0,0,0.0,,craft_birch_planks,True,
llm_direct,T4,14,1,0,0,,0,0,,,0,0,0,0,0,0,0,0,0.0,,wait,True,
llm_direct,T4,14,1,1,0,,0,0,,,0,0,0,0,0,0,0,0,0.0,,wait,True,
llm_direct,T4,14,1,2,0,,0,0,,,0,0,0,0,0,0,0,0,0.0,,gather_oak_log,True,
llm_direct,T4,14,1,3,0,,0,0,,,0,0,0,0,0,0,0,0,0.0,,wait,True,
llm_direct,T4,14,1,4,0,,0,0,,,0,0,0,0,0,0,0,0,0.0,,wait,True,
llm_direct,T4,14,1,5,0,,0,0,,,0,0,0,0,0,0,0,0,0.0,,wait,True,
llm_direct,T4,14,1,6,0,,0,0,,,0,0,0,0,0,0,0,0,0.0,,wait,True,
llm_direct,T4,14,1,7,0,,0,0,,,0,0,0,0,0,0,0,0,0.0,,craft_oak_planks,True,
llm_direct,T1,15,1,0,0,,0,0,,,0,0,0,0,0,0,0,0,0.0,,wait,True,
llm_direct,T1,15,1,1,0,,0,0,,,0,0,0,0,0,0,0,0,0.0,,gather_oak_log,True,
llm_direct,T1,15,1,2,0,,0,0,,,0,0,0,0,0,0,0,0,0.0,,wait,True,
llm_direct,T1,15,1,3,0,,0,0,,,0,0,0,0,0,0,0,0,0.0,,wait,True,
llm_direct,T1,15,1,4,0,,0,0,,,0,0,0,0,0,0,0,0,0.0,,craft_oak_planks,True,
llm_direct,T1,15,2,0,0,,0,0,,,0,0,0,0,0,0,0,0,0.0,,wait,True,
llm_direct,T1,15,2,1,0,,0,0,,,0,0,0,0,0,0,0,0,0.0,,wait,True,
llm_direct,T1,15,2,2,0,,0,0,,,0,0,0,0,0,0,0,0,0.0,,wait,True,
llm_direct,T1,15,2,3,0,,0,0,,,0,0,0,0,0,0,0,0,0.0,,gather_oak_log,True,
llm_direct,T1,15,2,4,0,,0,0,,,0,0,0,0,0,0,0,0,0.0,,craft_oak_planks,True,
llm_direct,T2,15,1,0,0,,0,0,,,0,0,0,0,0,0,0,0,0.0,,gather_oak_log,True,
llm_direct,T2,15,1,1,0,,0,0,,,0,0,0,0,0,0,0,0,0.0,,craft_oak_planks,True,
llm_direct,T3,15,1,0,0,,0,0,,,0,0,0,0,0,0,0,0,0.0,,gather_oak_log,True,
llm_direct,T3,15,1,1,0,,0,0,,,0,0,0,0,0,0,0,0,0.0,,craft_oak_planks,True,
llm_direct,T3,15,2,0,0,,0,0,,,0,0,0,0,0,0,0,0,0.0,,gather_birch_log,True,
llm_direct,T3,15,2,1,0,,0,0,,,0,0,0,0,0,0,0,0,0.0,,wait,True,
llm_direct,T3,15,2,2,0,,0,0,,,0,0,0,0,0,0,0,0,0.0,,wait,True,
llm_direct,T3,15,2,3,0,,0,0,,,0,0,0,0,0,0,0,0,0.0,,wait,True,
llm_direct,T3,15,2,4,0,,0,0,,,0,0,0,0,0,0,0,0,0.0,,wait,True,
llm_direct,T3,15,2,5,0,,0,0,,,0,0,0,0,0,0,0,0,0.0,,wait,True,
llm_direct,T3,15,2,6,0,,0,0,,,0,0,0,0,0,0,0,0,0.0,,wait,True,
llm_direct,T3,15,2,7,0,,0,0,,,0,0,0,0,0,0,0,0,0.0,,wait,True,
llm_direct,T4,15,1,0,0,,0,0,,,0,0,0,0,0,0,0,0,0.0,,wait,True,
llm_direct,T4,15,1,1,0,,0,0,,,0,0,0,0,0,0,0,0,0.0,,wait,True,
llm_direct,T4,15,1,2,0,,0,0,,,0,0,0,0,0,0,0,0,0.0,,wait,True,
llm_direct,T4,15,1,3,0,,0,0,,,0,0,0,0,0,0,0,0,0.0,,wait,True,
llm_direct,T4,15,1,4,0,,0,0,,,0,0,0,0,0,0,0,0,0.0,,wait,True,
llm_direct,T4,15,1,5,0,,0,0,,,0,0,0,0,0,0,0,0,0.0,,wait,True,
llm_direct,T4,15,1,6,0,,0,0,,,0,0,0,0,0,0,0,0,0.0,,gather_oak_log,True,
llm_direct,T4,15,1,7,0,,0,0,,,0,0,0,0,0,0,0,0,0.0,,craft_oak_planks,True,
llm_direct,T1,16,1,0,0,,0,0,,,0,0,0,0,0,0,0,0,0.0,,gather_oak_log,True,
llm_direct,T1,16,1,1,0,,0,0,,,0,0,0,0,0,0,0,0,0.0,,wait,True,
llm_direct,T1,16,1,2,0,,0,0,,,0,0,0,0,0,0,0,0,0.0,,wait,True,
llm_direct,T1,16,1,3,0,,0,0,,,0,0,0,0,0,0,0,0,0.0,,wait,True,
llm_direct,T1,16,1,4,0,,0,0,,,0,0,0,0,0,0,0,0,0.0,,wait,True,
llm_direct,T1,16,1,5,0,,0,0,,,0,0,0,0,0,0,0,0,0.0,,craft_oak_planks,True,
llm_direct,T1,16,2,0,0,,0,0,,,0,0,0,0,0,0,0,0,0.0,,gather_oak_log,True,
llm_direct,T1,16,2,1,0,,0,0,,,0,0,0,0,0,0,0,0,0.0,,wait,True,
llm_direct,T1,16,2,2,0,,0,0,,,0,0,0,0,0,0,0,0,0.0,,wait,True,
llm_direct,T1,16,2,3,0,,0,0,,,0,0,0,0,0,0,0,0,0.0,,craft_oak_planks,True,
llm_direct,T2,16,1,0,0,,0,0,,,0,0,0,0,0,0,0,0,0.0,,gather_oak_log,True,
llm_direct,T2,16,1,1,0,,0,0,,,0,0,0,0,0,0,0,0,0.0,,craft_oak_planks,True,
llm_direct,T3,16,1,0,0,,0,0,,,0,0,0,0,0,0,0,0,0.0,,gather_oak_log,True,
llm_direct,T3,16,1,1,0,,0,0,,,0,0,0,0,0,0,0,0,0.0,,wait,True,
llm_direct,T3,16,1,2,0,,0,0,,,0,0,0,0,0,0,0,0,0.0,,wait,True,
llm_direct,T3,16,1,3,0,,0,0,,,0,0,0,0,0,0,0,0,0.0,,wait,True,
llm_direct,T3,16,1,4,0,,0,0,,,0,0,0,0,0,0,0,0,0.0,,craft_oak_planks,True,
llm_direct,T3,16,2,0,0,,0,0,,,0,0,0,0,0,0,0,0,0.0,,gather_birch_log,True,
llm_direct,T3,16,2,1,0,,0,0,,,0,0,0,0,0,0,0,0,0.0,,wait,True,
llm_direct,T3,16,2,2,0,,0,0,,,0,0,0,0,0,0,0,0,0.0,,wait,True,
llm_direct,T3,16,2,3,0,,0,0,,,0,0,0,0,0,0,0,0,0.0,,craft_birch_planks,True,
llm_direct,T4,16,1,0,0,,0,0,,,0,0,0,0,0,0,0,0,0.0,,wait,True,
llm_direct,T4,16,1,1,0,,0,0,,,0,0,0,0,0,0,0,0,0.0,,wait,True,
llm_direct,T4,16,1,2,0,,0,0,,,0,0,0,0,0,0,0,0,0.0,,wait,True,
llm_direct,T4,16,1,3,0,,0,0,,,0,0,0,0,0,0,0,0,0.0,,wait,True,
llm_direct,T4,16,1,4,0,,0,0,,,0,0,0,0,0,0,0,0,0.0,,wait,True,
llm_direct,T4,16,1,5,0,,0,0,,,0,0,0,0,0,0,0,0,0.0,,gather_oak_log,True,
llm_direct,T4,16,1,6,0,,0,0,,,0,0,0,0,0,0,0,0,0.0,,wait,True,
llm_direct,T4,16,1,7,0,,0,0,,,0,0,0,0,0,0,0,0,0.0,,craft_oak_planks,True,
llm_direct,T1,17,1,0,0,,0,0,,,0,0,0,0,0,0,0,0,0.0,,wait,True,
llm_direct,T1,17,1,1,0,,0,0,,,0,0,0,0,0,0,0,0,0.0,,wait,True,
llm_direct,T1,17,1,2,0,,0,0,,,0,0,0,0,0,0,0,0,0.0,,wait,True,
llm_direct,T1,17,1,3,0,,0,0,,,0,0,0,0,0,0,0,0,0.0,,gather_oak_log,True,
llm_direct,T1,17,1,4,0,,0,0,,,0,0,0,0,0,0,0,0,0.0,,wait,True,
llm_direct,T1,17,1,5,0,,0,0,,,0,0,0,0,0,0,0,0,0.0,,craft_oak_planks,True,
llm_direct,T1,17,2,0,0,,0,0,,,0,0,0,0,0,0,0,0,0.0,,gather_oak_log,True,
llm_direct,T1,17,2,1,0,,0,0,,,0,0,0,0,0,0,0,0,0.0,,craft_oak_planks,True,
llm_direct,T2,17,1,0,0,,0,0,,,0,0,0,0,0,0,0,0,0.0,,gather_oak_log,True,
llm_direct,T2,17,1,1,0,,0,0,,,0,0,0,0,0,0,0,0,0.0,,craft_oak_planks,True,
llm_direct,T3,17,1,0,0,,0,0,,,0,0,0,0,0,0,0,0,0.0,,gather_oak_log,True,
llm_direct,T3,17,1,1,0,,0,0,,,0,0,0,0,0,0,0,0,0.0,,wait,True,
llm_direct,T3,17,1,2,0,,0,0,,,0,0,0,0,0,0,0,0,0.0,,craft_oak_planks,True,
llm_direct,T3,17,2,0,0,,0,0,,,0,0,0,0,0,0,0,0,0.0,,gather_birch_log,True,
llm_direct,T3,17,2,1,0,,0,0,,,0,0,0,0,0,0,0,0,0.0,,wait,True,
llm_direct,T3,17,2,2,0,,0,0,,,0,0,0,0,0,0,0,0,0.0,,wait,True,
llm_direct,T3,17,2,3,0,,0,0,,,0,0,0,0,0,0,0,0,0.0,,craft_birch_planks,True,
llm_direct,T4,17,1,0,0,,0,0,,,0,0,0,0,0,0,0,0,0.0,,gather_oak_log,True,
llm_direct,T4,17,1,1,0,,0,0,,,0,0,0,0,0,0,0,0,0.0,,wait,True,
llm_direct,T4,17,1,2,0,,0,0,,,0,0,0,0,0,0,0,0,0.0,,wait,True,
llm_direct,T4,17,1,3,0,,0,0,,,0,0,0,0,0,0,0,0,0.0,,wait,True,
llm_direct,T4,17,1,4,0,,0,0,,,0,0,0,0,0,0,0,0,0.0,,wait,True,
llm_direct,T4,17,1,5,0,,0,0,,,0,0,0,0,0,0,0,0,0.0,,craft_oak_planks,True,
llm_direct,T1,18,1,0,0,,0,0,,,0,0,0,0,0,0,0,0,0.0,,gather_oak_log,True,
llm_direct,T1,18,1,1,0,,0,0,,,0,0,0,0,0,0,0,0,0.0,,craft_oak_planks,True,
llm_direct,T1,18,2,0,0,,0,0,,,0,0,0,0,0,0,0,0,0.0,,gather_oak_log,True,
llm_direct,T1,18,2,1,0,,0,0,,,0,0,0,0,0,0,0,0,0.0,,wait,True,
llm_direct,T1,18,2,2,0,,0,0,,,0,0,0,0,0,0,0,0,0.0,,craft_oak_planks,True,
llm_direct,T2,18,1,0,0,,0,0,,,0,0,0,0,0,0,0,0,0.0,,gather_oak_log,True,
llm_direct,T2,18,1,1,0,,0,0,,,0,0,0,0,0,0,0,0,0.0,,craft_oak_planks,True,
llm_direct,T3,18,1,0,0,,0,0,,,0,0,0,0,0,0,0,0,0.0,,gather_oak_log,True,
llm_direct,T3,18,1,1,0,,0,0,,,0,0,0,0,0,0,0,0,0.0,,wait,True,
llm_direct,T3,18,1,2,0,,0,0,,,0,0,0,0,0,0,0,0,0.0,,wait,True,
llm_direct,T3,18,1,3,0,,0,0,,,0,0,0,0,0,0,0,0,0.0,,wait,True,
llm_direct,T3,18,1,4,0,,0,0,,,0,0,0,0,0,0,0,0,0.0,,craft_oak_planks,True,
llm_direct,T3,18,2,0,0,,0,0,,,0,0,0,0,0,0,0,0,0.0,,wait,True,
llm_direct,T3,18,2,1,0,,0,0,,,0,0,0,0,0,0,0,0,0.0,,gather_birch_log,True,
llm_direct,T3,18,2,2,0,,0,0,,,0,0,0,0,0,0,0,0,0.0,,wait,True,
llm_direct,T3,18,2,3,0,,0,0,,,0,0,0,0,0,0,0,0,0.0,,wait,True,
llm_direct,T3,18,2,4,0,,0,0,,,0,0,0,0,0,0,0,0,0.0,,craft_birch_planks,True,
llm_direct,T4,18,1,0,0,,0,0,,,0,0,0,0,0,0,0,0,0.0,,wait,True,
llm_direct,T4,18,1,1,0,,0,0,,,0,0,0,0,0,0,0,0,0.0,,wait,True,
llm_direct,T4,18,1,2,0,,0,0,,,0,0,0,0,0,0,0,0,0.0,,wait,True,
llm_direct,T4,18,1,3,0,,0,0,,,0,0,0,0,0,0,0,0,0.0,,wait,True,
llm_direct,T4,18,1,4,0,,0,0,,,0,0,0,0,0,0,0,0,0.0,,wait,True,
llm_direct,T4,18,1,5,0,,0,0,,,0,0,0,0,0,0,0,0,0.0,,gather_oak_log,True,
llm_direct,T4,18,1,6,0,,0,0,,,0,0,0,0,0,0,0,0,0.0,,wait,True,
llm_direct,T4,18,1,7,0,,0,0,,,0,0,0,0,0,0,0,0,0.0,,wait,True,
llm_direct,T4,18,1,8,0,,0,0,,,0,0,0,0,0,0,0,0,0.0,,wait,True,
llm_direct,T4,18,1,9,0,,0,0,,,0,0,0,0,0,0,0,0,0.0,,wait,True,
llm_direct,T1,19,1,0,0,,0,0,,,0,0,0,0,0,0,0,0,0.0,,gather_oak_log,True,
llm_direct,T1,19,1,1,0,,0,0,,,0,0,0,0,0,0,0,0,0.0,,craft_oak_planks,True,
llm_direct,T1,19,2,0,0,,0,0,,,0,0,0,0,0,0,0,0,0.0,,wait,True,
llm_direct,T1,19,2,1,0,,0,0,,,0,0,0,0,0,0,0,0,0.0,,gather_oak_log,True,
llm_direct,T1,19,2,2,0,,0,0,,,0,0,0,0,0,0,0,0,0.0,,wait,True,
llm_direct,T1,19,2,3,0,,0,0,,,0,0,0,0,0,0,0,0,0.0,,craft_oak_planks,True,
llm_direct,T2,19,1,0,0,,0,0,,,0,0,0,0,0,0,0,0,0.0,,gather_oak_log,True,
llm_direct,T2,19,1,1,0,,0,0,,,0,0,0,0,0,0,0,0,0.0,,wait,True,
llm_direct,T2,19,1,2,0,,0,0,,,0,0,0,0,0,0,0,0,0.0,,wait,True,
llm_direct,T2,19,1,3,0,,0,0,,,0,0,0,0,0,0,0,0,0.0,,craft_oak_planks,True,
llm_direct,T3,19,1,0,0,,0,0,,,0,0,0,0,0,0,0,0,0.0,,wait,True,
llm_direct,T3,19,1,1,0,,0,0,,,0,0,0,0,0,0,0,0,0.0,,wait,True,
llm_direct,T3,19,1,2,0,,0,0,,,0,0,0,0,0,0,0,0,0.0,,gather_oak_log,True,
llm_direct,T3,19,1,3,0,,0,0,,,0,0,0,0,0,0,0,0,0.0,,wait,True,
llm_direct,T3,19,1,4,0,,0,0,,,0,0,0,0,0,0,0,0,0.0,,craft_oak_planks,True,
llm_direct,T3,19,2,0,0,,0,0,,,0,0,0,0,0,0,0,0,0.0,,wait,True,
llm_direct,T3,19,2,1,0,,0,0,,,0,0,0,0,0,0,0,0,0.0,,gather_birch_log,True,
llm_direct,T3,19,2,2,0,,0,0,,,0,0,0,0,0,0,0,0,0.0,,craft_birch_planks,True,
llm_direct,T4,19,1,0,0,,0,0,,,0,0,0,0,0,0,0,0,0.0,,wait,True,
llm_direct,T4,19,1,1,0,,0,0,,,0,0,0,0,0,0,0,0,0.0,,gather_oak_log,True,
llm_direct,T4,19,1,2,0,,0,0,,,0,0,0,0,0,0,0,0,0.0,,wait,True,
llm_direct,T4,19,1,3,0,,0,0,,,0,0,0,0,0,0,0,0,0.0,,wait,True,
llm_direct,T4,19,1,4,0,,0,0,,,0,0,0,0,0,0,0,0,0.0,,craft_oak_planks,True,
llm_direct,T1,20,1,0,0,,0,0,,,0,0,0,0,0,0,0,0,0.0,,wait,True,
llm_direct,T1,20,1,1,0,,0,0,,,0,0,0,0,0,0,0,0,0.0,,wait,True,
llm_direct,T1,20,1,2,0,,0,0,,,0,0,0,0,0,0,0,0,0.0,,gather_oak_log,True,
llm_direct,T1,20,1,3,0,,0,0,,,0,0,0,0,0,0,0,0,0.0,,craft_oak_planks,True,
llm_direct,T1,20,2,0,0,,0,0,,,0,0,0,0,0,0,0,0,0.0,,gather_oak_log,True,
llm_direct,T1,20,2,1,0,,0,0,,,0,0,0,0,0,0,0,0,0.0,,wait,True,
llm_direct,T1,20,2,2,0,,0,0,,,0,0,0,0,0,0,0,0,0.0,,craft_oak_planks,True,
llm_direct,T2,20,1,0,0,,0,0,,,0,0,0,0,0,0,0,0,0.0,,gather_oak_log,True,
llm_direct,T2,20,1,1,0,,0,0,,,0,0,0,0,0,0,0,0,0.0,,wait,True,
llm_direct,T2,20,1,2,0,,0,0,,,0,0,0,0,0,0,0,0,0.0,,craft_oak_planks,True,
llm_direct,T3,20,1,0,0,,0,0,,,0,0,0,0,0,0,0,0,0.0,,gather_oak_log,True,
llm_direct,T3,20,1,1,0,,0,0,,,0,0,0,0,0,0,0,0,0.0,,craft_oak_planks,True,
llm_direct,T3,20,2,0,0,,0,0,,,0,0,0,0,0,0,0,0,0.0,,gather_birch_log,True,
llm_direct,T3,20,2,1,0,,0,0,,,0,0,0,0,0,0,0,0,0.0,,wait,True,
llm_direct,T3,20,2,2,0,,0,0,,,0,0,0,0,0,0,0,0,0.0,,wait,True,
llm_direct,T3,20,2,3,0,,0,0,,,0,0,0,0,0,0,0,0,0.0,,wait,True,
llm_direct,T3,20,2,4,0,,0,0,,,0,0,0,0,0,0,0,0,0.0,,wait,True,
llm_direct,T3,20,2,5,0,,0,0,,,0,0,0,0,0,0,0,0,0.0,,craft_birch_planks,True,
llm_direct,T4,20,1,0,0,,0,0,,,0,0,0,0,0,0,0,0,0.0,,gather_oak_log,True,
llm_direct,T4,20,1,1,0,,0,0,,,0,0,0,0,0,0,0,0,0.0,,wait,True,
llm_direct,T4,20,1,2,0,,0,0,,,0,0,0,0,0,0,0,0,0.0,,wait,True,
llm_direct,T4,20,1,3,0,,0,0,,,0,0,0,0,0,0,0,0,0.0,,wait,True,
llm_direct,T4,20,1,4,0,,0,0,,,0,0,0,0,0,0,0,0,0.0,,wait,True,
llm_direct,T4,20,1,5,0,,0,0,,,0,0,0,0,0,0,0,0,0.0,,wait,True,
llm_direct,T4,20,1,6,0,,0,0,,,0,0,0,0,0,0,0,0,0.0,,craft_oak_planks,True,
llm_history,T1,1,1,0,0,,0,0,,,0,0,0,0,0,0,0,0,0.0,,wait,True,
llm_history,T1,1,1,1,0,,0,0,,,0,0,0,0,0,0,0,0,0.0,,gather_oak_log,True,
llm_history,T1,1,1,2,0,,0,0,,,0,0,0,0,0,0,0,0,0.0,,craft_oak_planks,True,
llm_history,T1,1,2,0,0,,0,0,,,0,0,0,0,0,0,0,0,0.0,,wait,True,
llm_history,T1,1,2,1,0,,0,0,,,0,0,0,0,0,0,0,0,0.0,,gather_oak_log,True,
llm_history,T1,1,2,2,0,,0,0,,,0,0,0,0,0,0,0,0,0.0,,craft_oak_planks,True,
llm_history,T2,1,1,0,0,,0,0,,,0,0,0,0,0,0,0,0,0.0,,gather_oak_log,True,
llm_history,T2,1,1,1,0,,0,0,,,0,0,0,0,0,0,0,0,0.0,,craft_oak_planks,True,
llm_history,T3,1,1,0,0,,0,0,,,0,0,0,0,0,0,0,0,0.0,,gather_oak_log,True,
llm_history,T3,1,1,1,0,,0,0,,,0,0,0,0,0,0,0,0,0.0,,wait,True,
llm_history,T3,1,1,2,0,,0,0,,,0,0,0,0,0,0,0,0,0.0,,craft_oak_planks,True,
llm_history,T3,1,2,0,0,,0,0,,,0,0,0,0,0,0,0,0,0.0,,gather_birch_log,True,
llm_history,T3,1,2,1,0,,0,0,,,0,0,0,0,0,0,0,0,0.0,,craft_birch_planks,True,
llm_history,T4,1,1,0,0,,0,0,,,0,0,0,0,0,0,0,0,0.0,,wait,True,
llm_history,T4,1,1,1,0,,0,0,,,0,0,0,0,0,0,0,0,0.0,,gather_oak_log,True,
llm_history,T4,1,1,2,0,,0,0,,,0,0,0,0,0,0,0,0,0.0,,craft_oak_planks,True,
llm_history,T1,2,1,0,0,,0,0,,,0,0,0,0,0,0,0,0,0.0,,wait,True,
llm_history,T1,2,1,1,0,,0,0,,,0,0,0,0,0,0,0,0,0.0,,gather_oak_log,True,
llm_history,T1,2,1,2,0,,0,0,,,0,0,0,0,0,0,0,0,0.0,,craft_oak_planks,True,
llm_history,T1,2,2,0,0,,0,0,,,0,0,0,0,0,0,0,0,0.0,,wait,True,
llm_history,T1,2,2,1,0,,0,0,,,0,0,0,0,0,0,0,0,0.0,,gather_oak_log,True,
llm_history,T1,2,2,2,0,,0,0,,,0,0,0,0,0,0,0,0,0.0,,craft_oak_planks,True,
llm_history,T2,2,1,0,0,,0,0,,,0,0,0,0,0,0,0,0,0.0,,gather_oak_log,True,
llm_history,T2,2,1,1,0,,0,0,,,0,0,0,0,0,0,0,0,0.0,,craft_oak_planks,True,
llm_history,T3,2,1,0,0,,0,0,,,0,0,0,0,0,0,0,0,0.0,,gather_oak_log,True,
llm_history,T3,2,1,1,0,,0,0,,,0,0,0,0,0,0,0,0,0.0,,wait,True,
llm_history,T3,2,1,2,0,,0,0,,,0,0,0,0,0,0,0,0,0.0,,craft_oak_planks,True,
llm_history,T3,2,2,0,0,,0,0,,,0,0,0,0,0,0,0,0,0.0,,gather_birch_log,True,
llm_history,T3,2,2,1,0,,0,0,,,0,0,0,0,0,0,0,0,0.0,,wait,True,
llm_history,T3,2,2,2,0,,0,0,,,0,0,0,0,0,0,0,0,0.0,,craft_birch_planks,True,
llm_history,T4,2,1,0,0,,0,0,,,0,0,0,0,0,0,0,0,0.0,,gather_oak_log,True,
llm_history,T4,2,1,1,0,,0,0,,,0,0,0,0,0,0,0,0,0.0,,craft_oak_planks,True,
llm_history,T1,3,1,0,0,,0,0,,,0,0,0,0,0,0,0,0,0.0,,gather_oak_log,True,
llm_history,T1,3,1,1,0,,0,0,,,0,0,0,0,0,0,0,0,0.0,,wait,True,
llm_history,T1,3,1,2,0,,0,0,,,0,0,0,0,0,0,0,0,0.0,,wait,True,
llm_history,T1,3,1,3,0,,0,0,,,0,0,0,0,0,0,0,0,0.0,,craft_oak_planks,True,
llm_history,T1,3,2,0,0,,0,0,,,0,0,0,0,0,0,0,0,0.0,,wait,True,
llm_history,T1,3,2,1,0,,0,0,,,0,0,0,0,0,0,0,0,0.0,,gather_oak_log,True,
llm_history,T1,3,2,2,0,,0,0,,,0,0,0,0,0,0,0,0,0.0,,wait,True,
llm_history,T1,3,2,3,0,,0,0,,,0,0,0,0,0,0,0,0,0.0,,craft_oak_planks,True,
llm_history,T2,3,1,0,0,,0,0,,,0,0,0,0,0,0,0,0,0.0,,gather_oak_log,True,
llm_history,T2,3,1,1,0,,0,0,,,0,0,0,0,0,0,0,0,0.0,,wait,True,
llm_history,T2,3,1,2,0,,0,0,,,0,0,0,0,0,0,0,0,0.0,,craft_oak_planks,True,
llm_history,T3,3,1,0,0,,0,0,,,0,0,0,0,0,0,0,0,0.0,,wait,True,
llm_history,T3,3,1,1,0,,0,0,,,0,0,0,0,0,0,0,0,0.0,,gather_oak_log,True,
llm_history,T3,3,1,2,0,,0,0,,,0,0,0,0,0,0,0,0,0.0,,craft_oak_planks,True,
llm_history,T3,3,2,0,0,,0,0,,,0,0,0,0,0,0,0,0,0.0,,gather_birch_log,True,
llm_history,T3,3,2,1,0,,0,0,,,0,0,0,0,0,0,0,0,0.0,,wait,True,
llm_history,T3,3,2,2,0,,0,0,,,0,0,0,0,0,0,0,0,0.0,,craft_birch_planks,True,
llm_history,T4,3,1,0,0,,0,0,,,0,0,0,0,0,0,0,0,0.0,,wait,True,
llm_history,T4,3,1,1,0,,0,0,,,0,0,0,0,0,0,0,0,0.0,,wait,True,
llm_history,T4,3,1,2,0,,0,0,,,0,0,0,0,0,0,0,0,0.0,,wait,True,
llm_history,T4,3,1,3,0,,0,0,,,0,0,0,0,0,0,0,0,0.0,,wait,True,
llm_history,T4,3,1,4,0,,0,0,,,0,0,0,0,0,0,0,0,0.0,,eat_bread,True,
llm_history,T4,3,1,5,0,,0,0,,,0,0,0,0,0,0,0,0,0.0,,gather_oak_log,True,
llm_history,T4,3,1,6,0,,0,0,,,0,0,0,0,0,0,0,0,0.0,,craft_oak_planks,True,
llm_history,T1,4,1,0,0,,0,0,,,0,0,0,0,0,0,0,0,0.0,,wait,True,
llm_history,T1,4,1,1,0,,0,0,,,0,0,0,0,0,0,0,0,0.0,,gather_oak_log,True,
llm_history,T1,4,1,2,0,,0,0,,,0,0,0,0,0,0,0,0,0.0,,craft_oak_planks,True,
llm_history,T1,4,2,0,0,,0,0,,,0,0,0,0,0,0,0,0,0.0,,wait,True,
llm_history,T1,4,2,1,0,,0,0,,,0,0,0,0,0,0,0,0,0.0,,gather_oak_log,True,
llm_history,T1,4,2,2,0,,0,0,,,0,0,0,0,0,0,0,0,0.0,,craft_oak_planks,True,
llm_history,T2,4,1,0,0,,0,0,,,0,0,0,0,0,0,0,0,0.0,,gather_oak_log,True,
llm_history,T2,4,1,1,0,,0,0,,,0,0,0,0,0,0,0,0,0.0,,wait,True,
llm_history,T2,4,1,2,0,,0,0,,,0,0,0,0,0,0,0,0,0.0,,craft_oak_planks,True,
llm_history,T3,4,1,0,0,,0,0,,,0,0,0,0,0,0,0,0,0.0,,gather_oak_log,True,
llm_history,T3,4,1,1,0,,0,0,,,0,0,0,0,0,0,0,0,0.0,,craft_oak_planks,True,
llm_history,T3,4,2,0,0,,0,0,,,0,0,0,0,0,0,0,0,0.0,,gather_birch_log,True,
llm_history,T3,4,2,1,0,,0,0,,,0,0,0,0,0,0,0,0,0.0,,craft_birch_planks,True,
llm_history,T4,4,1,0,0,,0,0,,,0,0,0,0,0,0,0,0,0.0,,wait,True,
llm_history,T4,4,1,1,0,,0,0,,,0,0,0,0,0,0,0,0,0.0,,wait,True,
llm_history,T4,4,1,2,0,,0,0,,,0,0,0,0,0,0,0,0,0.0,,wait,True,
llm_history,T4,4,1,3,0,,0,0,,,0,0,0,0,0,0,0,0,0.0,,wait,True,
llm_history,T4,4,1,4,0,,0,0,,,0,0,0,0,0,0,0,0,0.0,,wait,True,
llm_history,T4,4,1,5,0,,0,0,,,0,0,0,0,0,0,0,0,0.0,,wait,True,
llm_history,T4,4,1,6,0,,0,0,,,0,0,0,0,0,0,0,0,0.0,,gather_oak_log,True,
llm_history,T4,4,1,7,0,,0,0,,,0,0,0,0,0,0,0,0,0.0,,craft_oak_planks,True,
llm_history,T1,5,1,0,0,,0,0,,,0,0,0,0,0,0,0,0,0.0,,wait,True,
llm_history,T1,5,1,1,0,,0,0,,,0,0,0,0,0,0,0,0,0.0,,gather_oak_log,True,
llm_history,T1,5,1,2,0,,0,0,,,0,0,0,0,0,0,0,0,0.0,,craft_oak_planks,True,
llm_history,T1,5,2,0,0,,0,0,,,0,0,0,0,0,0,0,0,0.0,,wait,True,
llm_history,T1,5,2,1,0,,0,0,,,0,0,0,0,0,0,0,0,0.0,,wait,True,
llm_history,T1,5,2,2,0,,0,0,,,0,0,0,0,0,0,0,0,0.0,,wait,True,
llm_history,T1,5,2,3,0,,0,0,,,0,0,0,0,0,0,0,0,0.0,,wait,True,
llm_history,T1,5,2,4,0,,0,0,,,0,0,0,0,0,0,0,0,0.0,,gather_oak_log,True,
llm_history,T1,5,2,5,0,,0,0,,,0,0,0,0,0,0,0,0,0.0,,craft_oak_planks,True,
llm_history,T2,5,1,0,0,,0,0,,,0,0,0,0,0,0,0,0,0.0,,wait,True,
llm_history,T2,5,1,1,0,,0,0,,,0,0,0,0,0,0,0,0,0.0,,gather_oak_log,True,
llm_history,T2,5,1,2,0,,0,0,,,0,0,0,0,0,0,0,0,0.0,,craft_oak_planks,True,
llm_history,T3,5,1,0,0,,0,0,,,0,0,0,0,0,0,0,0,0.0,,gather_oak_log,True,
llm_history,T3,5,1,1,0,,0,0,,,0,0,0,0,0,0,0,0,0.0,,craft_oak_planks,True,
llm_history,T3,5,2,0,0,,0,0,,,0,0,0,0,0,0,0,0,0.0,,gather_birch_log,True,
llm_history,T3,5,2,1,0,,0,0,,,0,0,0,0,0,0,0,0,0.0,,craft_birch_planks,True,
llm_history,T4,5,1,0,0,,0,0,,,0,0,0,0,0,0,0,0,0.0,,gather_oak_log,True,
llm_history,T4,5,1,1,0,,0,0,,,0,0,0,0,0,0,0,0,0.0,,craft_oak_planks,True,
llm_history,T1,6,1,0,0,,0,0,,,0,0,0,0,0,0,0,0,0.0,,gather_oak_log,True,
llm_history,T1,6,1,1,0,,0,0,,,0,0,0,0,0,0,0,0,0.0,,wait,True,
llm_history,T1,6,1,2,0,,0,0,,,0,0,0,0,0,0,0,0,0.0,,wait,True,
llm_history,T1,6,1,3,0,,0,0,,,0,0,0,0,0,0,0,0,0.0,,craft_oak_planks,True,
llm_history,T1,6,2,0,0,,0,0,,,0,0,0,0,0,0,0,0,0.0,,wait,True,
llm_history,T1,6,2,1,0,,0,0,,,0,0,0,0,0,0,0,0,0.0,,wait,True,
llm_history,T1,6,2,2,0,,0,0,,,0,0,0,0,0,0,0,0,0.0,,wait,True,
llm_history,T1,6,2,3,0,,0,0,,,0,0,0,0,0,0,0,0,0.0,,gather_oak_log,True,
llm_history,T1,6,2,4,0,,0,0,,,0,0,0,0,0,0,0,0,0.0,,gather_oak_log,True,
llm_history,T1,6,2,5,0,,0,0,,,0,0,0,0,0,0,0,0,0.0,,craft_oak_planks,True,
llm_history,T2,6,1,0,0,,0,0,,,0,0,0,0,0,0,0,0,0.0,,gather_oak_log,True,
llm_history,T2,6,1,1,0,,0,0,,,0,0,0,0,0,0,0,0,0.0,,craft_oak_planks,True,
llm_history,T3,6,1,0,0,,0,0,,,0,0,0,0,0,0,0,0,0.0,,wait,True,
llm_history,T3,6,1,1,0,,0,0,,,0,0,0,0,0,0,0,0,0.0,,wait,True,
llm_history,T3,6,1,2,0,,0,0,,,0,0,0,0,0,0,0,0,0.0,,gather_oak_log,True,
llm_history,T3,6,1,3,0,,0,0,,,0,0,0,0,0,0,0,0,0.0,,wait,True,
llm_history,T3,6,1,4,0,,0,0,,,0,0,0,0,0,0,0,0,0.0,,craft_oak_planks,True,
llm_history,T3,6,2,0,0,,0,0,,,0,0,0,0,0,0,0,0,0.0,,gather_birch_log,True,
llm_history,T3,6,2,1,0,,0,0,,,0,0,0,0,0,0,0,0,0.0,,wait,True,
llm_history,T3,6,2,2,0,,0,0,,,0,0,0,0,0,0,0,0,0.0,,craft_birch_planks,True,
llm_history,T4,6,1,0,0,,0,0,,,0,0,0,0,0,0,0,0,0.0,,gather_oak_log,True,
llm_history,T4,6,1,1,0,,0,0,,,0,0,0,0,0,0,0,0,0.0,,wait,True,
llm_history,T4,6,1,2,0,,0,0,,,0,0,0,0,0,0,0,0,0.0,,craft_oak_planks,True,
llm_history,T1,7,1,0,0,,0,0,,,0,0,0,0,0,0,0,0,0.0,,wait,True,
llm_history,T1,7,1,1,0,,0,0,,,0,0,0,0,0,0,0,0,0.0,,gather_oak_log,True,
llm_history,T1,7,1,2,0,,0,0,,,0,0,0,0,0,0,0,0,0.0,,craft_oak_planks,True,
llm_history,T1,7,2,0,0,,0,0,,,0,0,0,0,0,0,0,0,0.0,,wait,True,
llm_history,T1,7,2,1,0,,0,0,,,0,0,0,0,0,0,0,0,0.0,,wait,True,
llm_history,T1,7,2,2,0,,0,0,,,0,0,0,0,0,0,0,0,0.0,,gather_oak_log,True,
llm_history,T1,7,2,3,0,,0,0,,,0,0,0,0,0,0,0,0,0.0,,craft_oak_planks,True,
llm_history,T2,7,1,0,0,,0,0,,,0,0,0,0,0,0,0,0,0.0,,gather_oak_log,True,
llm_history,T2,7,1,1,0,,0,0,,,0,0,0,0,0,0,0,0,0.0,,craft_oak_planks,True,
llm_history,T3,7,1,0,0,,0,0,,,0,0,0,0,0,0,0,0,0.0,,wait,True,
llm_history,T3,7,1,1,0,,0,0,,,0,0,0,0,0,0,0,0,0.0,,wait,True,
llm_history,T3,7,1,2,0,,0,0,,,0,0,0,0,0,0,0,0,0.0,,gather_oak_log,True,
llm_history,T3,7,1,3,0,,0,0,,,0,0,0,0,0,0,0,0,0.0,,craft_oak_planks,True,
llm_history,T3,7,2,0,0,,0,0,,,0,0,0,0,0,0,0,0,0.0,,gather_birch_log,True,
llm_history,T3,7,2,1,0,,0,0,,,0,0,0,0,0,0,0,0,0.0,,craft_birch_planks,True,
llm_history,T4,7,1,0,0,,0,0,,,0,0,0,0,0,0,0,0,0.0,,gather_oak_log,True,
llm_history,T4,7,1,1,0,,0,0,,,0,0,0,0,0,0,0,0,0.0,,craft_oak_planks,True,
llm_history,T1,8,1,0,0,,0,0,,,0,0,0,0,0,0,0,0,0.0,,gather_oak_log,True,
llm_history,T1,8,1,1,0,,0,0,,,0,0,0,0,0,0,0,0,0.0,,craft_oak_planks,True,
llm_history,T1,8,2,0,0,,0,0,,,0,0,0,0,0,0,0,0,0.0,,wait,True,
llm_history,T1,8,2,1,0,,0,0,,,0,0,0,0,0,0,0,0,0.0,,gather_oak_log,True,
llm_history,T1,8,2,2,0,,0,0,,,0,0,0,0,0,0,0,0,0.0,,craft_oak_planks,True,
llm_history,T2,8,1,0,0,,0,0,,,0,0,0,0,0,0,0,0,0.0,,gather_oak_log,True,
llm_history,T2,8,1,1,0,,0,0,,,0,0,0,0,0,0,0,0,0.0,,craft_oak_planks,True,
llm_history,T3,8,1,0,0,,0,0,,,0,0,0,0,0,0,0,0,0.0,,gather_oak_log,True,
llm_history,T3,8,1,1,0,,0,0,,,0,0,0,0,0,0,0,0,0.0,,craft_oak_planks,True,
llm_history,T3,8,2,0,0,,0,0,,,0,0,0,0,0,0,0,0,0.0,,wait,True,
llm_history,T3,8,2,1,0,,0,0,,,0,0,0,0,0,0,0,0,0.0,,gather_birch_log,True,
llm_history,T3,8,2,2,0,,0,0,,,0,0,0,0,0,0,0,0,0.0,,wait,True,
llm_history,T3,8,2,3,0,,0,0,,,0,0,0,0,0,0,0,0,0.0,,wait,True,
llm_history,T3,8,2,4,0,,0,0,,,0,0,0,0,0,0,0,0,0.0,,craft_birch_planks,True,
llm_history,T4,8,1,0,0,,0,0,,,0,0,0,0,0,0,0,0,0.0,,wait,True,
llm_history,T4,8,1,1,0,,0,0,,,0,0,0,0,0,0,0,0,0.0,,gather_oak_log,True,
llm_history,T4,8,1,2,0,,0,0,,,0,0,0,0,0,0,0,0,0.0,,craft_oak_planks,True,
llm_history,T1,9,1,0,0,,0,0,,,0,0,0,0,0,0,0,0,0.0,,gather_oak_log,True,
llm_history,T1,9,1,1,0,,0,0,,,0,0,0,0,0,0,0,0,0.0,,wait,True,
llm_history,T1,9,1,2,0,,0,0,,,0,0,0,0,0,0,0,0,0.0,,craft_oak_planks,True,
llm_history,T1,9,2,0,0,,0,0,,,0,0,0,0,0,0,0,0,0.0,,wait,True,
llm_history,T1,9,2,1,0,,0,0,,,0,0,0,0,0,0,0,0,0.0,,gather_oak_log,True,
llm_history,T1,9,2,2,0,,0,0,,,0,0,0,0,0,0,0,0,0.0,,wait,True,
llm_history,T1,9,2,3,0,,0,0,,,0,0,0,0,0,0,0,0,0.0,,wait,True,
llm_history,T1,9,2,4,0,,0,0,,,0,0,0,0,0,0,0,0,0.0,,craft_oak_planks,True,
llm_history,T2,9,1,0,0,,0,0,,,0,0,0,0,0,0,0,0,0.0,,gather_oak_log,True,
llm_history,T2,9,1,1,0,,0,0,,,0,0,0,0,0,0,0,0,0.0,,craft_oak_planks,True,
llm_history,T3,9,1,0,0,,0,0,,,0,0,0,0,0,0,0,0,0.0,,gather_oak_log,True,
llm_history,T3,9,1,1,0,,0,0,,,0,0,0,0,0,0,0,0,0.0,,craft_oak_planks,True,
llm_history,T3,9,2,0,0,,0,0,,,0,0,0,0,0,0,0,0,0.0,,gather_birch_log,True,
llm_history,T3,9,2,1,0,,0,0,,,0,0,0,0,0,0,0,0,0.0,,craft_birch_planks,True,
llm_history,T4,9,1,0,0,,0,0,,,0,0,0,0,0,0,0,0,0.0,,wait,True,
llm_history,T4,9,1,1,0,,0,0,,,0,0,0,0,0,0,0,0,0.0,,wait,True,
llm_history,T4,9,1,2,0,,0,0,,,0,0,0,0,0,0,0,0,0.0,,wait,True,
llm_history,T4,9,1,3,0,,0,0,,,0,0,0,0,0,0,0,0,0.0,,eat_bread,True,
llm_history,T4,9,1,4,0,,0,0,,,0,0,0,0,0,0,0,0,0.0,,gather_oak_log,True,
llm_history,T4,9,1,5,0,,0,0,,,0,0,0,0,0,0,0,0,0.0,,wait,True,
llm_history,T4,9,1,6,0,,0,0,,,0,0,0,0,0,0,0,0,0.0,,craft_oak_planks,True,
llm_history,T1,10,1,0,0,,0,0,,,0,0,0,0,0,0,0,0,0.0,,gather_oak_log,True,
llm_history,T1,10,1,1,0,,0,0,,,0,0,0,0,0,0,0,0,0.0,,wait,True,
llm_history,T1,10,1,2,0,,0,0,,,0,0,0,0,0,0,0,0,0.0,,craft_oak_planks,True,
llm_history,T1,10,2,0,0,,0,0,,,0,0,0,0,0,0,0,0,0.0,,wait,True,
llm_history,T1,10,2,1,0,,0,0,,,0,0,0,0,0,0,0,0,0.0,,wait,True,
llm_history,T1,10,2,2,0,,0,0,,,0,0,0,0,0,0,0,0,0.0,,wait,True,
llm_history,T1,10,2,3,0,,0,0,,,0,0,0,0,0,0,0,0,0.0,,gather_oak_log,True,
llm_history,T1,10,2,4,0,,0,0,,,0,0,0,0,0,0,0,0,0.0,,wait,True,
llm_history,T1,10,2,5,0,,0,0,,,0,0,0,0,0,0,0,0,0.0,,craft_oak_planks,True,
llm_history,T2,10,1,0,0,,0,0,,,0,0,0,0,0,0,0,0,0.0,,gather_oak_log,True,
llm_history,T2,10,1,1,0,,0,0,,,0,0,0,0,0,0,0,0,0.0,,craft_oak_planks,True,
llm_history,T3,10,1,0,0,,0,0,,,0,0,0,0,0,0,0,0,0.0,,gather_oak_log,True,
llm_history,T3,10,1,1,0,,0,0,,,0,0,0,0,0,0,0,0,0.0,,craft_oak_planks,True,
llm_history,T3,10,2,0,0,,0,0,,,0,0,0,0,0,0,0,0,0.0,,gather_birch_log,True,
llm_history,T3,10,2,1,0,,0,0,,,0,0,0,0,0,0,0,0,0.0,,craft_birch_planks,True,
llm_history,T4,10,1,0,0,,0,0,,,0,0,0,0,0,0,0,0,0.0,,wait,True,
llm_history,T4,10,1,1,0,,0,0,,,0,0,0,0,0,0,0,0,0.0,,wait,True,
llm_history,T4,10,1,2,0,,0,0,,,0,0,0,0,0,0,0,0,0.0,,wait,True,
llm_history,T4,10,1,3,0,,0,0,,,0,0,0,0,0,0,0,0,0.0,,eat_bread,True,
llm_history,T4,10,1,4,0,,0,0,,,0,0,0,0,0,0,0,0,0.0,,wait,True,
llm_history,T4,10,1,5,0,,0,0,,,0,0,0,0,0,0,0,0,0.0,,wait,True,
llm_history,T4,10,1,6,0,,0,0,,,0,0,0,0,0,0,0,0,0.0,,gather_oak_log,True,
llm_history,T4,10,1,7,0,,0,0,,,0,0,0,0,0,0,0,0,0.0,,craft_oak_planks,True,
llm_history,T1,11,1,0,0,,0,0,,,0,0,0,0,0,0,0,0,0.0,,gather_oak_log,True,
llm_history,T1,11,1,1,0,,0,0,,,0,0,0,0,0,0,0,0,0.0,,wait,True,
llm_history,T1,11,1,2,0,,0,0,,,0,0,0,0,0,0,0,0,0.0,,craft_oak_planks,True,
llm_history,T1,11,2,0,0,,0,0,,,0,0,0,0,0,0,0,0,0.0,,wait,True,
llm_history,T1,11,2,1,0,,0,0,,,0,0,0,0,0,0,0,0,0.0,,wait,True,
llm_history,T1,11,2,2,0,,0,0,,,0,0,0,0,0,0,0,0,0.0,,wait,True,
llm_history,T1,11,2,3,0,,0,0,,,0,0,0,0,0,0,0,0,0.0,,gather_oak_log,True,
llm_history,T1,11,2,4,0,,0,0,,,0,0,0,0,0,0,0,0,0.0,,craft_oak_planks,True,
llm_history,T2,11,1,0,0,,0,0,,,0,0,0,0,0,0,0,0,0.0,,gather_oak_log,True,
llm_history,T2,11,1,1,0,,0,0,,,0,0,0,0,0,0,0,0,0.0,,craft_oak_planks,True,
llm_history,T3,11,1,0,0,,0,0,,,0,0,0,0,0,0,0,0,0.0,,wait,True,
llm_history,T3,11,1,1,0,,0,0,,,0,0,0,0,0,0,0,0,0.0,,gather_oak_log,True,
llm_history,T3,11,1,2,0,,0,0,,,0,0,0,0,0,0,0,0,0.0,,craft_oak_planks,True,
llm_history,T3,11,2,0,0,,0,0,,,0,0,0,0,0,0,0,0,0.0,,gather_birch_log,True,
llm_history,T3,11,2,1,0,,0,0,,,0,0,0,0,0,0,0,0,0.0,,craft_birch_planks,True,
llm_history,T4,11,1,0,0,,0,0,,,0,0,0,0,0,0,0,0,0.0,,wait,True,
llm_history,T4,11,1,1,0,,0,0,,,0,0,0,0,0,0,0,0,0.0,,wait,True,
llm_history,T4,11,1,2,0,,0,0,,,0,0,0,0,0,0,0,0,0.0,,wait,True,
llm_history,T4,11,1,3,0,,0,0,,,0,0,0,0,0,0,0,0,0.0,,eat_bread,True,
llm_history,T4,11,1,4,0,,0,0,,,0,0,0,0,0,0,0,0,0.0,,gather_oak_log,True,
llm_history,T4,11,1,5,0,,0,0,,,0,0,0,0,0,0,0,0,0.0,,craft_oak_planks,True,
llm_history,T1,12,1,0,0,,0,0,,,0,0,0,0,0,0,0,0,0.0,,wait,True,
llm_history,T1,12,1,1,0,,0,0,,,0,0,0,0,0,0,0,0,0.0,,wait,True,
llm_history,T1,12,1,2,0,,0,0,,,0,0,0,0,0,0,0,0,0.0,,gather_oak_log,True,
llm_history,T1,12,1,3,0,,0,0,,,0,0,0,0,0,0,0,0,0.0,,craft_oak_planks,True,
llm_history,T1,12,2,0,0,,0,0,,,0,0,0,0,0,0,0,0,0.0,,wait,True,
llm_history,T1,12,2,1,0,,0,0,,,0,0,0,0,0,0,0,0,0.0,,wait,True,
llm_history,T1,12,2,2,0,,0,0,,,0,0,0,0,0,0,0,0,0.0,,gather_oak_log,True,
llm_history,T1,12,2,3,0,,0,0,,,0,0,0,0,0,0,0,0,0.0,,craft_oak_planks,True,
llm_history,T2,12,1,0,0,,0,0,,,0,0,0,0,0,0,0,0,0.0,,gather_oak_log,True,
llm_history,T2,12,1,1,0,,0,0,,,0,0,0,0,0,0,0,0,0.0,,craft_oak_planks,True,
llm_history,T3,12,1,0,0,,0,0,,,0,0,0,0,0,0,0,0,0.0,,gather_oak_log,True,
llm_history,T3,12,1,1,0,,0,0,,,0,0,0,0,0,0,0,0,0.0,,wait,True,
llm_history,T3,12,1,2,0,,0,0,,,0,0,0,0,0,0,0,0,0.0,,craft_oak_planks,True,
llm_history,T3,12,2,0,0,,0,0,,,0,0,0,0,0,0,0,0,0.0,,gather_birch_log,True,
llm_history,T3,12,2,1,0,,0,0,,,0,0,0,0,0,0,0,0,0.0,,craft_birch_planks,True,
llm_history,T4,12,1,0,0,,0,0,,,0,0,0,0,0,0,0,0,0.0,,wait,True,
llm_history,T4,12,1,1,0,,0,0,,,0,0,0,0,0,0,0,0,0.0,,wait,True,
llm_history,T4,12,1,2,0,,0,0,,,0,0,0,0,0,0,0,0,0.0,,wait,True,
llm_history,T4,12,1,3,0,,0,0,,,0,0,0,0,0,0,0,0,0.0,,eat_bread,True,
llm_history,T4,12,1,4,0,,0,0,,,0,0,0,0,0,0,0,0,0.0,,wait,True,
llm_history,T4,12,1,5,0,,0,0,,,0,0,0,0,0,0,0,0,0.0,,gather_oak_log,True,
llm_history,T4,12,1,6,0,,0,0,,,0,0,0,0,0,0,0,0,0.0,,craft_oak_planks,True,
llm_history,T1,13,1,0,0,,0,0,,,0,0,0,0,0,0,0,0,0.0,,gather_oak_log,True,
llm_history,T1,13,1,1,0,,0,0,,,0,0,0,0,0,0,0,0,0.0,,wait,True,
llm_history,T1,13,1,2,0,,0,0,,,0,0,0,0,0,0,0,0,0.0,,craft_oak_planks,True,
llm_history,T1,13,2,0,0,,0,0,,,0,0,0,0,0,0,0,0,0.0,,wait,True,
llm_history,T1,13,2,1,0,,0,0,,,0,0,0,0,0,0,0,0,0.0,,gather_oak_log,True,
llm_history,T1,13,2,2,0,,0,0,,,0,0,0,0,0,0,0,0,0.0,,wait,True,
llm_history,T1,13,2,3,0,,0,0,,,0,0,0,0,0,0,0,0,0.0,,craft_oak_planks,True,
llm_history,T2,13,1,0,0,,0,0,,,0,0,0,0,0,0,0,0,0.0,,gather_oak_log,True,
llm_history,T2,13,1,1,0,,0,0,,,0,0,0,0,0,0,0,0,0.0,,craft_oak_planks,True,
llm_history,T3,13,1,0,0,,0,0,,,0,0,0,0,0,0,0,0,0.0,,wait,True,
llm_history,T3,13,1,1,0,,0,0,,,0,0,0,0,0,0,0,0,0.0,,gather_oak_log,True,
llm_history,T3,13,1,2,0,,0,0,,,0,0,0,0,0,0,0,0,0.0,,wait,True,
llm_history,T3,13,1,3,0,,0,0,,,0,0,0,0,0,0,0,0,0.0,,craft_oak_planks,True,
llm_history,T3,13,2,0,0,,0,0,,,0,0,0,0,0,0,0,0,0.0,,gather_birch_log,True,
llm_history,T3,13,2,1,0,,0,0,,,0,0,0,0,0,0,0,0,0.0,,wait,True,
llm_history,T3,13,2,2,0,,0,0,,,0,0,0,0,0,0,0,0,0.0,,craft_birch_planks,True,
llm_history,T4,13,1,0,0,,0,0,,,0,0,0,0,0,0,0,0,0.0,,gather_oak_log,True,
llm_history,T4,13,1,1,0,,0,0,,,0,0,0,0,0,0,0,0,0.0,,craft_oak_planks,True,
llm_history,T1,14,1,0,0,,0,0,,,0,0,0,0,0,0,0,0,0.0,,wait,True,
llm_history,T1,14,1,1,0,,0,0,,,0,0,0,0,0,0,0,0,0.0,,gather_oak_log,True,
llm_history,T1,14,1,2,0,,0,0,,,0,0,0,0,0,0,0,0,0.0,,craft_oak_planks,True,
llm_history,T1,14,2,0,0,,0,0,,,0,0,0,0,0,0,0,0,0.0,,wait,True,
llm_history,T1,14,2,1,0,,0,0,,,0,0,0,0,0,0,0,0,0.0,,gather_oak_log,True,
llm_history,T1,14,2,2,0,,0,0,,,0,0,0,0,0,0,0,0,0.0,,wait,True,
llm_history,T1,14,2,3,0,,0,0,,,0,0,0,0,0,0,0,0,0.0,,craft_oak_planks,True,
llm_history,T2,14,1,0,0,,0,0,,,0,0,0,0,0,0,0,0,0.0,,gather_oak_log,True,
llm_history,T2,14,1,1,0,,0,0,,,0,0,0,0,0,0,0,0,0.0,,craft_oak_planks,True,
llm_history,T3,14,1,0,0,,0,0,,,0,0,0,0,0,0,0,0,0.0,,gather_oak_log,True,
llm_history,T3,14,1,1,0,,0,0,,,0,0,0,0,0,0,0,0,0.0,,craft_oak_planks,True,
llm_history,T3,14,2,0,0,,0,0,,,0,0,0,0,0,0,0,0,0.0,,wait,True,
llm_history,T3,14,2,1,0,,0,0,,,0,0,0,0,0,0,0,0,0.0,,gather_birch_log,True,
llm_history,T3,14,2,2,0,,0,0,,,0,0,0,0,0,0,0,0,0.0,,wait,True,
llm_history,T3,14,2,3,0,,0,0,,,0,0,0,0,0,0,0,0,0.0,,wait,True,
llm_history,T3,14,2,4,0,,0,0,,,0,0,0,0,0,0,0,0,0.0,,wait,True,
llm_history,T3,14,2,5,0,,0,0,,,0,0,0,0,0,0,0,0,0.0,,wait,True,
llm_history,T3,14,2,6,0,,0,0,,,0,0,0,0,0,0,0,0,0.0,,craft_birch_planks,True,
llm_history,T4,14,1,0,0,,0,0,,,0,0,0,0,0,0,0,0,0.0,,wait,True,
llm_history,T4,14,1,1,0,,0,0,,,0,0,0,0,0,0,0,0,0.0,,wait,True,
llm_history,T4,14,1,2,0,,0,0,,,0,0,0,0,0,0,0,0,0.0,,wait,True,
llm_history,T4,14,1,3,0,,0,0,,,0,0,0,0,0,0,0,0,0.0,,eat_bread,True,
llm_history,T4,14,1,4,0,,0,0,,,0,0,0,0,0,0,0,0,0.0,,gather_oak_log,True,
llm_history,T4,14,1,5,0,,0,0,,,0,0,0,0,0,0,0,0,0.0,,craft_oak_planks,True,
llm_history,T1,15,1,0,0,,0,0,,,0,0,0,0,0,0,0,0,0.0,,gather_oak_log,True,
llm_history,T1,15,1,1,0,,0,0,,,0,0,0,0,0,0,0,0,0.0,,wait,True,
llm_history,T1,15,1,2,0,,0,0,,,0,0,0,0,0,0,0,0,0.0,,craft_oak_planks,True,
llm_history,T1,15,2,0,0,,0,0,,,0,0,0,0,0,0,0,0,0.0,,wait,True,
llm_history,T1,15,2,1,0,,0,0,,,0,0,0,0,0,0,0,0,0.0,,gather_oak_log,True,
llm_history,T1,15,2,2,0,,0,0,,,0,0,0,0,0,0,0,0,0.0,,wait,True,
llm_history,T1,15,2,3,0,,0,0,,,0,0,0,0,0,0,0,0,0.0,,wait,True,
llm_history,T1,15,2,4,0,,0,0,,,0,0,0,0,0,0,0,0,0.0,,craft_oak_planks,True,
llm_history,T2,15,1,0,0,,0,0,,,0,0,0,0,0,0,0,0,0.0,,gather_oak_log,True,
llm_history,T2,15,1,1,0,,0,0,,,0,0,0,0,0,0,0,0,0.0,,craft_oak_planks,True,
llm_history,T3,15,1,0,0,,0,0,,,0,0,0,0,0,0,0,0,0.0,,wait,True,
llm_history,T3,15,1,1,0,,0,0,,,0,0,0,0,0,0,0,0,0.0,,gather_oak_log,True,
llm_history,T3,15,1,2,0,,0,0,,,0,0,0,0,0,0,0,0,0.0,,craft_oak_planks,True,
llm_history,T3,15,2,0,0,,0,0,,,0,0,0,0,0,0,0,0,0.0,,gather_birch_log,True,
llm_history,T3,15,2,1,0,,0,0,,,0,0,0,0,0,0,0,0,0.0,,wait,True,
llm_history,T3,15,2,2,0,,0,0,,,0,0,0,0,0,0,0,0,0.0,,wait,True,
llm_history,T3,15,2,3,0,,0,0,,,0,0,0,0,0,0,0,0,0.0,,craft_birch_planks,True,
llm_history,T4,15,1,0,0,,0,0,,,0,0,0,0,0,0,0,0,0.0,,gather_oak_log,True,
llm_history,T4,15,1,1,0,,0,0,,,0,0,0,0,0,0,0,0,0.0,,wait,True,
llm_history,T4,15,1,2,0,,0,0,,,0,0,0,0,0,0,0,0,0.0,,wait,True,
llm_history,T4,15,1,3,0,,0,0,,,0,0,0,0,0,0,0,0,0.0,,eat_bread,True,
llm_history,T4,15,1,4,0,,0,0,,,0,0,0,0,0,0,0,0,0.0,,craft_oak_planks,True,
llm_history,T1,16,1,0,0,,0,0,,,0,0,0,0,0,0,0,0,0.0,,wait,True,
llm_history,T1,16,1,1,0,,0,0,,,0,0,0,0,0,0,0,0,0.0,,wait,True,
llm_history,T1,16,1,2,0,,0,0,,,0,0,0,0,0,0,0,0,0.0,,gather_oak_log,True,
llm_history,T1,16,1,3,0,,0,0,,,0,0,0,0,0,0,0,0,0.0,,craft_oak_planks,True,
llm_history,T1,16,2,0,0,,0,0,,,0,0,0,0,0,0,0,0,0.0,,wait,True,
llm_history,T1,16,2,1,0,,0,0,,,0,0,0,0,0,0,0,0,0.0,,wait,True,
llm_history,T1,16,2,2,0,,0,0,,,0,0,0,0,0,0,0,0,0.0,,gather_oak_log,True,
llm_history,T1,16,2,3,0,,0,0,,,0,0,0,0,0,0,0,0,0.0,,wait,True,
llm_history,T1,16,2,4,0,,0,0,,,0,0,0,0,0,0,0,0,0.0,,craft_oak_planks,True,
llm_history,T2,16,1,0,0,,0,0,,,0,0,0,0,0,0,0,0,0.0,,gather_oak_log,True,
llm_history,T2,16,1,1,0,,0,0,,,0,0,0,0,0,0,0,0,0.0,,craft_oak_planks,True,
llm_history,T3,16,1,0,0,,0,0,,,0,0,0,0,0,0,0,0,0.0,,gather_oak_log,True,
llm_history,T3,16,1,1,0,,0,0,,,0,0,0,0,0,0,0,0,0.0,,craft_oak_planks,True,
llm_history,T3,16,2,0,0,,0,0,,,0,0,0,0,0,0,0,0,0.0,,wait,True,
llm_history,T3,16,2,1,0,,0,0,,,0,0,0,0,0,0,0,0,0.0,,wait,True,
llm_history,T3,16,2,2,0,,0,0,,,0,0,0,0,0,0,0,0,0.0,,gather_birch_log,True,
llm_history,T3,16,2,3,0,,0,0,,,0,0,0,0,0,0,0,0,0.0,,wait,True,
llm_history,T3,16,2,4,0,,0,0,,,0,0,0,0,0,0,0,0,0.0,,wait,True,
llm_history,T3,16,2,5,0,,0,0,,,0,0,0,0,0,0,0,0,0.0,,craft_birch_planks,True,
llm_history,T4,16,1,0,0,,0,0,,,0,0,0,0,0,0,0,0,0.0,,wait,True,
llm_history,T4,16,1,1,0,,0,0,,,0,0,0,0,0,0,0,0,0.0,,gather_oak_log,True,
llm_history,T4,16,1,2,0,,0,0,,,0,0,0,0,0,0,0,0,0.0,,craft_oak_planks,True,
llm_history,T1,17,1,0,0,,0,0,,,0,0,0,0,0,0,0,0,0.0,,gather_oak_log,True,
llm_history,T1,17,1,1,0,,0,0,,,0,0,0,0,0,0,0,0,0.0,,wait,True,
llm_history,T1,17,1,2,0,,0,0,,,0,0,0,0,0,0,0,0,0.0,,craft_oak_planks,True,
llm_history,T1,17,2,0,0,,0,0,,,0,0,0,0,0,0,0,0,0.0,,wait,True,
llm_history,T1,17,2,1,0,,0,0,,,0,0,0,0,0,0,0,0,0.0,,wait,True,
llm_history,T1,17,2,2,0,,0,0,,,0,0,0,0,0,0,0,0,0.0,,wait,True,
llm_history,T1,17,2,3,0,,0,0,,,0,0,0,0,0,0,0,0,0.0,,wait,True,
llm_history,T1,17,2,4,0,,0,0,,,0,0,0,0,0,0,0,0,0.0,,gather_oak_log,True,
llm_history,T1,17,2,5,0,,0,0,,,0,0,0,0,0,0,0,0,0.0,,gather_oak_log,True,
llm_history,T1,17,2,6,0,,0,0,,,0,0,0,0,0,0,0,0,0.0,,craft_oak_planks,True,
llm_history,T2,17,1,0,0,,0,0,,,0,0,0,0,0,0,0,0,0.0,,gather_oak_log,True,
llm_history,T2,17,1,1,0,,0,0,,,0,0,0,0,0,0,0,0,0.0,,craft_oak_planks,True,
llm_history,T3,17,1,0,0,,0,0,,,0,0,0,0,0,0,0,0,0.0,,gather_oak_log,True,
llm_history,T3,17,1,1,0,,0,0,,,0,0,0,0,0,0,0,0,0.0,,wait,True,
llm_history,T3,17,1,2,0,,0,0,,,0,0,0,0,0,0,0,0,0.0,,wait,True,
llm_history,T3,17,1,3,0,,0,0,,,0,0,0,0,0,0,0,0,0.0,,craft_oak_planks,True,
llm_history,T3,17,2,0,0,,0,0,,,0,0,0,0,0,0,0,0,0.0,,gather_birch_log,True,
llm_history,T3,17,2,1,0,,0,0,,,0,0,0,0,0,0,0,0,0.0,,craft_birch_planks,True,
llm_history,T4,17,1,0,0,,0,0,,,0,0,0,0,0,0,0,0,0.0,,wait,True,
llm_history,T4,17,1,1,0,,0,0,,,0,0,0,0,0,0,0,0,0.0,,gather_oak_log,True,
llm_history,T4,17,1,2,0,,0,0,,,0,0,0,0,0,0,0,0,0.0,,wait,True,
llm_history,T4,17,1,3,0,,0,0,,,0,0,0,0,0,0,0,0,0.0,,eat_bread,True,
llm_history,T4,17,1,4,0,,0,0,,,0,0,0,0,0,0,0,0,0.0,,wait,True,
llm_history,T4,17,1,5,0,,0,0,,,0,0,0,0,0,0,0,0,0.0,,craft_oak_planks,True,
llm_history,T1,18,1,0,0,,0,0,,,0,0,0,0,0,0,0,0,0.0,,wait,True,
llm_history,T1,18,1,1,0,,0,0,,,0,0,0,0,0,0,0,0,0.0,,gather_oak_log,True,
llm_history,T1,18,1,2,0,,0,0,,,0,0,0,0,0,0,0,0,0.0,,craft_oak_planks,True,
llm_history,T1,18,2,0,0,,0,0,,,0,0,0,0,0,0,0,0,0.0,,wait,True,
llm_history,T1,18,2,1,0,,0,0,,,0,0,0,0,0,0,0,0,0.0,,gather_oak_log,True,
llm_history,T1,18,2,2,0,,0,0,,,0,0,0,0,0,0,0,0,0.0,,craft_oak_planks,True,
llm_history,T2,18,1,0,0,,0,0,,,0,0,0,0,0,0,0,0,0.0,,gather_oak_log,True,
llm_history,T2,18,1,1,0,,0,0,,,0,0,0,0,0,0,0,0,0.0,,craft_oak_planks,True,
llm_history,T3,18,1,0,0,,0,0,,,0,0,0,0,0,0,0,0,0.0,,wait,True,
llm_history,T3,18,1,1,0,,0,0,,,0,0,0,0,0,0,0,0,0.0,,gather_oak_log,True,
llm_history,T3,18,1,2,0,,0,0,,,0,0,0,0,0,0,0,0,0.0,,craft_oak_planks,True,
llm_history,T3,18,2,0,0,,0,0,,,0,0,0,0,0,0,0,0,0.0,,gather_birch_log,True,
llm_history,T3,18,2,1,0,,0,0,,,0,0,0,0,0,0,0,0,0.0,,craft_birch_planks,True,
llm_history,T4,18,1,0,0,,0,0,,,0,0,0,0,0,0,0,0,0.0,,gather_oak_log,True,
llm_history,T4,18,1,1,0,,0,0,,,0,0,0,0,0,0,0,0,0.0,,craft_oak_planks,True,
llm_history,T1,19,1,0,0,,0,0,,,0,0,0,0,0,0,0,0,0.0,,gather_oak_log,True,
llm_history,T1,19,1,1,0,,0,0,,,0,0,0,0,0,0,0,0,0.0,,craft_oak_planks,True,
llm_history,T1,19,2,0,0,,0,0,,,0,0,0,0,0,0,0,0,0.0,,wait,True,
llm_history,T1,19,2,1,0,,0,0,,,0,0,0,0,0,0,0,0,0.0,,gather_oak_log,True,
llm_history,T1,19,2,2,0,,0,0,,,0,0,0,0,0,0,0,0,0.0,,wait,True,
llm_history,T1,19,2,3,0,,0,0,,,0,0,0,0,0,0,0,0,0.0,,craft_oak_planks,True,
llm_history,T2,19,1,0,0,,0,0,,,0,0,0,0,0,0,0,0,0.0,,gather_oak_log,True,
llm_history,T2,19,1,1,0,,0,0,,,0,0,0,0,0,0,0,0,0.0,,craft_oak_planks,True,
llm_history,T3,19,1,0,0,,0,0,,,0,0,0,0,0,0,0,0,0.0,,gather_oak_log,True,
llm_history,T3,19,1,1,0,,0,0,,,0,0,0,0,0,0,0,0,0.0,,wait,True,
llm_history,T3,19,1,2,0,,0,0,,,0,0,0,0,0,0,0,0,0.0,,craft_oak_planks,True,
llm_history,T3,19,2,0,0,,0,0,,,0,0,0,0,0,0,0,0,0.0,,gather_birch_log,True,
llm_history,T3,19,2,1,0,,0,0,,,0,0,0,0,0,0,0,0,0.0,,craft_birch_planks,True,
llm_history,T4,19,1,0,0,,0,0,,,0,0,0,0,0,0,0,0,0.0,,wait,True,
llm_history,T4,19,1,1,0,,0,0,,,0,0,0,0,0,0,0,0,0.0,,wait,True,
llm_history,T4,19,1,2,0,,0,0,,,0,0,0,0,0,0,0,0,0.0,,wait,True,
llm_history,T4,19,1,3,0,,0,0,,,0,0,0,0,0,0,0,0,0.0,,eat_bread,True,
llm_history,T4,19,1,4,0,,0,0,,,0,0,0,0,0,0,0,0,0.0,,wait,True,
llm_history,T4,19,1,5,0,,0,0,,,0,0,0,0,0,0,0,0,0.0,,gather_oak_log,True,
llm_history,T4,19,1,6,0,,0,0,,,0,0,0,0,0,0,0,0,0.0,,wait,True,
llm_history,T4,19,1,7,0,,0,0,,,0,0,0,0,0,0,0,0,0.0,,craft_oak_planks,True,
llm_history,T1,20,1,0,0,,0,0,,,0,0,0,0,0,0,0,0,0.0,,gather_oak_log,True,
llm_history,T1,20,1,1,0,,0,0,,,0,0,0,0,0,0,0,0,0.0,,wait,True,
llm_history,T1,20,1,2,0,,0,0,,,0,0,0,0,0,0,0,0,0.0,,wait,True,
llm_history,T1,20,1,3,0,,0,0,,,0,0,0,0,0,0,0,0,0.0,,craft_oak_planks,True,
llm_history,T1,20,2,0,0,,0,0,,,0,0,0,0,0,0,0,0,0.0,,wait,True,
llm_history,T1,20,2,1,0,,0,0,,,0,0,0,0,0,0,0,0,0.0,,gather_oak_log,True,
llm_history,T1,20,2,2,0,,0,0,,,0,0,0,0,0,0,0,0,0.0,,gather_oak_log,True,
llm_history,T1,20,2,3,0,,0,0,,,0,0,0,0,0,0,0,0,0.0,,wait,True,
llm_history,T1,20,2,4,0,,0,0,,,0,0,0,0,0,0,0,0,0.0,,wait,True,
llm_history,T1,20,2,5,0,,0,0,,,0,0,0,0,0,0,0,0,0.0,,craft_oak_planks,True,
llm_history,T2,20,1,0,0,,0,0,,,0,0,0,0,0,0,0,0,0.0,,gather_oak_log,True,
llm_history,T2,20,1,1,0,,0,0,,,0,0,0,0,0,0,0,0,0.0,,wait,True,
llm_history,T2,20,1,2,0,,0,0,,,0,0,0,0,0,0,0,0,0.0,,craft_oak_planks,True,
llm_history,T3,20,1,0,0,,0,0,,,0,0,0,0,0,0,0,0,0.0,,gather_oak_log,True,
llm_history,T3,20,1,1,0,,0,0,,,0,0,0,0,0,0,0,0,0.0,,wait,True,
llm_history,T3,20,1,2,0,,0,0,,,0,0,0,0,0,0,0,0,0.0,,craft_oak_planks,True,
llm_history,T3,20,2,0,0,,0,0,,,0,0,0,0,0,0,0,0,0.0,,gather_birch_log,True,
llm_history,T3,20,2,1,0,,0,0,,,0,0,0,0,0,0,0,0,0.0,,wait,True,
llm_history,T3,20,2,2,0,,0,0,,,0,0,0,0,0,0,0,0,0.0,,craft_birch_planks,True,
llm_history,T4,20,1,0,0,,0,0,,,0,0,0,0,0,0,0,0,0.0,,gather_oak_log,True,
llm_history,T4,20,1,1,0,,0,0,,,0,0,0,0,0,0,0,0,0.0,,craft_oak_planks,True,
llm_rag,T1,1,1,0,0,,0,0,,,0,0,0,0,0,0,0,0,0.0,,gather_oak_log,True,
llm_rag,T1,1,1,1,0,,0,0,,,0,0,0,0,0,0,0,0,0.0,,craft_oak_planks,True,
llm_rag,T1,1,2,0,0,,0,0,,,0,0,0,0,0,0,0,0,0.0,,wait,True,
llm_rag,T1,1,2,1,0,,0,0,,,0,0,0,0,0,0,0,0,0.0,,gather_oak_log,True,
llm_rag,T1,1,2,2,0,,0,0,,,0,0,0,0,0,0,0,0,0.0,,wait,True,
llm_rag,T1,1,2,3,0,,0,0,,,0,0,0,0,0,0,0,0,0.0,,wait,True,
llm_rag,T1,1,2,4,0,,0,0,,,0,0,0,0,0,0,0,0,0.0,,wait,True,
llm_rag,T1,1,2,5,0,,0,0,,,0,0,0,0,0,0,0,0,0.0,,craft_oak_planks,True,
llm_rag,T2,1,1,0,0,,0,0,,,0,0,0,0,0,0,0,0,0.0,,gather_oak_log,True,
llm_rag,T2,1,1,1,0,,0,0,,,0,0,0,0,0,0,0,0,0.0,,craft_oak_planks,True,
llm_rag,T3,1,1,0,0,,0,0,,,0,0,0,0,0,0,0,0,0.0,,gather_oak_log,True,
llm_rag,T3,1,1,1,0,,0,0,,,0,0,0,0,0,0,0,0,0.0,,wait,True,
llm_rag,T3,1,1,2,0,,0,0,,,0,0,0,0,0,0,0,0,0.0,,wait,True,
llm_rag,T3,1,1,3,0,,0,0,,,0,0,0,0,0,0,0,0,0.0,,craft_oak_planks,True,
llm_rag,T3,1,2,0,0,,0,0,,,0,0,0,0,0,0,0,0,0.0,,gather_birch_log,True,
llm_rag,T3,1,2,1,0,,0,0,,,0,0,0,0,0,0,0,0,0.0,,wait,True,
llm_rag,T3,1,2,2,0,,0,0,,,0,0,0,0,0,0,0,0,0.0,,wait,True,
llm_rag,T3,1,2,3,0,,0,0,,,0,0,0,0,0,0,0,0,0.0,,craft_birch_planks,True,
llm_rag,T4,1,1,0,0,,0,0,,,0,0,0,0,0,0,0,0,0.0,,wait,True,
llm_rag,T4,1,1,1,0,,0,0,,,0,0,0,0,0,0,0,0,0.0,,wait,True,
llm_rag,T4,1,1,2,0,,0,0,,,0,0,0,0,0,0,0,0,0.0,,wait,True,
llm_rag,T4,1,1,3,0,,0,0,,,0,0,0,0,0,0,0,0,0.0,,eat_bread,True,
llm_rag,T4,1,1,4,0,,0,0,,,0,0,0,0,0,0,0,0,0.0,,wait,True,
llm_rag,T4,1,1,5,0,,0,0,,,0,0,0,0,0,0,0,0,0.0,,gather_oak_log,True,
llm_rag,T4,1,1,6,0,,0,0,,,0,0,0,0,0,0,0,0,0.0,,craft_oak_planks,True,
llm_rag,T1,2,1,0,0,,0,0,,,0,0,0,0,0,0,0,0,0.0,,wait,True,
llm_rag,T1,2,1,1,0,,0,0,,,0,0,0,0,0,0,0,0,0.0,,gather_oak_log,True,
llm_rag,T1,2,1,2,0,,0,0,,,0,0,0,0,0,0,0,0,0.0,,craft_oak_planks,True,
llm_rag,T1,2,2,0,0,,0,0,,,0,0,0,0,0,0,0,0,0.0,,gather_oak_log,True,
llm_rag,T1,2,2,1,0,,0,0,,,0,0,0,0,0,0,0,0,0.0,,craft_oak_planks,True,
llm_rag,T2,2,1,0,0,,0,0,,,0,0,0,0,0,0,0,0,0.0,,gather_oak_log,True,
llm_rag,T2,2,1,1,0,,0,0,,,0,0,0,0,0,0,0,0,0.0,,craft_oak_planks,True,
llm_rag,T3,2,1,0,0,,0,0,,,0,0,0,0,0,0,0,0,0.0,,gather_oak_log,True,
llm_rag,T3,2,1,1,0,,0,0,,,0,0,0,0,0,0,0,0,0.0,,craft_oak_planks,True,
llm_rag,T3,2,2,0,0,,0,0,,,0,0,0,0,0,0,0,0,0.0,,gather_birch_log,True,
llm_rag,T3,2,2,1,0,,0,0,,,0,0,0,0,0,0,0,0,0.0,,wait,True,
llm_rag,T3,2,2,2,0,,0,0,,,0,0,0,0,0,0,0,0,0.0,,craft_birch_planks,True,
llm_rag,T4,2,1,0,0,,0,0,,,0,0,0,0,0,0,0,0,0.0,,wait,True,
llm_rag,T4,2,1,1,0,,0,0,,,0,0,0,0,0,0,0,0,0.0,,wait,True,
llm_rag,T4,2,1,2,0,,0,0,,,0,0,0,0,0,0,0,0,0.0,,wait,True,
llm_rag,T4,2,1,3,0,,0,0,,,0,0,0,0,0,0,0,0,0.0,,wait,True,
llm_rag,T4,2,1,4,0,,0,0,,,0,0,0,0,0,0,0,0,0.0,,gather_oak_log,True,
llm_rag,T4,2,1,5,0,,0,0,,,0,0,0,0,0,0,0,0,0.0,,craft_oak_planks,True,
llm_rag,T1,3,1,0,0,,0,0,,,0,0,0,0,0,0,0,0,0.0,,gather_oak_log,True,
llm_rag,T1,3,1,1,0,,0,0,,,0,0,0,0,0,0,0,0,0.0,,craft_oak_planks,True,
llm_rag,T1,3,2,0,0,,0,0,,,0,0,0,0,0,0,0,0,0.0,,wait,True,
llm_rag,T1,3,2,1,0,,0,0,,,0,0,0,0,0,0,0,0,0.0,,gather_oak_log,True,
llm_rag,T1,3,2,2,0,,0,0,,,0,0,0,0,0,0,0,0,0.0,,craft_oak_planks,True,
llm_rag,T2,3,1,0,0,,0,0,,,0,0,0,0,0,0,0,0,0.0,,wait,True,
llm_rag,T2,3,1,1,0,,0,0,,,0,0,0,0,0,0,0,0,0.0,,gather_oak_log,True,
llm_rag,T2,3,1,2,0,,0,0,,,0,0,0,0,0,0,0,0,0.0,,wait,True,
llm_rag,T2,3,1,3,0,,0,0,,,0,0,0,0,0,0,0,0,0.0,,craft_oak_planks,True,
llm_rag,T3,3,1,0,0,,0,0,,,0,0,0,0,0,0,0,0,0.0,,wait,True,
llm_rag,T3,3,1,1,0,,0,0,,,0,0,0,0,0,0,0,0,0.0,,wait,True,
llm_rag,T3,3,1,2,0,,0,0,,,0,0,0,0,0,0,0,0,0.0,,gather_oak_log,True,
llm_rag,T3,3,1,3,0,,0,0,,,0,0,0,0,0,0,0,0,0.0,,craft_oak_planks,True,
llm_rag,T3,3,2,0,0,,0,0,,,0,0,0,0,0,0,0,0,0.0,,gather_birch_log,True,
llm_rag,T3,3,2,1,0,,0,0,,,0,0,0,0,0,0,0,0,0.0,,wait,True,
llm_rag,T3,3,2,2,0,,0,0,,,0,0,0,0,0,0,0,0,0.0,,wait,True,
llm_rag,T3,3,2,3,0,,0,0,,,0,0,0,0,0,0,0,0,0.0,,craft_birch_planks,True,
llm_rag,T4,3,1,0,0,,0,0,,,0,0,0,0,0,0,0,0,0.0,,gather_oak_log,True,
llm_rag,T4,3,1,1,0,,0,0,,,0,0,0,0,0,0,0,0,0.0,,craft_oak_planks,True,
llm_rag,T1,4,1,0,0,,0,0,,,0,0,0,0,0,0,0,0,0.0,,wait,True,
llm_rag,T1,4,1,1,0,,0,0,,,0,0,0,0,0,0,0,0,0.0,,gather_oak_log,True,
llm_rag,T1,4,1,2,0,,0,0,,,0,0,0,0,0,0,0,0,0.0,,wait,True,
llm_rag,T1,4,1,3,0,,0,0,,,0,0,0,0,0,0,0,0,0.0,,craft_oak_planks,True,
llm_rag,T1,4,2,0,0,,0,0,,,0,0,0,0,0,0,0,0,0.0,,gather_oak_log,True,
llm_rag,T1,4,2,1,0,,0,0,,,0,0,0,0,0,0,0,0,0.0,,craft_oak_planks,True,
llm_rag,T2,4,1,0,0,,0,0,,,0,0,0,0,0,0,0,0,0.0,,gather_oak_log,True,
llm_rag,T2,4,1,1,0,,0,0,,,0,0,0,0,0,0,0,0,0.0,,craft_oak_planks,True,
llm_rag,T3,4,1,0,0,,0,0,,,0,0,0,0,0,0,0,0,0.0,,gather_oak_log,True,
llm_rag,T3,4,1,1,0,,0,0,,,0,0,0,0,0,0,0,0,0.0,,craft_oak_planks,True,
llm_rag,T3,4,2,0,0,,0,0,,,0,0,0,0,0,0,0,0,0.0,,gather_birch_log,True,
llm_rag,T3,4,2,1,0,,0,0,,,0,0,0,0,0,0,0,0,0.0,,craft_birch_planks,True,
llm_rag,T4,4,1,0,0,,0,0,,,0,0,0,0,0,0,0,0,0.0,,wait,True,
llm_rag,T4,4,1,1,0,,0,0,,,0,0,0,0,0,0,0,0,0.0,,wait,True,
llm_rag,T4,4,1,2,0,,0,0,,,0,0,0,0,0,0,0,0,0.0,,gather_oak_log,True,
llm_rag,T4,4,1,3,0,,0,0,,,0,0,0,0,0,0,0,0,0.0,,wait,True,
llm_rag,T4,4,1,4,0,,0,0,,,0,0,0,0,0,0,0,0,0.0,,craft_oak_planks,True,
llm_rag,T1,5,1,0,0,,0,0,,,0,0,0,0,0,0,0,0,0.0,,wait,True,
llm_rag,T1,5,1,1,0,,0,0,,,0,0,0,0,0,0,0,0,0.0,,gather_oak_log,True,
llm_rag,T1,5,1,2,0,,0,0,,,0,0,0,0,0,0,0,0,0.0,,wait,True,
llm_rag,T1,5,1,3,0,,0,0,,,0,0,0,0,0,0,0,0,0.0,,craft_oak_planks,True,
llm_rag,T1,5,2,0,0,,0,0,,,0,0,0,0,0,0,0,0,0.0,,wait,True,
llm_rag,T1,5,2,1,0,,0,0,,,0,0,0,0,0,0,0,0,0.0,,wait,True,
llm_rag,T1,5,2,2,0,,0,0,,,0,0,0,0,0,0,0,0,0.0,,gather_oak_log,True,
llm_rag,T1,5,2,3,0,,0,0,,,0,0,0,0,0,0,0,0,0.0,,craft_oak_planks,True,
llm_rag,T2,5,1,0,0,,0,0,,,0,0,0,0,0,0,0,0,0.0,,gather_oak_log,True,
llm_rag,T2,5,1,1,0,,0,0,,,0,0,0,0,0,0,0,0,0.0,,craft_oak_planks,True,
llm_rag,T3,5,1,0,0,,0,0,,,0,0,0,0,0,0,0,0,0.0,,gather_oak_log,True,
llm_rag,T3,5,1,1,0,,0,0,,,0,0,0,0,0,0,0,0,0.0,,wait,True,
llm_rag,T3,5,1,2,0,,0,0,,,0,0,0,0,0,0,0,0,0.0,,wait,True,
llm_rag,T3,5,1,3,0,,0,0,,,0,0,0,0,0,0,0,0,0.0,,craft_oak_planks,True,
llm_rag,T3,5,2,0,0,,0,0,,,0,0,0,0,0,0,0,0,0.0,,gather_birch_log,True,
llm_rag,T3,5,2,1,0,,0,0,,,0,0,0,0,0,0,0,0,0.0,,wait,True,
llm_rag,T3,5,2,2,0,,0,0,,,0,0,0,0,0,0,0,0,0.0,,craft_birch_planks,True,
llm_rag,T4,5,1,0,0,,0,0,,,0,0,0,0,0,0,0,0,0.0,,wait,True,
llm_rag,T4,5,1,1,0,,0,0,,,0,0,0,0,0,0,0,0,0.0,,wait,True,
llm_rag,T4,5,1,2,0,,0,0,,,0,0,0,0,0,0,0,0,0.0,,wait,True,
llm_rag,T4,5,1,3,0,,0,0,,,0,0,0,0,0,0,0,0,0.0,,wait,True,
llm_rag,T4,5,1,4,0,,0,0,,,0,0,0,0,0,0,0,0,0.0,,wait,True,
llm_rag,T4,5,1,5,0,,0,0,,,0,0,0,0,0,0,0,0,0.0,,gather_oak_log,True,
llm_rag,T4,5,1,6,0,,0,0,,,0,0,0,0,0,0,0,0,0.0,,craft_oak_planks,True,
llm_rag,T1,6,1,0,0,,0,0,,,0,0,0,0,0,0,0,0,0.0,,wait,True,
llm_rag,T1,6,1,1,0,,0,0,,,0,0,0,0,0,0,0,0,0.0,,gather_oak_log,True,
llm_rag,T1,6,1,2,0,,0,0,,,0,0,0,0,0,0,0,0,0.0,,wait,True,
llm_rag,T1,6,1,3,0,,0,0,,,0,0,0,0,0,0,0,0,0.0,,craft_oak_planks,True,
llm_rag,T1,6,2,0,0,,0,0,,,0,0,0,0,0,0,0,0,0.0,,gather_oak_log,True,
llm_rag,T1,6,2,1,0,,0,0,,,0,0,0,0,0,0,0,0,0.0,,craft_oak_planks,True,
llm_rag,T2,6,1,0,0,,0,0,,,0,0,0,0,0,0,0,0,0.0,,gather_oak_log,True,
llm_rag,T2,6,1,1,0,,0,0,,,0,0,0,0,0,0,0,0,0.0,,craft_oak_planks,True,
llm_rag,T3,6,1,0,0,,0,0,,,0,0,0,0,0,0,0,0,0.0,,gather_oak_log,True,
llm_rag,T3,6,1,1,0,,0,0,,,0,0,0,0,0,0,0,0,0.0,,wait,True,
llm_rag,T3,6,1,2,0,,0,0,,,0,0,0,0,0,0,0,0,0.0,,wait,True,
llm_rag,T3,6,1,3,0,,0,0,,,0,0,0,0,0,0,0,0,0.0,,craft_oak_planks,True,
llm_rag,T3,6,2,0,0,,0,0,,,0,0,0,0,0,0,0,0,0.0,,gather_birch_log,True,
llm_rag,T3,6,2,1,0,,0,0,,,0,0,0,0,0,0,0,0,0.0,,craft_birch_planks,True,
llm_rag,T4,6,1,0,0,,0,0,,,0,0,0,0,0,0,0,0,0.0,,wait,True,
llm_rag,T4,6,1,1,0,,0,0,,,0,0,0,0,0,0,0,0,0.0,,gather_oak_log,True,
llm_rag,T4,6,1,2,0,,0,0,,,0,0,0,0,0,0,0,0,0.0,,craft_oak_planks,True,
llm_rag,T1,7,1,0,0,,0,0,,,0,0,0,0,0,0,0,0,0.0,,wait,True,
llm_rag,T1,7,1,1,0,,0,0,,,0,0,0,0,0,0,0,0,0.0,,wait,True,
llm_rag,T1,7,1,2,0,,0,0,,,0,0,0,0,0,0,0,0,0.0,,wait,True,
llm_rag,T1,7,1,3,0,,0,0,,,0,0,0,0,0,0,0,0,0.0,,gather_oak_log,True,
llm_rag,T1,7,1,4,0,,0,0,,,0,0,0,0,0,0,0,0,0.0,,craft_oak_planks,True,
llm_rag,T1,7,2,0,0,,0,0,,,0,0,0,0,0,0,0,0,0.0,,wait,True,
llm_rag,T1,7,2,1,0,,0,0,,,0,0,0,0,0,0,0,0,0.0,,wait,True,
llm_rag,T1,7,2,2,0,,0,0,,,0,0,0,0,0,0,0,0,0.0,,gather_oak_log,True,
llm_rag,T1,7,2,3,0,,0,0,,,0,0,0,0,0,0,0,0,0.0,,craft_oak_planks,True,
llm_rag,T2,7,1,0,0,,0,0,,,0,0,0,0,0,0,0,0,0.0,,gather_oak_log,True,
llm_rag,T2,7,1,1,0,,0,0,,,0,0,0,0,0,0,0,0,0.0,,wait,True,
llm_rag,T2,7,1,2,0,,0,0,,,0,0,0,0,0,0,0,0,0.0,,wait,True,
llm_rag,T2,7,1,3,0,,0,0,,,0,0,0,0,0,0,0,0,0.0,,craft_oak_planks,True,
llm_rag,T3,7,1,0,0,,0,0,,,0,0,0,0,0,0,0,0,0.0,,wait,True,
llm_rag,T3,7,1,1,0,,0,0,,,0,0,0,0,0,0,0,0,0.0,,gather_oak_log,True,
llm_rag,T3,7,1,2,0,,0,0,,,0,0,0,0,0,0,0,0,0.0,,craft_oak_planks,True,
llm_rag,T3,7,2,0,0,,0,0,,,0,0,0,0,0,0,0,0,0.0,,gather_birch_log,True,
llm_rag,T3,7,2,1,0,,0,0,,,0,0,0,0,0,0,0,0,0.0,,craft_birch_planks,True,
llm_rag,T4,7,1,0,0,,0,0,,,0,0,0,0,0,0,0,0,0.0,,wait,True,
llm_rag,T4,7,1,1,0,,0,0,,,0,0,0,0,0,0,0,0,0.0,,wait,True,
llm_rag,T4,7,1,2,0,,0,0,,,0,0,0,0,0,0,0,0,0.0,,eat_bread,True,
llm_rag,T4,7,1,3,0,,0,0,,,0,0,0,0,0,0,0,0,0.0,,gather_oak_log,True,
llm_rag,T4,7,1,4,0,,0,0,,,0,0,0,0,0,0,0,0,0.0,,craft_oak_planks,True,
llm_rag,T1,8,1,0,0,,0,0,,,0,0,0,0,0,0,0,0,0.0,,wait,True,
llm_rag,T1,8,1,1,0,,0,0,,,0,0,0,0,0,0,0,0,0.0,,gather_oak_log,True,
llm_rag,T1,8,1,2,0,,0,0,,,0,0,0,0,0,0,0,0,0.0,,craft_oak_planks,True,
llm_rag,T1,8,2,0,0,,0,0,,,0,0,0,0,0,0,0,0,0.0,,gather_oak_log,True,
llm_rag,T1,8,2,1,0,,0,0,,,0,0,0,0,0,0,0,0,0.0,,wait,True,
llm_rag,T1,8,2,2,0,,0,0,,,0,0,0,0,0,0,0,0,0.0,,craft_oak_planks,True,
llm_rag,T2,8,1,0,0,,0,0,,,0,0,0,0,0,0,0,0,0.0,,gather_oak_log,True,
llm_rag,T2,8,1,1,0,,0,0,,,0,0,0,0,0,0,0,0,0.0,,craft_oak_planks,True,
llm_rag,T3,8,1,0,0,,0,0,,,0,0,0,0,0,0,0,0,0.0,,wait,True,
llm_rag,T3,8,1,1,0,,0,0,,,0,0,0,0,0,0,0,0,0.0,,gather_oak_log,True,
llm_rag,T3,8,1,2,0,,0,0,,,0,0,0,0,0,0,0,0,0.0,,wait,True,
llm_rag,T3,8,1,3,0,,0,0,,,0,0,0,0,0,0,0,0,0.0,,craft_oak_planks,True,
llm_rag,T3,8,2,0,0,,0,0,,,0,0,0,0,0,0,0,0,0.0,,gather_birch_log,True,
llm_rag,T3,8,2,1,0,,0,0,,,0,0,0,0,0,0,0,0,0.0,,craft_birch_planks,True,
llm_rag,T4,8,1,0,0,,0,0,,,0,0,0,0,0,0,0,0,0.0,,gather_oak_log,True,
llm_rag,T4,8,1,1,0,,0,0,,,0,0,0,0,0,0,0,0,0.0,,wait,True,
llm_rag,T4,8,1,2,0,,0,0,,,0,0,0,0,0,0,0,0,0.0,,wait,True,
llm_rag,T4,8,1,3,0,,0,0,,,0,0,0,0,0,0,0,0,0.0,,eat_bread,True,
llm_rag,T4,8,1,4,0,,0,0,,,0,0,0,0,0,0,0,0,0.0,,craft_oak_planks,True,
llm_rag,T1,9,1,0,0,,0,0,,,0,0,0,0,0,0,0,0,0.0,,gather_oak_log,True,
llm_rag,T1,9,1,1,0,,0,0,,,0,0,0,0,0,0,0,0,0.0,,craft_oak_planks,True,
llm_rag,T1,9,2,0,0,,0,0,,,0,0,0,0,0,0,0,0,0.0,,wait,True,
llm_rag,T1,9,2,1,0,,0,0,,,0,0,0,0,0,0,0,0,0.0,,gather_oak_log,True,
llm_rag,T1,9,2,2,0,,0,0,,,0,0,0,0,0,0,0,0,0.0,,craft_oak_planks,True,
llm_rag,T2,9,1,0,0,,0,0,,,0,0,0,0,0,0,0,0,0.0,,gather_oak_log,True,
llm_rag,T2,9,1,1,0,,0,0,,,0,0,0,0,0,0,0,0,0.0,,craft_oak_planks,True,
llm_rag,T3,9,1,0,0,,0,0,,,0,0,0,0,0,0,0,0,0.0,,wait,True,
llm_rag,T3,9,1,1,0,,0,0,,,0,0,0,0,0,0,0,0,0.0,,gather_oak_log,True,
llm_rag,T3,9,1,2,0,,0,0,,,0,0,0,0,0,0,0,0,0.0,,craft_oak_planks,True,
llm_rag,T3,9,2,0,0,,0,0,,,0,0,0,0,0,0,0,0,0.0,,gather_birch_log,True,
llm_rag,T3,9,2,1,0,,0,0,,,0,0,0,0,0,0,0,0,0.0,,wait,True,
llm_rag,T3,9,2,2,0,,0,0,,,0,0,0,0,0,0,0,0,0.0,,craft_birch_planks,True,
llm_rag,T4,9,1,0,0,,0,0,,,0,0,0,0,0,0,0,0,0.0,,gather_oak_log,True,
llm_rag,T4,9,1,1,0,,0,0,,,0,0,0,0,0,0,0,0,0.0,,wait,True,
llm_rag,T4,9,1,2,0,,0,0,,,0,0,0,0,0,0,0,0,0.0,,wait,True,
llm_rag,T4,9,1,3,0,,0,0,,,0,0,0,0,0,0,0,0,0.0,,wait,True,
llm_rag,T4,9,1,4,0,,0,0,,,0,0,0,0,0,0,0,0,0.0,,wait,True,
llm_rag,T4,9,1,5,0,,0,0,,,0,0,0,0,0,0,0,0,0.0,,wait,True,
llm_rag,T4,9,1,6,0,,0,0,,,0,0,0,0,0,0,0,0,0.0,,craft_oak_planks,True,
llm_rag,T1,10,1,0,0,,0,0,,,0,0,0,0,0,0,0,0,0.0,,wait,True,
llm_rag,T1,10,1,1,0,,0,0,,,0,0,0,0,0,0,0,0,0.0,,gather_oak_log,True,
llm_rag,T1,10,1,2,0,,0,0,,,0,0,0,0,0,0,0,0,0.0,,craft_oak_planks,True,
llm_rag,T1,10,2,0,0,,0,0,,,0,0,0,0,0,0,0,0,0.0,,gather_oak_log,True,
llm_rag,T1,10,2,1,0,,0,0,,,0,0,0,0,0,0,0,0,0.0,,craft_oak_planks,True,
llm_rag,T2,10,1,0,0,,0,0,,,0,0,0,0,0,0,0,0,0.0,,gather_oak_log,True,
llm_rag,T2,10,1,1,0,,0,0,,,0,0,0,0,0,0,0,0,0.0,,craft_oak_planks,True,
llm_rag,T3,10,1,0,0,,0,0,,,0,0,0,0,0,0,0,0,0.0,,wait,True,
llm_rag,T3,10,1,1,0,,0,0,,,0,0,0,0,0,0,0,0,0.0,,gather_oak_log,True,
llm_rag,T3,10,1,2,0,,0,0,,,0,0,0,0,0,0,0,0,0.0,,craft_oak_planks,True,
llm_rag,T3,10,2,0,0,,0,0,,,0,0,0,0,0,0,0,0,0.0,,gather_birch_log,True,
llm_rag,T3,10,2,1,0,,0,0,,,0,0,0,0,0,0,0,0,0.0,,craft_birch_planks,True,
llm_rag,T4,10,1,0,0,,0,0,,,0,0,0,0,0,0,0,0,0.0,,wait,True,
llm_rag,T4,10,1,1,0,,0,0,,,0,0,0,0,0,0,0,0,0.0,,gather_oak_log,True,
llm_rag,T4,10,1,2,0,,0,0,,,0,0,0,0,0,0,0,0,0.0,,wait,True,
llm_rag,T4,10,1,3,0,,0,0,,,0,0,0,0,0,0,0,0,0.0,,wait,True,
llm_rag,T4,10,1,4,0,,0,0,,,0,0,0,0,0,0,0,0,0.0,,craft_oak_planks,True,
llm_rag,T1,11,1,0,0,,0,0,,,0,0,0,0,0,0,0,0,0.0,,gather_oak_log,True,
llm_rag,T1,11,1,1,0,,0,0,,,0,0,0,0,0,0,0,0,0.0,,craft_oak_planks,True,
llm_rag,T1,11,2,0,0,,0,0,,,0,0,0,0,0,0,0,0,0.0,,gather_oak_log,True,
llm_rag,T1,11,2,1,0,,0,0,,,0,0,0,0,0,0,0,0,0.0,,craft_oak_planks,True,
llm_rag,T2,11,1,0,0,,0,0,,,0,0,0,0,0,0,0,0,0.0,,gather_oak_log,True,
llm_rag,T2,11,1,1,0,,0,0,,,0,0,0,0,0,0,0,0,0.0,,craft_oak_planks,True,
llm_rag,T3,11,1,0,0,,0,0,,,0,0,0,0,0,0,0,0,0.0,,gather_oak_log,True,
llm_rag,T3,11,1,1,0,,0,0,,,0,0,0,0,0,0,0,0,0.0,,wait,True,
llm_rag,T3,11,1,2,0,,0,0,,,0,0,0,0,0,0,0,0,0.0,,craft_oak_planks,True,
llm_rag,T3,11,2,0,0,,0,0,,,0,0,0,0,0,0,0,0,0.0,,gather_birch_log,True,
llm_rag,T3,11,2,1,0,,0,0,,,0,0,0,0,0,0,0,0,0.0,,wait,True,
llm_rag,T3,11,2,2,0,,0,0,,,0,0,0,0,0,0,0,0,0.0,,craft_birch_planks,True,
llm_rag,T4,11,1,0,0,,0,0,,,0,0,0,0,0,0,0,0,0.0,,wait,True,
llm_rag,T4,11,1,1,0,,0,0,,,0,0,0,0,0,0,0,0,0.0,,wait,True,
llm_rag,T4,11,1,2,0,,0,0,,,0,0,0,0,0,0,0,0,0.0,,wait,True,
llm_rag,T4,11,1,3,0,,0,0,,,0,0,0,0,0,0,0,0,0.0,,eat_bread,True,
llm_rag,T4,11,1,4,0,,0,0,,,0,0,0,0,0,0,0,0,0.0,,wait,True,
llm_rag,T4,11,1,5,0,,0,0,,,0,0,0,0,0,0,0,0,0.0,,gather_oak_log,True,
llm_rag,T4,11,1,6,0,,0,0,,,0,0,0,0,0,0,0,0,0.0,,wait,True,
llm_rag,T4,11,1,7,0,,0,0,,,0,0,0,0,0,0,0,0,0.0,,craft_oak_planks,True,
llm_rag,T1,12,1,0,0,,0,0,,,0,0,0,0,0,0,0,0,0.0,,wait,True,
llm_rag,T1,12,1,1,0,,0,0,,,0,0,0,0,0,0,0,0,0.0,,gather_oak_log,True,
llm_rag,T1,12,1,2,0,,0,0,,,0,0,0,0,0,0,0,0,0.0,,craft_oak_planks,True,
llm_rag,T1,12,2,0,0,,0,0,,,0,0,0,0,0,0,0,0,0.0,,gather_oak_log,True,
llm_rag,T1,12,2,1,0,,0,0,,,0,0,0,0,0,0,0,0,0.0,,craft_oak_planks,True,
llm_rag,T2,12,1,0,0,,0,0,,,0,0,0,0,0,0,0,0,0.0,,gather_oak_log,True,
llm_rag,T2,12,1,1,0,,0,0,,,0,0,0,0,0,0,0,0,0.0,,craft_oak_planks,True,
llm_rag,T3,12,1,0,0,,0,0,,,0,0,0,0,0,0,0,0,0.0,,wait,True,
llm_rag,T3,12,1,1,0,,0,0,,,0,0,0,0,0,0,0,0,0.0,,gather_oak_log,True,
llm_rag,T3,12,1,2,0,,0,0,,,0,0,0,0,0,0,0,0,0.0,,wait,True,
llm_rag,T3,12,1,3,0,,0,0,,,0,0,0,0,0,0,0,0,0.0,,craft_oak_planks,True,
llm_rag,T3,12,2,0,0,,0,0,,,0,0,0,0,0,0,0,0,0.0,,gather_birch_log,True,
llm_rag,T3,12,2,1,0,,0,0,,,0,0,0,0,0,0,0,0,0.0,,wait,True,
llm_rag,T3,12,2,2,0,,0,0,,,0,0,0,0,0,0,0,0,0.0,,craft_birch_planks,True,
llm_rag,T4,12,1,0,0,,0,0,,,0,0,0,0,0,0,0,0,0.0,,gather_oak_log,True,
llm_rag,T4,12,1,1,0,,0,0,,,0,0,0,0,0,0,0,0,0.0,,wait,True,
llm_rag,T4,12,1,2,0,,0,0,,,0,0,0,0,0,0,0,0,0.0,,wait,True,
llm_rag,T4,12,1,3,0,,0,0,,,0,0,0,0,0,0,0,0,0.0,,wait,True,
llm_rag,T4,12,1,4,0,,0,0,,,0,0,0,0,0,0,0,0,0.0,,craft_oak_planks,True,
llm_rag,T1,13,1,0,0,,0,0,,,0,0,0,0,0,0,0,0,0.0,,gather_oak_log,True,
llm_rag,T1,13,1,1,0,,0,0,,,0,0,0,0,0,0,0,0,0.0,,wait,True,
llm_rag,T1,13,1,2,0,,0,0,,,0,0,0,0,0,0,0,0,0.0,,craft_oak_planks,True,
llm_rag,T1,13,2,0,0,,0,0,,,0,0,0,0,0,0,0,0,0.0,,gather_oak_log,True,
llm_rag,T1,13,2,1,0,,0,0,,,0,0,0,0,0,0,0,0,0.0,,craft_oak_planks,True,
llm_rag,T2,13,1,0,0,,0,0,,,0,0,0,0,0,0,0,0,0.0,,gather_oak_log,True,
llm_rag,T2,13,1,1,0,,0,0,,,0,0,0,0,0,0,0,0,0.0,,craft_oak_planks,True,
llm_rag,T3,13,1,0,0,,0,0,,,0,0,0,0,0,0,0,0,0.0,,wait,True,
llm_rag,T3,13,1,1,0,,0,0,,,0,0,0,0,0,0,0,0,0.0,,wait,True,
llm_rag,T3,13,1,2,0,,0,0,,,0,0,0,0,0,0,0,0,0.0,,wait,True,
llm_rag,T3,13,1,3,0,,0,0,,,0,0,0,0,0,0,0,0,0.0,,gather_oak_log,True,
llm_rag,T3,13,1,4,0,,0,0,,,0,0,0,0,0,0,0,0,0.0,,wait,True,
llm_rag,T3,13,2,0,0,,0,0,,,0,0,0,0,0,0,0,0,0.0,,gather_birch_log,True,
llm_rag,T3,13,2,1,0,,0,0,,,0,0,0,0,0,0,0,0,0.0,,craft_birch_planks,True,
llm_rag,T4,13,1,0,0,,0,0,,,0,0,0,0,0,0,0,0,0.0,,gather_oak_log,True,
llm_rag,T4,13,1,1,0,,0,0,,,0,0,0,0,0,0,0,0,0.0,,wait,True,
llm_rag,T4,13,1,2,0,,0,0,,,0,0,0,0,0,0,0,0,0.0,,wait,True,
llm_rag,T4,13,1,3,0,,0,0,,,0,0,0,0,0,0,0,0,0.0,,wait,True,
llm_rag,T4,13,1,4,0,,0,0,,,0,0,0,0,0,0,0,0,0.0,,wait,True,
llm_rag,T4,13,1,5,0,,0,0,,,0,0,0,0,0,0,0,0,0.0,,craft_oak_planks,True,
llm_rag,T1,14,1,0,0,,0,0,,,0,0,0,0,0,0,0,0,0.0,,gather_oak_log,True,
llm_rag,T1,14,1,1,0,,0,0,,,0,0,0,0,0,0,0,0,0.0,,wait,True,
llm_rag,T1,14,1,2,0,,0,0,,,0,0,0,0,0,0,0,0,0.0,,wait,True,
llm_rag,T1,14,1,3,0,,0,0,,,0,0,0,0,0,0,0,0,0.0,,craft_oak_planks,True,
llm_rag,T1,14,2,0,0,,0,0,,,0,0,0,0,0,0,0,0,0.0,,gather_oak_log,True,
llm_rag,T1,14,2,1,0,,0,0,,,0,0,0,0,0,0,0,0,0.0,,craft_oak_planks,True,
llm_rag,T2,14,1,0,0,,0,0,,,0,0,0,0,0,0,0,0,0.0,,gather_oak_log,True,
llm_rag,T2,14,1,1,0,,0,0,,,0,0,0,0,0,0,0,0,0.0,,craft_oak_planks,True,
llm_rag,T3,14,1,0,0,,0,0,,,0,0,0,0,0,0,0,0,0.0,,gather_oak_log,True,
llm_rag,T3,14,1,1,0,,0,0,,,0,0,0,0,0,0,0,0,0.0,,craft_oak_planks,True,
llm_rag,T3,14,2,0,0,,0,0,,,0,0,0,0,0,0,0,0,0.0,,gather_birch_log,True,
llm_rag,T3,14,2,1,0,,0,0,,,0,0,0,0,0,0,0,0,0.0,,craft_birch_planks,True,
llm_rag,T4,14,1,0,0,,0,0,,,0,0,0,0,0,0,0,0,0.0,,wait,True,
llm_rag,T4,14,1,1,0,,0,0,,,0,0,0,0,0,0,0,0,0.0,,gather_oak_log,True,
llm_rag,T4,14,1,2,0,,0,0,,,0,0,0,0,0,0,0,0,0.0,,craft_oak_planks,True,
llm_rag,T1,15,1,0,0,,0,0,,,0,0,0,0,0,0,0,0,0.0,,wait,True,
llm_rag,T1,15,1,1,0,,0,0,,,0,0,0,0,0,0,0,0,0.0,,gather_oak_log,True,
llm_rag,T1,15,1,2,0,,0,0,,,0,0,0,0,0,0,0,0,0.0,,craft_oak_planks,True,
llm_rag,T1,15,2,0,0,,0,0,,,0,0,0,0,0,0,0,0,0.0,,gather_oak_log,True,
llm_rag,T1,15,2,1,0,,0,0,,,0,0,0,0,0,0,0,0,0.0,,craft_oak_planks,True,
llm_rag,T2,15,1,0,0,,0,0,,,0,0,0,0,0,0,0,0,0.0,,gather_oak_log,True,
llm_rag,T2,15,1,1,0,,0,0,,,0,0,0,0,0,0,0,0,0.0,,craft_oak_planks,True,
llm_rag,T3,15,1,0,0,,0,0,,,0,0,0,0,0,0,0,0,0.0,,wait,True,
llm_rag,T3,15,1,1,0,,0,0,,,0,0,0,0,0,0,0,0,0.0,,wait,True,
llm_rag,T3,15,1,2,0,,0,0,,,0,0,0,0,0,0,0,0,0.0,,gather_oak_log,True,
llm_rag,T3,15,1,3,0,,0,0,,,0,0,0,0,0,0,0,0,0.0,,craft_oak_planks,True,
llm_rag,T3,15,2,0,0,,0,0,,,0,0,0,0,0,0,0,0,0.0,,gather_birch_log,True,
llm_rag,T3,15,2,1,0,,0,0,,,0,0,0,0,0,0,0,0,0.0,,wait,True,
llm_rag,T3,15,2,2,0,,0,0,,,0,0,0,0,0,0,0,0,0.0,,craft_birch_planks,True,
llm_rag,T4,15,1,0,0,,0,0,,,0,0,0,0,0,0,0,0,0.0,,wait,True,
llm_rag,T4,15,1,1,0,,0,0,,,0,0,0,0,0,0,0,0,0.0,,wait,True,
llm_rag,T4,15,1,2,0,,0,0,,,0,0,0,0,0,0,0,0,0.0,,wait,True,
llm_rag,T4,15,1,3,0,,0,0,,,0,0,0,0,0,0,0,0,0.0,,wait,True,
llm_rag,T4,15,1,4,0,,0,0,,,0,0,0,0,0,0,0,0,0.0,,wait,True,
llm_rag,T4,15,1,5,0,,0,0,,,0,0,0,0,0,0,0,0,0.0,,wait,True,
llm_rag,T4,15,1,6,0,,0,0,,,0,0,0,0,0,0,0,0,0.0,,gather_oak_log,True,
llm_rag,T4,15,1,7,0,,0,0,,,0,0,0,0,0,0,0,0,0.0,,craft_oak_planks,True,
llm_rag,T1,16,1,0,0,,0,0,,,0,0,0,0,0,0,0,0,0.0,,gather_oak_log,True,
llm_rag,T1,16,1,1,0,,0,0,,,0,0,0,0,0,0,0,0,0.0,,wait,True,
llm_rag,T1,16,1,2,0,,0,0,,,0,0,0,0,0,0,0,0,0.0,,craft_oak_planks,True,
llm_rag,T1,16,2,0,0,,0,0,,,0,0,0,0,0,0,0,0,0.0,,gather_oak_log,True,
llm_rag,T1,16,2,1,0,,0,0,,,0,0,0,0,0,0,0,0,0.0,,craft_oak_planks,True,
llm_rag,T2,16,1,0,0,,0,0,,,0,0,0,0,0,0,0,0,0.0,,gather_oak_log,True,
llm_rag,T2,16,1,1,0,,0,0,,,0,0,0,0,0,0,0,0,0.0,,craft_oak_planks,True,
llm_rag,T3,16,1,0,0,,0,0,,,0,0,0,0,0,0,0,0,0.0,,gather_oak_log,True,
llm_rag,T3,16,1,1,0,,0,0,,,0,0,0,0,0,0,0,0,0.0,,craft_oak_planks,True,
llm_rag,T3,16,2,0,0,,0,0,,,0,0,0,0,0,0,0,0,0.0,,gather_birch_log,True,
llm_rag,T3,16,2,1,0,,0,0,,,0,0,0,0,0,0,0,0,0.0,,wait,True,
llm_rag,T3,16,2,2,0,,0,0,,,0,0,0,0,0,0,0,0,0.0,,craft_birch_planks,True,
llm_rag,T4,16,1,0,0,,0,0,,,0,0,0,0,0,0,0,0,0.0,,wait,True,
llm_rag,T4,16,1,1,0,,0,0,,,0,0,0,0,0,0,0,0,0.0,,gather_oak_log,True,
llm_rag,T4,16,1,2,0,,0,0,,,0,0,0,0,0,0,0,0,0.0,,craft_oak_planks,True,
llm_rag,T1,17,1,0,0,,0,0,,,0,0,0,0,0,0,0,0,0.0,,gather_oak_log,True,
llm_rag,T1,17,1,1,0,,0,0,,,0,0,0,0,0,0,0,0,0.0,,craft_oak_planks,True,
llm_rag,T1,17,2,0,0,,0,0,,,0,0,0,0,0,0,0,0,0.0,,gather_oak_log,True,
llm_rag,T1,17,2,1,0,,0,0,,,0,0,0,0,0,0,0,0,0.0,,craft_oak_planks,True,
llm_rag,T2,17,1,0,0,,0,0,,,0,0,0,0,0,0,0,0,0.0,,gather_oak_log,True,
llm_rag,T2,17,1,1,0,,0,0,,,0,0,0,0,0,0,0,0,0.0,,wait,True,
llm_rag,T2,17,1,2,0,,0,0,,,0,0,0,0,0,0,0,0,0.0,,wait,True,
llm_rag,T2,17,1,3,0,,0,0,,,0,0,0,0,0,0,0,0,0.0,,craft_oak_planks,True,
llm_rag,T3,17,1,0,0,,0,0,,,0,0,0,0,0,0,0,0,0.0,,gather_oak_log,True,
llm_rag,T3,17,1,1,0,,0,0,,,0,0,0,0,0,0,0,0,0.0,,wait,True,
llm_rag,T3,17,1,2,0,,0,0,,,0,0,0,0,0,0,0,0,0.0,,craft_oak_planks,True,
llm_rag,T3,17,2,0,0,,0,0,,,0,0,0,0,0,0,0,0,0.0,,gather_birch_log,True,
llm_rag,T3,17,2,1,0,,0,0,,,0,0,0,0,0,0,0,0,0.0,,wait,True,
llm_rag,T3,17,2,2,0,,0,0,,,0,0,0,0,0,0,0,0,0.0,,craft_birch_planks,True,
llm_rag,T4,17,1,0,0,,0,0,,,0,0,0,0,0,0,0,0,0.0,,wait,True,
llm_rag,T4,17,1,1,0,,0,0,,,0,0,0,0,0,0,0,0,0.0,,gather_oak_log,True,
llm_rag,T4,17,1,2,0,,0,0,,,0,0,0,0,0,0,0,0,0.0,,craft_oak_planks,True,
llm_rag,T1,18,1,0,0,,0,0,,,0,0,0,0,0,0,0,0,0.0,,wait,True,
llm_rag,T1,18,1,1,0,,0,0,,,0,0,0,0,0,0,0,0,0.0,,gather_oak_log,True,
llm_rag,T1,18,1,2,0,,0,0,,,0,0,0,0,0,0,0,0,0.0,,craft_oak_planks,True,
llm_rag,T1,18,2,0,0,,0,0,,,0,0,0,0,0,0,0,0,0.0,,gather_oak_log,True,
llm_rag,T1,18,2,1,0,,0,0,,,0,0,0,0,0,0,0,0,0.0,,craft_oak_planks,True,
llm_rag,T2,18,1,0,0,,0,0,,,0,0,0,0,0,0,0,0,0.0,,gather_oak_log,True,
llm_rag,T2,18,1,1,0,,0,0,,,0,0,0,0,0,0,0,0,0.0,,craft_oak_planks,True,
llm_rag,T3,18,1,0,0,,0,0,,,0,0,0,0,0,0,0,0,0.0,,wait,True,
llm_rag,T3,18,1,1,0,,0,0,,,0,0,0,0,0,0,0,0,0.0,,gather_oak_log,True,
llm_rag,T3,18,1,2,0,,0,0,,,0,0,0,0,0,0,0,0,0.0,,craft_oak_planks,True,
llm_rag,T3,18,2,0,0,,0,0,,,0,0,0,0,0,0,0,0,0.0,,gather_birch_log,True,
llm_rag,T3,18,2,1,0,,0,0,,,0,0,0,0,0,0,0,0,0.0,,craft_birch_planks,True,
llm_rag,T4,18,1,0,0,,0,0,,,0,0,0,0,0,0,0,0,0.0,,wait,True,
llm_rag,T4,18,1,1,0,,0,0,,,0,0,0,0,0,0,0,0,0.0,,wait,True,
llm_rag,T4,18,1,2,0,,0,0,,,0,0,0,0,0,0,0,0,0.0,,wait,True,
llm_rag,T4,18,1,3,0,,0,0,,,0,0,0,0,0,0,0,0,0.0,,eat_bread,True,
llm_rag,T4,18,1,4,0,,0,0,,,0,0,0,0,0,0,0,0,0.0,,gather_oak_log,True,
llm_rag,T4,18,1,5,0,,0,0,,,0,0,0,0,0,0,0,0,0.0,,wait,True,
llm_rag,T4,18,1,6,0,,0,0,,,0,0,0,0,0,0,0,0,0.0,,craft_oak_planks,True,
llm_rag,T1,19,1,0,0,,0,0,,,0,0,0,0,0,0,0,0,0.0,,gather_oak_log,True,
llm_rag,T1,19,1,1,0,,0,0,,,0,0,0,0,0,0,0,0,0.0,,wait,True,
llm_rag,T1,19,1,2,0,,0,0,,,0,0,0,0,0,0,0,0,0.0,,craft_oak_planks,True,
llm_rag,T1,19,2,0,0,,0,0,,,0,0,0,0,0,0,0,0,0.0,,gather_oak_log,True,
llm_rag,T1,19,2,1,0,,0,0,,,0,0,0,0,0,0,0,0,0.0,,wait,True,
llm_rag,T1,19,2,2,0,,0,0,,,0,0,0,0,0,0,0,0,0.0,,craft_oak_planks,True,
llm_rag,T2,19,1,0,0,,0,0,,,0,0,0,0,0,0,0,0,0.0,,gather_oak_log,True,
llm_rag,T2,19,1,1,0,,0,0,,,0,0,0,0,0,0,0,0,0.0,,craft_oak_planks,True,
llm_rag,T3,19,1,0,0,,0,0,,,0,0,0,0,0,0,0,0,0.0,,gather_oak_log,True,
llm_rag,T3,19,1,1,0,,0,0,,,0,0,0,0,0,0,0,0,0.0,,craft_oak_planks,True,
llm_rag,T3,19,2,0,0,,0,0,,,0,0,0,0,0,0,0,0,0.0,,gather_birch_log,True,
llm_rag,T3,19,2,1,0,,0,0,,,0,0,0,0,0,0,0,0,0.0,,craft_birch_planks,True,
llm_rag,T4,19,1,0,0,,0,0,,,0,0,0,0,0,0,0,0,0.0,,gather_oak_log,True,
llm_rag,T4,19,1,1,0,,0,0,,,0,0,0,0,0,0,0,0,0.0,,craft_oak_planks,True,
llm_rag,T1,20,1,0,0,,0,0,,,0,0,0,0,0,0,0,0,0.0,,wait,True,
llm_rag,T1,20,1,1,0,,0,0,,,0,0,0,0,0,0,0,0,0.0,,gather_oak_log,True,
llm_rag,T1,20,1,2,0,,0,0,,,0,0,0,0,0,0,0,0,0.0,,craft_oak_planks,True,
llm_rag,T1,20,2,0,0,,0,0,,,0,0,0,0,0,0,0,0,0.0,,wait,True,
llm_rag,T1,20,2,1,0,,0,0,,,0,0,0,0,0,0,0,0,0.0,,gather_oak_log,True,
llm_rag,T1,20,2,2,0,,0,0,,,0,0,0,0,0,0,0,0,0.0,,craft_oak_planks,True,
llm_rag,T2,20,1,0,0,,0,0,,,0,0,0,0,0,0,0,0,0.0,,gather_oak_log,True,
llm_rag,T2,20,1,1,0,,0,0,,,0,0,0,0,0,0,0,0,0.0,,craft_oak_planks,True,
llm_rag,T3,20,1,0,0,,0,0,,,0,0,0,0,0,0,0,0,0.0,,gather_oak_log,True,
llm_rag,T3,20,1,1,0,,0,0,,,0,0,0,0,0,0,0,0,0.0,,craft_oak_planks,True,
llm_rag,T3,20,2,0,0,,0,0,,,0,0,0,0,0,0,0,0,0.0,,wait,True,
llm_rag,T3,20,2,1,0,,0,0,,,0,0,0,0,0,0,0,0,0.0,,gather_birch_log,True,
llm_rag,T3,20,2,2,0,,0,0,,,0,0,0,0,0,0,0,0,0.0,,craft_birch_planks,True,
llm_rag,T4,20,1,0,0,,0,0,,,0,0,0,0,0,0,0,0,0.0,,wait,True,
llm_rag,T4,20,1,1,0,,0,0,,,0,0,0,0,0,0,0,0,0.0,,wait,True,
llm_rag,T4,20,1,2,0,,0,0,,,0,0,0,0,0,0,0,0,0.0,,wait,True,
llm_rag,T4,20,1,3,0,,0,0,,,0,0,0,0,0,0,0,0,0.0,,eat_bread,True,
llm_rag,T4,20,1,4,0,,0,0,,,0,0,0,0,0,0,0,0,0.0,,gather_oak_log,True,
llm_rag,T4,20,1,5,0,,0,0,,,0,0,0,0,0,0,0,0,0.0,,craft_oak_planks,True,
random_ctx,T1,1,1,0,0,,0,0,,,0,0,0,0,0,0,0,0,0.0,,gather_oak_log,True,
random_ctx,T1,1,1,1,0,,0,0,,,0,0,0,0,0,0,0,0,0.0,,craft_oak_planks,True,
random_ctx,T1,1,2,0,0,,0,0,,,0,0,0,0,0,0,0,0,0.0,,gather_oak_log,True,
random_ctx,T1,1,2,1,0,,0,0,,,0,0,0,0,0,0,0,0,0.0,,craft_oak_planks,True,
random_ctx,T2,1,1,0,0,,0,0,,,0,0,0,0,0,0,0,0,0.0,,gather_oak_log,True,
random_ctx,T2,1,1,1,0,,0,0,,,0,0,0,0,0,0,0,0,0.0,,craft_oak_planks,True,
random_ctx,T3,1,1,0,0,,0,0,,,0,0,0,0,0,0,0,0,0.0,,gather_oak_log,True,
random_ctx,T3,1,1,1,0,,0,0,,,0,0,0,0,0,0,0,0,0.0,,craft_oak_planks,True,
random_ctx,T3,1,2,0,0,,0,0,,,0,0,0,0,0,0,0,0,0.0,,gather_birch_log,True,
random_ctx,T3,1,2,1,0,,0,0,,,0,0,0,0,0,0,0,0,0.0,,craft_birch_planks,True,
random_ctx,T4,1,1,0,0,,0,0,,,0,0,0,0,0,0,0,0,0.0,,wait,True,
random_ctx,T4,1,1,1,0,,0,0,,,0,0,0,0,0,0,0,0,0.0,,wait,True,
random_ctx,T4,1,1,2,0,,0,0,,,0,0,0,0,0,0,0,0,0.0,,wait,True,
random_ctx,T4,1,1,3,0,,0,0,,,0,0,0,0,0,0,0,0,0.0,,gather_oak_log,True,
random_ctx,T4,1,1,4,0,,0,0,,,0,0,0,0,0,0,0,0,0.0,,craft_oak_planks,True,
random_ctx,T1,2,1,0,0,,0,0,,,0,0,0,0,0,0,0,0,0.0,,gather_oak_log,True,
random_ctx,T1,2,1,1,0,,0,0,,,0,0,0,0,0,0,0,0,0.0,,craft_oak_planks,True,
random_ctx,T1,2,2,0,0,,0,0,,,0,0,0,0,0,0,0,0,0.0,,gather_oak_log,True,
random_ctx,T1,2,2,1,0,,0,0,,,0,0,0,0,0,0,0,0,0.0,,craft_oak_planks,True,
random_ctx,T2,2,1,0,0,,0,0,,,0,0,0,0,0,0,0,0,0.0,,gather_oak_log,True,
random_ctx,T2,2,1,1,0,,0,0,,,0,0,0,0,0,0,0,0,0.0,,craft_oak_planks,True,
random_ctx,T3,2,1,0,0,,0,0,,,0,0,0,0,0,0,0,0,0.0,,wait,True,
random_ctx,T3,2,1,1,0,,0,0,,,0,0,0,0,0,0,0,0,0.0,,wait,True,
random_ctx,T3,2,1,2,0,,0,0,,,0,0,0,0,0,0,0,0,0.0,,gather_oak_log,True,
random_ctx,T3,2,1,3,0,,0,0,,,0,0,0,0,0,0,0,0,0.0,,craft_oak_planks,True,
random_ctx,T3,2,2,0,0,,0,0,,,0,0,0,0,0,0,0,0,0.0,,gather_birch_log,True,
random_ctx,T3,2,2,1,0,,0,0,,,0,0,0,0,0,0,0,0,0.0,,wait,True,
random_ctx,T3,2,2,2,0,,0,0,,,0,0,0,0,0,0,0,0,0.0,,craft_birch_planks,True,
random_ctx,T4,2,1,0,0,,0,0,,,0,0,0,0,0,0,0,0,0.0,,wait,True,
random_ctx,T4,2,1,1,0,,0,0,,,0,0,0,0,0,0,0,0,0.0,,wait,True,
random_ctx,T4,2,1,2,0,,0,0,,,0,0,0,0,0,0,0,0,0.0,,wait,True,
random_ctx,T4,2,1,3,0,,0,0,,,0,0,0,0,0,0,0,0,0.0,,eat_bread,True,
random_ctx,T4,2,1,4,0,,0,0,,,0,0,0,0,0,0,0,0,0.0,,wait,True,
random_ctx,T4,2,1,5,0,,0,0,,,0,0,0,0,0,0,0,0,0.0,,wait,True,
random_ctx,T4,2,1,6,0,,0,0,,,0,0,0,0,0,0,0,0,0.0,,wait,True,
random_ctx,T4,2,1,7,0,,0,0,,,0,0,0,0,0,0,0,0,0.0,,wait,True,
random_ctx,T4,2,1,8,0,,0,0,,,0,0,0,0,0,0,0,0,0.0,,gather_oak_log,True,
random_ctx,T4,2,1,9,0,,0,0,,,0,0,0,0,0,0,0,0,0.0,,craft_oak_planks,True,
random_ctx,T1,3,1,0,0,,0,0,,,0,0,0,0,0,0,0,0,0.0,,wait,True,
random_ctx,T1,3,1,1,0,,0,0,,,0,0,0,0,0,0,0,0,0.0,,gather_oak_log,True,
random_ctx,T1,3,1,2,0,,0,0,,,0,0,0,0,0,0,0,0,0.0,,craft_oak_planks,True,
random_ctx,T1,3,2,0,0,,0,0,,,0,0,0,0,0,0,0,0,0.0,,gather_oak_log,True,
random_ctx,T1,3,2,1,0,,0,0,,,0,0,0,0,0,0,0,0,0.0,,craft_oak_planks,True,
random_ctx,T2,3,1,0,0,,0,0,,,0,0,0,0,0,0,0,0,0.0,,gather_oak_log,True,
random_ctx,T2,3,1,1,0,,0,0,,,0,0,0,0,0,0,0,0,0.0,,wait,True,
random_ctx,T2,3,1,2,0,,0,0,,,0,0,0,0,0,0,0,0,0.0,,craft_oak_planks,True,
random_ctx,T3,3,1,0,0,,0,0,,,0,0,0,0,0,0,0,0,0.0,,wait,True,
random_ctx,T3,3,1,1,0,,0,0,,,0,0,0,0,0,0,0,0,0.0,,gather_oak_log,True,
random_ctx,T3,3,1,2,0,,0,0,,,0,0,0,0,0,0,0,0,0.0,,wait,True,
random_ctx,T3,3,1,3,0,,0,0,,,0,0,0,0,0,0,0,0,0.0,,craft_oak_planks,True,
random_ctx,T3,3,2,0,0,,0,0,,,0,0,0,0,0,0,0,0,0.0,,gather_birch_log,True,
random_ctx,T3,3,2,1,0,,0,0,,,0,0,0,0,0,0,0,0,0.0,,craft_birch_planks,True,
random_ctx,T4,3,1,0,0,,0,0,,,0,0,0,0,0,0,0,0,0.0,,wait,True,
random_ctx,T4,3,1,1,0,,0,0,,,0,0,0,0,0,0,0,0,0.0,,wait,True,
random_ctx,T4,3,1,2,0,,0,0,,,0,0,0,0,0,0,0,0,0.0,,gather_oak_log,True,
random_ctx,T4,3,1,3,0,,0,0,,,0,0,0,0,0,0,0,0,0.0,,wait,True,
random_ctx,T4,3,1,4,0,,0,0,,,0,0,0,0,0,0,0,0,0.0,,wait,True,
random_ctx,T4,3,1,5,0,,0,0,,,0,0,0,0,0,0,0,0,0.0,,craft_oak_planks,True,
random_ctx,T1,4,1,0,0,,0,0,,,0,0,0,0,0,0,0,0,0.0,,gather_oak_log,True,
random_ctx,T1,4,1,1,0,,0,0,,,0,0,0,0,0,0,0,0,0.0,,craft_oak_planks,True,
random_ctx,T1,4,2,0,0,,0,0,,,0,0,0,0,0,0,0,0,0.0,,gather_oak_log,True,
random_ctx,T1,4,2,1,0,,0,0,,,0,0,0,0,0,0,0,0,0.0,,craft_oak_planks,True,
random_ctx,T2,4,1,0,0,,0,0,,,0,0,0,0,0,0,0,0,0.0,,gather_oak_log,True,
random_ctx,T2,4,1,1,0,,0,0,,,0,0,0,0,0,0,0,0,0.0,,craft_oak_planks,True,
random_ctx,T3,4,1,0,0,,0,0,,,0,0,0,0,0,0,0,0,0.0,,gather_oak_log,True,
random_ctx,T3,4,1,1,0,,0,0,,,0,0,0,0,0,0,0,0,0.0,,wait,True,
random_ctx,T3,4,1,2,0,,0,0,,,0,0,0,0,0,0,0,0,0.0,,craft_oak_planks,True,
random_ctx,T3,4,2,0,0,,0,0,,,0,0,0,0,0,0,0,0,0.0,,gather_birch_log,True,
random_ctx,T3,4,2,1,0,,0,0,,,0,0,0,0,0,0,0,0,0.0,,wait,True,
random_ctx,T3,4,2,2,0,,0,0,,,0,0,0,0,0,0,0,0,0.0,,craft_birch_planks,True,
random_ctx,T4,4,1,0,0,,0,0,,,0,0,0,0,0,0,0,0,0.0,,gather_oak_log,True,
random_ctx,T4,4,1,1,0,,0,0,,,0,0,0,0,0,0,0,0,0.0,,craft_oak_planks,True,
random_ctx,T1,5,1,0,0,,0,0,,,0,0,0,0,0,0,0,0,0.0,,gather_oak_log,True,
random_ctx,T1,5,1,1,0,,0,0,,,0,0,0,0,0,0,0,0,0.0,,wait,True,
random_ctx,T1,5,1,2,0,,0,0,,,0,0,0,0,0,0,0,0,0.0,,craft_oak_planks,True,
random_ctx,T1,5,2,0,0,,0,0,,,0,0,0,0,0,0,0,0,0.0,,wait,True,
random_ctx,T1,5,2,1,0,,0,0,,,0,0,0,0,0,0,0,0,0.0,,gather_oak_log,True,
random_ctx,T1,5,2,2,0,,0,0,,,0,0,0,0,0,0,0,0,0.0,,craft_oak_planks,True,
random_ctx,T2,5,1,0,0,,0,0,,,0,0,0,0,0,0,0,0,0.0,,gather_oak_log,True,
random_ctx,T2,5,1,1,0,,0,0,,,0,0,0,0,0,0,0,0,0.0,,craft_oak_planks,True,
random_ctx,T3,5,1,0,0,,0,0,,,0,0,0,0,0,0,0,0,0.0,,wait,True,
random_ctx,T3,5,1,1,0,,0,0,,,0,0,0,0,0,0,0,0,0.0,,gather_oak_log,True,
random_ctx,T3,5,1,2,0,,0,0,,,0,0,0,0,0,0,0,0,0.0,,wait,True,
random_ctx,T3,5,1,3,0,,0,0,,,0,0,0,0,0,0,0,0,0.0,,craft_oak_planks,True,
random_ctx,T3,5,2,0,0,,0,0,,,0,0,0,0,0,0,0,0,0.0,,gather_birch_log,True,
random_ctx,T3,5,2,1,0,,0,0,,,0,0,0,0,0,0,0,0,0.0,,craft_birch_planks,True,
random_ctx,T4,5,1,0,0,,0,0,,,0,0,0,0,0,0,0,0,0.0,,wait,True,
random_ctx,T4,5,1,1,0,,0,0,,,0,0,0,0,0,0,0,0,0.0,,wait,True,
random_ctx,T4,5,1,2,0,,0,0,,,0,0,0,0,0,0,0,0,0.0,,wait,True,
random_ctx,T4,5,1,3,0,,0,0,,,0,0,0,0,0,0,0,0,0.0,,wait,True,
random_ctx,T4,5,1,4,0,,0,0,,,0,0,0,0,0,0,0,0,0.0,,wait,True,
random_ctx,T4,5,1,5,0,,0,0,,,0,0,0,0,0,0,0,0,0.0,,wait,True,
random_ctx,T4,5,1,6,0,,0,0,,,0,0,0,0,0,0,0,0,0.0,,gather_oak_log,True,
random_ctx,T4,5,1,7,0,,0,0,,,0,0,0,0,0,0,0,0,0.0,,craft_oak_planks,True,
random_ctx,T1,6,1,0,0,,0,0,,,0,0,0,0,0,0,0,0,0.0,,wait,True,
random_ctx,T1,6,1,1,0,,0,0,,,0,0,0,0,0,0,0,0,0.0,,gather_oak_log,True,
random_ctx,T1,6,1,2,0,,0,0,,,0,0,0,0,0,0,0,0,0.0,,wait,True,
random_ctx,T1,6,1,3,0,,0,0,,,0,0,0,0,0,0,0,0,0.0,,wait,True,
random_ctx,T1,6,1,4,0,,0,0,,,0,0,0,0,0,0,0,0,0.0,,craft_oak_planks,True,
random_ctx,T1,6,2,0,0,,0,0,,,0,0,0,0,0,0,0,0,0.0,,gather_oak_log,True,
random_ctx,T1,6,2,1,0,,0,0,,,0,0,0,0,0,0,0,0,0.0,,craft_oak_planks,True,
random_ctx,T2,6,1,0,0,,0,0,,,0,0,0,0,0,0,0,0,0.0,,gather_oak_log,True,
random_ctx,T2,6,1,1,0,,0,0,,,0,0,0,0,0,0,0,0,0.0,,craft_oak_planks,True,
random_ctx,T3,6,1,0,0,,0,0,,,0,0,0,0,0,0,0,0,0.0,,gather_oak_log,True,
random_ctx,T3,6,1,1,0,,0,0,,,0,0,0,0,0,0,0,0,0.0,,craft_oak_planks,True,
random_ctx,T3,6,2,0,0,,0,0,,,0,0,0,0,0,0,0,0,0.0,,wait,True,
random_ctx,T3,6,2,1,0,,0,0,,,0,0,0,0,0,0,0,0,0.0,,wait,True,
random_ctx,T3,6,2,2,0,,0,0,,,0,0,0,0,0,0,0,0,0.0,,gather_birch_log,True,
random_ctx,T3,6,2,3,0,,0,0,,,0,0,0,0,0,0,0,0,0.0,,wait,True,
random_ctx,T3,6,2,4,0,,0,0,,,0,0,0,0,0,0,0,0,0.0,,wait,True,
random_ctx,T3,6,2,5,0,,0,0,,,0,0,0,0,0,0,0,0,0.0,,wait,True,
random_ctx,T3,6,2,6,0,,0,0,,,0,0,0,0,0,0,0,0,0.0,,wait,True,
random_ctx,T3,6,2,7,0,,0,0,,,0,0,0,0,0,0,0,0,0.0,,craft_birch_planks,True,
random_ctx,T4,6,1,0,0,,0,0,,,0,0,0,0,0,0,0,0,0.0,,wait,True,
random_ctx,T4,6,1,1,0,,0,0,,,0,0,0,0,0,0,0,0,0.0,,wait,True,
random_ctx,T4,6,1,2,0,,0,0,,,0,0,0,0,0,0,0,0,0.0,,wait,True,
random_ctx,T4,6,1,3,0,,0,0,,,0,0,0,0,0,0,0,0,0.0,,eat_bread,True,
random_ctx,T4,6,1,4,0,,0,0,,,0,0,0,0,0,0,0,0,0.0,,wait,True,
random_ctx,T4,6,1,5,0,,0,0,,,0,0,0,0,0,0,0,0,0.0,,gather_oak_log,True,
random_ctx,T4,6,1,6,0,,0,0,,,0,0,0,0,0,0,0,0,0.0,,craft_oak_planks,True,
random_ctx,T1,7,1,0,0,,0,0,,,0,0,0,0,0,0,0,0,0.0,,gather_oak_log,True,
random_ctx,T1,7,1,1,0,,0,0,,,0,0,0,0,0,0,0,0,0.0,,craft_oak_planks,True,
random_ctx,T1,7,2,0,0,,0,0,,,0,0,0,0,0,0,0,0,0.0,,gather_oak_log,True,
random_ctx,T1,7,2,1,0,,0,0,,,0,0,0,0,0,0,0,0,0.0,,wait,True,
random_ctx,T1,7,2,2,0,,0,0,,,0,0,0,0,0,0,0,0,0.0,,craft_oak_planks,True,
random_ctx,T2,7,1,0,0,,0,0,,,0,0,0,0,0,0,0,0,0.0,,gather_oak_log,True,
random_ctx,T2,7,1,1,0,,0,0,,,0,0,0,0,0,0,0,0,0.0,,craft_oak_planks,True,
random_ctx,T3,7,1,0,0,,0,0,,,0,0,0,0,0,0,0,0,0.0,,gather_oak_log,True,
random_ctx,T3,7,1,1,0,,0,0,,,0,0,0,0,0,0,0,0,0.0,,wait,True,
random_ctx,T3,7,1,2,0,,0,0,,,0,0,0,0,0,0,0,0,0.0,,wait,True,
random_ctx,T3,7,1,3,0,,0,0,,,0,0,0,0,0,0,0,0,0.0,,craft_oak_planks,True,
random_ctx,T3,7,2,0,0,,0,0,,,0,0,0,0,0,0,0,0,0.0,,gather_birch_log,True,
random_ctx,T3,7,2,1,0,,0,0,,,0,0,0,0,0,0,0,0,0.0,,craft_birch_planks,True,
random_ctx,T4,7,1,0,0,,0,0,,,0,0,0,0,0,0,0,0,0.0,,wait,True,
random_ctx,T4,7,1,1,0,,0,0,,,0,0,0,0,0,0,0,0,0.0,,wait,True,
random_ctx,T4,7,1,2,0,,0,0,,,0,0,0,0,0,0,0,0,0.0,,wait,True,
random_ctx,T4,7,1,3,0,,0,0,,,0,0,0,0,0,0,0,0,0.0,,eat_bread,True,
random_ctx,T4,7,1,4,0,,0,0,,,0,0,0,0,0,0,0,0,0.0,,gather_oak_log,True,
random_ctx,T4,7,1,5,0,,0,0,,,0,0,0,0,0,0,0,0,0.0,,wait,True,
random_ctx,T4,7,1,6,0,,0,0,,,0,0,0,0,0,0,0,0,0.0,,craft_oak_planks,True,
random_ctx,T1,8,1,0,0,,0,0,,,0,0,0,0,0,0,0,0,0.0,,gather_oak_log,True,
random_ctx,T1,8,1,1,0,,0,0,,,0,0,0,0,0,0,0,0,0.0,,wait,True,
random_ctx,T1,8,1,2,0,,0,0,,,0,0,0,0,0,0,0,0,0.0,,craft_oak_planks,True,
random_ctx,T1,8,2,0,0,,0,0,,,0,0,0,0,0,0,0,0,0.0,,gather_oak_log,True,
random_ctx,T1,8,2,1,0,,0,0,,,0,0,0,0,0,0,0,0,0.0,,craft_oak_planks,True,
random_ctx,T2,8,1,0,0,,0,0,,,0,0,0,0,0,0,0,0,0.0,,gather_oak_log,True,
random_ctx,T2,8,1,1,0,,0,0,,,0,0,0,0,0,0,0,0,0.0,,craft_oak_planks,True,
random_ctx,T3,8,1,0,0,,0,0,,,0,0,0,0,0,0,0,0,0.0,,wait,True,
random_ctx,T3,8,1,1,0,,0,0,,,0,0,0,0,0,0,0,0,0.0,,wait,True,
random_ctx,T3,8,1,2,0,,0,0,,,0,0,0,0,0,0,0,0,0.0,,gather_oak_log,True,
random_ctx,T3,8,1,3,0,,0,0,,,0,0,0,0,0,0,0,0,0.0,,craft_oak_planks,True,
random_ctx,T3,8,2,0,0,,0,0,,,0,0,0,0,0,0,0,0,0.0,,gather_birch_log,True,
random_ctx,T3,8,2,1,0,,0,0,,,0,0,0,0,0,0,0,0,0.0,,craft_birch_planks,True,
random_ctx,T4,8,1,0,0,,0,0,,,0,0,0,0,0,0,0,0,0.0,,wait,True,
random_ctx,T4,8,1,1,0,,0,0,,,0,0,0,0,0,0,0,0,0.0,,wait,True,
random_ctx,T4,8,1,2,0,,0,0,,,0,0,0,0,0,0,0,0,0.0,,wait,True,
random_ctx,T4,8,1,3,0,,0,0,,,0,0,0,0,0,0,0,0,0.0,,wait,True,
random_ctx,T4,8,1,4,0,,0,0,,,0,0,0,0,0,0,0,0,0.0,,gather_oak_log,True,
random_ctx,T4,8,1,5,0,,0,0,,,0,0,0,0,0,0,0,0,0.0,,wait,True,
random_ctx,T4,8,1,6,0,,0,0,,,0,0,0,0,0,0,0,0,0.0,,craft_oak_planks,True,
random_ctx,T1,9,1,0,0,,0,0,,,0,0,0,0,0,0,0,0,0.0,,wait,True,
random_ctx,T1,9,1,1,0,,0,0,,,0,0,0,0,0,0,0,0,0.0,,wait,True,
random_ctx,T1,9,1,2,0,,0,0,,,0,0,0,0,0,0,0,0,0.0,,gather_oak_log,True,
random_ctx,T1,9,1,3,0,,0,0,,,0,0,0,0,0,0,0,0,0.0,,craft_oak_planks,True,
random_ctx,T1,9,2,0,0,,0,0,,,0,0,0,0,0,0,0,0,0.0,,wait,True,
random_ctx,T1,9,2,1,0,,0,0,,,0,0,0,0,0,0,0,0,0.0,,gather_oak_log,True,
random_ctx,T1,9,2,2,0,,0,0,,,0,0,0,0,0,0,0,0,0.0,,craft_oak_planks,True,
random_ctx,T2,9,1,0,0,,0,0,,,0,0,0,0,0,0,0,0,0.0,,gather_oak_log,True,
random_ctx,T2,9,1,1,0,,0,0,,,0,0,0,0,0,0,0,0,0.0,,craft_oak_planks,True,
random_ctx,T3,9,1,0,0,,0,0,,,0,0,0,0,0,0,0,0,0.0,,wait,True,
random_ctx,T3,9,1,1,0,,0,0,,,0,0,0,0,0,0,0,0,0.0,,gather_oak_log,True,
random_ctx,T3,9,1,2,0,,0,0,,,0,0,0,0,0,0,0,0,0.0,,wait,True,
random_ctx,T3,9,1,3,0,,0,0,,,0,0,0,0,0,0,0,0,0.0,,craft_oak_planks,True,
random_ctx,T3,9,2,0,0,,0,0,,,0,0,0,0,0,0,0,0,0.0,,gather_birch_log,True,
random_ctx,T3,9,2,1,0,,0,0,,,0,0,0,0,0,0,0,0,0.0,,craft_birch_planks,True,
random_ctx,T4,9,1,0,0,,0,0,,,0,0,0,0,0,0,0,0,0.0,,gather_oak_log,True,
random_ctx,T4,9,1,1,0,,0,0,,,0,0,0,0,0,0,0,0,0.0,,wait,True,
random_ctx,T4,9,1,2,0,,0,0,,,0,0,0,0,0,0,0,0,0.0,,craft_oak_planks,True,
random_ctx,T1,10,1,0,0,,0,0,,,0,0,0,0,0,0,0,0,0.0,,gather_oak_log,True,
random_ctx,T1,10,1,1,0,,0,0,,,0,0,0,0,0,0,0,0,0.0,,craft_oak_planks,True,
random_ctx,T1,10,2,0,0,,0,0,,,0,0,0,0,0,0,0,0,0.0,,gather_oak_log,True,
random_ctx,T1,10,2,1,0,,0,0,,,0,0,0,0,0,0,0,0,0.0,,craft_oak_planks,True,
random_ctx,T2,10,1,0,0,,0,0,,,0,0,0,0,0,0,0,0,0.0,,gather_oak_log,True,
random_ctx,T2,10,1,1,0,,0,0,,,0,0,0,0,0,0,0,0,0.0,,craft_oak_planks,True,
random_ctx,T3,10,1,0,0,,0,0,,,0,0,0,0,0,0,0,0,0.0,,wait,True,
random_ctx,T3,10,1,1,0,,0,0,,,0,0,0,0,0,0,0,0,0.0,,gather_oak_log,True,
random_ctx,T3,10,1,2,0,,0,0,,,0,0,0,0,0,0,0,0,0.0,,craft_oak_planks,True,
random_ctx,T3,10,2,0,0,,0,0,,,0,0,0,0,0,0,0,0,0.0,,wait,True,
random_ctx,T3,10,2,1,0,,0,0,,,0,0,0,0,0,0,0,0,0.0,,gather_birch_log,True,
random_ctx,T3,10,2,2,0,,0,0,,,0,0,0,0,0,0,0,0,0.0,,craft_birch_planks,True,
random_ctx,T4,10,1,0,0,,0,0,,,0,0,0,0,0,0,0,0,0.0,,gather_oak_log,True,
random_ctx,T4,10,1,1,0,,0,0,,,0,0,0,0,0,0,0,0,0.0,,craft_oak_planks,True,
random_ctx,T1,11,1,0,0,,0,0,,,0,0,0,0,0,0,0,0,0.0,,gather_oak_log,True,
random_ctx,T1,11,1,1,0,,0,0,,,0,0,0,0,0,0,0,0,0.0,,wait,True,
random_ctx,T1,11,1,2,0,,0,0,,,0,0,0,0,0,0,0,0,0.0,,craft_oak_planks,True,
random_ctx,T1,11,2,0,0,,0,0,,,0,0,0,0,0,0,0,0,0.0,,gather_oak_log,True,
random_ctx,T1,11,2,1,0,,0,0,,,0,0,0,0,0,0,0,0,0.0,,craft_oak_planks,True,
random_ctx,T2,11,1,0,0,,0,0,,,0,0,0,0,0,0,0,0,0.0,,gather_oak_log,True,
random_ctx,T2,11,1,1,0,,0,0,,,0,0,0,0,0,0,0,0,0.0,,craft_oak_planks,True,
random_ctx,T3,11,1,0,0,,0,0,,,0,0,0,0,0,0,0,0,0.0,,wait,True,
random_ctx,T3,11,1,1,0,,0,0,,,0,0,0,0,0,0,0,0,0.0,,gather_oak_log,True,
random_ctx,T3,11,1,2,0,,0,0,,,0,0,0,0,0,0,0,0,0.0,,craft_oak_planks,True,
random_ctx,T3,11,2,0,0,,0,0,,,0,0,0,0,0,0,0,0,0.0,,gather_birch_log,True,
random_ctx,T3,11,2,1,0,,0,0,,,0,0,0,0,0,0,0,0,0.0,,wait,True,
random_ctx,T3,11,2,2,0,,0,0,,,0,0,0,0,0,0,0,0,0.0,,craft_birch_planks,True,
random_ctx,T4,11,1,0,0,,0,0,,,0,0,0,0,0,0,0,0,0.0,,wait,True,
random_ctx,T4,11,1,1,0,,0,0,,,0,0,0,0,0,0,0,0,0.0,,wait,True,
random_ctx,T4,11,1,2,0,,0,0,,,0,0,0,0,0,0,0,0,0.0,,wait,True,
random_ctx,T4,11,1,3,0,,0,0,,,0,0,0,0,0,0,0,0,0.0,,wait,True,
random_ctx,T4,11,1,4,0,,0,0,,,0,0,0,0,0,0,0,0,0.0,,gather_oak_log,True,
random_ctx,T4,11,1,5,0,,0,0,,,0,0,0,0,0,0,0,0,0.0,,wait,True,
random_ctx,T4,11,1,6,0,,0,0,,,0,0,0,0,0,0,0,0,0.0,,wait,True,
random_ctx,T4,11,1,7,0,,0,0,,,0,0,0,0,0,0,0,0,0.0,,wait,True,
random_ctx,T4,11,1,8,0,,0,0,,,0,0,0,0,0,0,0,0,0.0,,craft_oak_planks,True,
random_ctx,T1,12,1,0,0,,0,0,,,0,0,0,0,0,0,0,0,0.0,,wait,True,
random_ctx,T1,12,1,1,0,,0,0,,,0,0,0,0,0,0,0,0,0.0,,gather_oak_log,True,
random_ctx,T1,12,1,2,0,,0,0,,,0,0,0,0,0,0,0,0,0.0,,craft_oak_planks,True,
random_ctx,T1,12,2,0,0,,0,0,,,0,0,0,0,0,0,0,0,0.0,,wait,True,
random_ctx,T1,12,2,1,0,,0,0,,,0,0,0,0,0,0,0,0,0.0,,gather_oak_log,True,
random_ctx,T1,12,2,2,0,,0,0,,,0,0,0,0,0,0,0,0,0.0,,craft_oak_planks,True,
random_ctx,T2,12,1,0,0,,0,0,,,0,0,0,0,0,0,0,0,0.0,,gather_oak_log,True,
random_ctx,T2,12,1,1,0,,0,0,,,0,0,0,0,0,0,0,0,0.0,,wait,True,
random_ctx,T2,12,1,2,0,,0,0,,,0,0,0,0,0,0,0,0,0.0,,wait,True,
random_ctx,T2,12,1,3,0,,0,0,,,0,0,0,0,0,0,0,0,0.0,,craft_oak_planks,True,
random_ctx,T3,12,1,0,0,,0,0,,,0,0,0,0,0,0,0,0,0.0,,wait,True,
random_ctx,T3,12,1,1,0,,0,0,,,0,0,0,0,0,0,0,0,0.0,,wait,True,
random_ctx,T3,12,1,2,0,,0,0,,,0,0,0,0,0,0,0,0,0.0,,wait,True,
random_ctx,T3,12,1,3,0,,0,0,,,0,0,0,0,0,0,0,0,0.0,,gather_oak_log,True,
random_ctx,T3,12,1,4,0,,0,0,,,0,0,0,0,0,0,0,0,0.0,,craft_oak_planks,True,
random_ctx,T3,12,2,0,0,,0,0,,,0,0,0,0,0,0,0,0,0.0,,gather_birch_log,True,
random_ctx,T3,12,2,1,0,,0,0,,,0,0,0,0,0,0,0,0,0.0,,craft_birch_planks,True,
random_ctx,T4,12,1,0,0,,0,0,,,0,0,0,0,0,0,0,0,0.0,,wait,True,
random_ctx,T4,12,1,1,0,,0,0,,,0,0,0,0,0,0,0,0,0.0,,wait,True,
random_ctx,T4,12,1,2,0,,0,0,,,0,0,0,0,0,0,0,0,0.0,,wait,True,
random_ctx,T4,12,1,3,0,,0,0,,,0,0,0,0,0,0,0,0,0.0,,wait,True,
random_ctx,T4,12,1,4,0,,0,0,,,0,0,0,0,0,0,0,0,0.0,,gather_oak_log,True,
random_ctx,T4,12,1,5,0,,0,0,,,0,0,0,0,0,0,0,0,0.0,,craft_oak_planks,True,
random_ctx,T1,13,1,0,0,,0,0,,,0,0,0,0,0,0,0,0,0.0,,wait,True,
random_ctx,T1,13,1,1,0,,0,0,,,0,0,0,0,0,0,0,0,0.0,,gather_oak_log,True,
random_ctx,T1,13,1,2,0,,0,0,,,0,0,0,0,0,0,0,0,0.0,,wait,True,
random_ctx,T1,13,1,3,0,,0,0,,,0,0,0,0,0,0,0,0,0.0,,wait,True,
random_ctx,T1,13,1,4,0,,0,0,,,0,0,0,0,0,0,0,0,0.0,,craft_oak_planks,True,
random_ctx,T1,13,2,0,0,,0,0,,,0,0,0,0,0,0,0,0,0.0,,gather_oak_log,True,
random_ctx,T1,13,2,1,0,,0,0,,,0,0,0,0,0,0,0,0,0.0,,craft_oak_planks,True,
random_ctx,T2,13,1,0,0,,0,0,,,0,0,0,0,0,0,0,0,0.0,,gather_oak_log,True,
random_ctx,T2,13,1,1,0,,0,0,,,0,0,0,0,0,0,0,0,0.0,,craft_oak_planks,True,
random_ctx,T3,13,1,0,0,,0,0,,,0,0,0,0,0,0,0,0,0.0,,wait,True,
random_ctx,T3,13,1,1,0,,0,0,,,0,0,0,0,0,0,0,0,0.0,,gather_oak_log,True,
random_ctx,T3,13,1,2,0,,0,0,,,0,0,0,0,0,0,0,0,0.0,,craft_oak_planks,True,
random_ctx,T3,13,2,0,0,,0,0,,,0,0,0,0,0,0,0,0,0.0,,gather_birch_log,True,
random_ctx,T3,13,2,1,0,,0,0,,,0,0,0,0,0,0,0,0,0.0,,wait,True,
random_ctx,T3,13,2,2,0,,0,0,,,0,0,0,0,0,0,0,0,0.0,,craft_birch_planks,True,
random_ctx,T4,13,1,0,0,,0,0,,,0,0,0,0,0,0,0,0,0.0,,wait,True,
random_ctx,T4,13,1,1,0,,0,0,,,0,0,0,0,0,0,0,0,0.0,,gather_oak_log,True,
random_ctx,T4,13,1,2,0,,0,0,,,0,0,0,0,0,0,0,0,0.0,,wait,True,
random_ctx,T4,13,1,3,0,,0,0,,,0,0,0,0,0,0,0,0,0.0,,eat_bread,True,
random_ctx,T4,13,1,4,0,,0,0,,,0,0,0,0,0,0,0,0,0.0,,craft_oak_planks,True,
random_ctx,T1,14,1,0,0,,0,0,,,0,0,0,0,0,0,0,0,0.0,,wait,True,
random_ctx,T1,14,1,1,0,,0,0,,,0,0,0,0,0,0,0,0,0.0,,gather_oak_log,True,
random_ctx,T1,14,1,2,0,,0,0,,,0,0,0,0,0,0,0,0,0.0,,craft_oak_planks,True,
random_ctx,T1,14,2,0,0,,0,0,,,0,0,0,0,0,0,0,0,0.0,,wait,True,
random_ctx,T1,14,2,1,0,,0,0,,,0,0,0,0,0,0,0,0,0.0,,gather_oak_log,True,
random_ctx,T1,14,2,2,0,,0,0,,,0,0,0,0,0,0,0,0,0.0,,craft_oak_planks,True,
random_ctx,T2,14,1,0,0,,0,0,,,0,0,0,0,0,0,0,0,0.0,,gather_oak_log,True,
random_ctx,T2,14,1,1,0,,0,0,,,0,0,0,0,0,0,0,0,0.0,,craft_oak_planks,True,
random_ctx,T3,14,1,0,0,,0,0,,,0,0,0,0,0,0,0,0,0.0,,wait,True,
random_ctx,T3,14,1,1,0,,0,0,,,0,0,0,0,0,0,0,0,0.0,,wait,True,
random_ctx,T3,14,1,2,0,,0,0,,,0,0,0,0,0,0,0,0,0.0,,wait,True,
random_ctx,T3,14,1,3,0,,0,0,,,0,0,0,0,0,0,0,0,0.0,,wait,True,
random_ctx,T3,14,1,4,0,,0,0,,,0,0,0,0,0,0,0,0,0.0,,gather_oak_log,True,
random_ctx,T3,14,2,0,0,,0,0,,,0,0,0,0,0,0,0,0,0.0,,gather_birch_log,True,
random_ctx,T3,14,2,1,0,,0,0,,,0,0,0,0,0,0,0,0,0.0,,wait,True,
random_ctx,T3,14,2,2,0,,0,0,,,0,0,0,0,0,0,0,0,0.0,,wait,True,
random_ctx,T3,14,2,3,0,,0,0,,,0,0,0,0,0,0,0,0,0.0,,craft_birch_planks,True,
random_ctx,T4,14,1,0,0,,0,0,,,0,0,0,0,0,0,0,0,0.0,,wait,True,
random_ctx,T4,14,1,1,0,,0,0,,,0,0,0,0,0,0,0,0,0.0,,wait,True,
random_ctx,T4,14,1,2,0,,0,0,,,0,0,0,0,0,0,0,0,0.0,,wait,True,
random_ctx,T4,14,1,3,0,,0,0,,,0,0,0,0,0,0,0,0,0.0,,wait,True,
random_ctx,T4,14,1,4,0,,0,0,,,0,0,0,0,0,0,0,0,0.0,,wait,True,
random_ctx,T4,14,1,5,0,,0,0,,,0,0,0,0,0,0,0,0,0.0,,gather_oak_log,True,
random_ctx,T4,14,1,6,0,,0,0,,,0,0,0,0,0,0,0,0,0.0,,wait,True,
random_ctx,T4,14,1,7,0,,0,0,,,0,0,0,0,0,0,0,0,0.0,,craft_oak_planks,True,
random_ctx,T1,15,1,0,0,,0,0,,,0,0,0,0,0,0,0,0,0.0,,wait,True,
random_ctx,T1,15,1,1,0,,0,0,,,0,0,0,0,0,0,0,0,0.0,,gather_oak_log,True,
random_ctx,T1,15,1,2,0,,0,0,,,0,0,0,0,0,0,0,0,0.0,,wait,True,
random_ctx,T1,15,1,3,0,,0,0,,,0,0,0,0,0,0,0,0,0.0,,craft_oak_planks,True,
random_ctx,T1,15,2,0,0,,0,0,,,0,0,0,0,0,0,0,0,0.0,,gather_oak_log,True,
random_ctx,T1,15,2,1,0,,0,0,,,0,0,0,0,0,0,0,0,0.0,,wait,True,
random_ctx,T1,15,2,2,0,,0,0,,,0,0,0,0,0,0,0,0,0.0,,craft_oak_planks,True,
random_ctx,T2,15,1,0,0,,0,0,,,0,0,0,0,0,0,0,0,0.0,,gather_oak_log,True,
random_ctx,T2,15,1,1,0,,0,0,,,0,0,0,0,0,0,0,0,0.0,,wait,True,
random_ctx,T2,15,1,2,0,,0,0,,,0,0,0,0,0,0,0,0,0.0,,craft_oak_planks,True,
random_ctx,T3,15,1,0,0,,0,0,,,0,0,0,0,0,0,0,0,0.0,,gather_oak_log,True,
random_ctx,T3,15,1,1,0,,0,0,,,0,0,0,0,0,0,0,0,0.0,,wait,True,
random_ctx,T3,15,1,2,0,,0,0,,,0,0,0,0,0,0,0,0,0.0,,craft_oak_planks,True,
random_ctx,T3,15,2,0,0,,0,0,,,0,0,0,0,0,0,0,0,0.0,,wait,True,
random_ctx,T3,15,2,1,0,,0,0,,,0,0,0,0,0,0,0,0,0.0,,gather_birch_log,True,
random_ctx,T3,15,2,2,0,,0,0,,,0,0,0,0,0,0,0,0,0.0,,craft_birch_planks,True,
random_ctx,T4,15,1,0,0,,0,0,,,0,0,0,0,0,0,0,0,0.0,,wait,True,
random_ctx,T4,15,1,1,0,,0,0,,,0,0,0,0,0,0,0,0,0.0,,wait,True,
random_ctx,T4,15,1,2,0,,0,0,,,0,0,0,0,0,0,0,0,0.0,,wait,True,
random_ctx,T4,15,1,3,0,,0,0,,,0,0,0,0,0,0,0,0,0.0,,wait,True,
random_ctx,T4,15,1,4,0,,0,0,,,0,0,0,0,0,0,0,0,0.0,,wait,True,
random_ctx,T4,15,1,5,0,,0,0,,,0,0,0,0,0,0,0,0,0.0,,wait,True,
random_ctx,T4,15,1,6,0,,0,0,,,0,0,0,0,0,0,0,0,0.0,,wait,True,
random_ctx,T4,15,1,7,0,,0,0,,,0,0,0,0,0,0,0,0,0.0,,gather_oak_log,True,
random_ctx,T4,15,1,8,0,,0,0,,,0,0,0,0,0,0,0,0,0.0,,wait,True,
random_ctx,T4,15,1,9,0,,0,0,,,0,0,0,0,0,0,0,0,0.0,,craft_oak_planks,True,
random_ctx,T1,16,1,0,0,,0,0,,,0,0,0,0,0,0,0,0,0.0,,wait,True,
random_ctx,T1,16,1,1,0,,0,0,,,0,0,0,0,0,0,0,0,0.0,,gather_oak_log,True,
random_ctx,T1,16,1,2,0,,0,0,,,0,0,0,0,0,0,0,0,0.0,,craft_oak_planks,True,
random_ctx,T1,16,2,0,0,,0,0,,,0,0,0,0,0,0,0,0,0.0,,wait,True,
random_ctx,T1,16,2,1,0,,0,0,,,0,0,0,0,0,0,0,0,0.0,,gather_oak_log,True,
random_ctx,T1,16,2,2,0,,0,0,,,0,0,0,0,0,0,0,0,0.0,,wait,True,
random_ctx,T1,16,2,3,0,,0,0,,,0,0,0,0,0,0,0,0,0.0,,craft_oak_planks,True,
random_ctx,T2,16,1,0,0,,0,0,,,0,0,0,0,0,0,0,0,0.0,,gather_oak_log,True,
random_ctx,T2,16,1,1,0,,0,0,,,0,0,0,0,0,0,0,0,0.0,,craft_oak_planks,True,
random_ctx,T3,16,1,0,0,,0,0,,,0,0,0,0,0,0,0,0,0.0,,gather_oak_log,True,
random_ctx,T3,16,1,1,0,,0,0,,,0,0,0,0,0,0,0,0,0.0,,craft_oak_planks,True,
random_ctx,T3,16,2,0,0,,0,0,,,0,0,0,0,0,0,0,0,0.0,,wait,True,
random_ctx,T3,16,2,1,0,,0,0,,,0,0,0,0,0,0,0,0,0.0,,wait,True,
random_ctx,T3,16,2,2,0,,0,0,,,0,0,0,0,0,0,0,0,0.0,,wait,True,
random_ctx,T3,16,2,3,0,,0,0,,,0,0,0,0,0,0,0,0,0.0,,gather_birch_log,True,
random_ctx,T3,16,2,4,0,,0,0,,,0,0,0,0,0,0,0,0,0.0,,wait,True,
random_ctx,T3,16,2,5,0,,0,0,,,0,0,0,0,0,0,0,0,0.0,,craft_birch_planks,True,
random_ctx,T4,16,1,0,0,,0,0,,,0,0,0,0,0,0,0,0,0.0,,wait,True,
random_ctx,T4,16,1,1,0,,0,0,,,0,0,0,0,0,0,0,0,0.0,,gather_oak_log,True,
random_ctx,T4,16,1,2,0,,0,0,,,0,0,0,0,0,0,0,0,0.0,,wait,True,
random_ctx,T4,16,1,3,0,,0,0,,,0,0,0,0,0,0,0,0,0.0,,wait,True,
random_ctx,T4,16,1,4,0,,0,0,,,0,0,0,0,0,0,0,0,0.0,,wait,True,
random_ctx,T4,16,1,5,0,,0,0,,,0,0,0,0,0,0,0,0,0.0,,craft_oak_planks,True,
random_ctx,T1,17,1,0,0,,0,0,,,0,0,0,0,0,0,0,0,0.0,,gather_oak_log,True,
random_ctx,T1,17,1,1,0,,0,0,,,0,0,0,0,0,0,0,0,0.0,,craft_oak_planks,True,
random_ctx,T1,17,2,0,0,,0,0,,,0,0,0,0,0,0,0,0,0.0,,wait,True,
random_ctx,T1,17,2,1,0,,0,0,,,0,0,0,0,0,0,0,0,0.0,,gather_oak_log,True,
random_ctx,T1,17,2,2,0,,0,0,,,0,0,0,0,0,0,0,0,0.0,,craft_oak_planks,True,
random_ctx,T2,17,1,0,0,,0,0,,,0,0,0,0,0,0,0,0,0.0,,gather_oak_log,True,
random_ctx,T2,17,1,1,0,,0,0,,,0,0,0,0,0,0,0,0,0.0,,craft_oak_planks,True,
random_ctx,T3,17,1,0,0,,0,0,,,0,0,0,0,0,0,0,0,0.0,,wait,True,
random_ctx,T3,17,1,1,0,,0,0,,,0,0,0,0,0,0,0,0,0.0,,wait,True,
random_ctx,T3,17,1,2,0,,0,0,,,0,0,0,0,0,0,0,0,0.0,,gather_oak_log,True,
random_ctx,T3,17,1,3,0,,0,0,,,0,0,0,0,0,0,0,0,0.0,,craft_oak_planks,True,
random_ctx,T3,17,2,0,0,,0,0,,,0,0,0,0,0,0,0,0,0.0,,gather_birch_log,True,
random_ctx,T3,17,2,1,0,,0,0,,,0,0,0,0,0,0,0,0,0.0,,wait,True,
random_ctx,T3,17,2,2,0,,0,0,,,0,0,0,0,0,0,0,0,0.0,,wait,True,
random_ctx,T3,17,2,3,0,,0,0,,,0,0,0,0,0,0,0,0,0.0,,craft_birch_planks,True,
random_ctx,T4,17,1,0,0,,0,0,,,0,0,0,0,0,0,0,0,0.0,,gather_oak_log,True,
random_ctx,T4,17,1,1,0,,0,0,,,0,0,0,0,0,0,0,0,0.0,,wait,True,
random_ctx,T4,17,1,2,0,,0,0,,,0,0,0,0,0,0,0,0,0.0,,wait,True,
random_ctx,T4,17,1,3,0,,0,0,,,0,0,0,0,0,0,0,0,0.0,,eat_bread,True,
random_ctx,T4,17,1,4,0,,0,0,,,0,0,0,0,0,0,0,0,0.0,,wait,True,
random_ctx,T4,17,1,5,0,,0,0,,,0,0,0,0,0,0,0,0,0.0,,craft_oak_planks,True,
random_ctx,T1,18,1,0,0,,0,0,,,0,0,0,0,0,0,0,0,0.0,,gather_oak_log,True,
random_ctx,T1,18,1,1,0,,0,0,,,0,0,0,0,0,0,0,0,0.0,,craft_oak_planks,True,
random_ctx,T1,18,2,0,0,,0,0,,,0,0,0,0,0,0,0,0,0.0,,gather_oak_log,True,
random_ctx,T1,18,2,1,0,,0,0,,,0,0,0,0,0,0,0,0,0.0,,wait,True,
random_ctx,T1,18,2,2,0,,0,0,,,0,0,0,0,0,0,0,0,0.0,,craft_oak_planks,True,
random_ctx,T2,18,1,0,0,,0,0,,,0,0,0,0,0,0,0,0,0.0,,gather_oak_log,True,
random_ctx,T2,18,1,1,0,,0,0,,,0,0,0,0,0,0,0,0,0.0,,craft_oak_planks,True,
random_ctx,T3,18,1,0,0,,0,0,,,0,0,0,0,0,0,0,0,0.0,,gather_oak_log,True,
random_ctx,T3,18,1,1,0,,0,0,,,0,0,0,0,0,0,0,0,0.0,,craft_oak_planks,True,
random_ctx,T3,18,2,0,0,,0,0,,,0,0,0,0,0,0,0,0,0.0,,gather_birch_log,True,
random_ctx,T3,18,2,1,0,,0,0,,,0,0,0,0,0,0,0,0,0.0,,craft_birch_planks,True,
random_ctx,T4,18,1,0,0,,0,0,,,0,0,0,0,0,0,0,0,0.0,,gather_oak_log,True,
random_ctx,T4,18,1,1,0,,0,0,,,0,0,0,0,0,0,0,0,0.0,,wait,True,
random_ctx,T4,18,1,2,0,,0,0,,,0,0,0,0,0,0,0,0,0.0,,wait,True,
random_ctx,T4,18,1,3,0,,0,0,,,0,0,0,0,0,0,0,0,0.0,,wait,True,
random_ctx,T4,18,1,4,0,,0,0,,,0,0,0,0,0,0,0,0,0.0,,wait,True,
random_ctx,T4,18,1,5,0,,0,0,,,0,0,0,0,0,0,0,0,0.0,,wait,True,
random_ctx,T4,18,1,6,0,,0,0,,,0,0,0,0,0,0,0,0,0.0,,craft_oak_planks,True,
random_ctx,T1,19,1,0,0,,0,0,,,0,0,0,0,0,0,0,0,0.0,,wait,True,
random_ctx,T1,19,1,1,0,,0,0,,,0,0,0,0,0,0,0,0,0.0,,gather_oak_log,True,
random_ctx,T1,19,1,2,0,,0,0,,,0,0,0,0,0,0,0,0,0.0,,craft_oak_planks,True,
random_ctx,T1,19,2,0,0,,0,0,,,0,0,0,0,0,0,0,0,0.0,,gather_oak_log,True,
random_ctx,T1,19,2,1,0,,0,0,,,0,0,0,0,0,0,0,0,0.0,,craft_oak_planks,True,
random_ctx,T2,19,1,0,0,,0,0,,,0,0,0,0,0,0,0,0,0.0,,gather_oak_log,True,
random_ctx,T2,19,1,1,0,,0,0,,,0,0,0,0,0,0,0,0,0.0,,craft_oak_planks,True,
random_ctx,T3,19,1,0,0,,0,0,,,0,0,0,0,0,0,0,0,0.0,,gather_oak_log,True,
random_ctx,T3,19,1,1,0,,0,0,,,0,0,0,0,0,0,0,0,0.0,,craft_oak_planks,True,
random_ctx,T3,19,2,0,0,,0,0,,,0,0,0,0,0,0,0,0,0.0,,gather_birch_log,True,
random_ctx,T3,19,2,1,0,,0,0,,,0,0,0,0,0,0,0,0,0.0,,craft_birch_planks,True,
random_ctx,T4,19,1,0,0,,0,0,,,0,0,0,0,0,0,0,0,0.0,,wait,True,
random_ctx,T4,19,1,1,0,,0,0,,,0,0,0,0,0,0,0,0,0.0,,wait,True,
random_ctx,T4,19,1,2,0,,0,0,,,0,0,0,0,0,0,0,0,0.0,,wait,True,
random_ctx,T4,19,1,3,0,,0,0,,,0,0,0,0,0,0,0,0,0.0,,eat_bread,True,
random_ctx,T4,19,1,4,0,,0,0,,,0,0,0,0,0,0,0,0,0.0,,gather_oak_log,True,
random_ctx,T4,19,1,5,0,,0,0,,,0,0,0,0,0,0,0,0,0.0,,wait,True,
random_ctx,T4,19,1,6,0,,0,0,,,0,0,0,0,0,0,0,0,0.0,,wait,True,
random_ctx,T4,19,1,7,0,,0,0,,,0,0,0,0,0,0,0,0,0.0,,craft_oak_planks,True,
random_ctx,T1,20,1,0,0,,0,0,,,0,0,0,0,0,0,0,0,0.0,,wait,True,
random_ctx,T1,20,1,1,0,,0,0,,,0,0,0,0,0,0,0,0,0.0,,gather_oak_log,True,
random_ctx,T1,20,1,2,0,,0,0,,,0,0,0,0,0,0,0,0,0.0,,craft_oak_planks,True,
random_ctx,T1,20,2,0,0,,0,0,,,0,0,0,0,0,0,0,0,0.0,,wait,True,
random_ctx,T1,20,2,1,0,,0,0,,,0,0,0,0,0,0,0,0,0.0,,gather_oak_log,True,
random_ctx,T1,20,2,2,0,,0,0,,,0,0,0,0,0,0,0,0,0.0,,craft_oak_planks,True,
random_ctx,T2,20,1,0,0,,0,0,,,0,0,0,0,0,0,0,0,0.0,,gather_oak_log,True,
random_ctx,T2,20,1,1,0,,0,0,,,0,0,0,0,0,0,0,0,0.0,,craft_oak_planks,True,
random_ctx,T3,20,1,0,0,,0,0,,,0,0,0,0,0,0,0,0,0.0,,wait,True,
random_ctx,T3,20,1,1,0,,0,0,,,0,0,0,0,0,0,0,0,0.0,,gather_oak_log,True,
random_ctx,T3,20,1,2,0,,0,0,,,0,0,0,0,0,0,0,0,0.0,,craft_oak_planks,True,
random_ctx,T3,20,2,0,0,,0,0,,,0,0,0,0,0,0,0,0,0.0,,gather_birch_log,True,
random_ctx,T3,20,2,1,0,,0,0,,,0,0,0,0,0,0,0,0,0.0,,craft_birch_planks,True,
random_ctx,T4,20,1,0,0,,0,0,,,0,0,0,0,0,0,0,0,0.0,,wait,True,
random_ctx,T4,20,1,1,0,,0,0,,,0,0,0,0,0,0,0,0,0.0,,wait,True,
random_ctx,T4,20,1,2,0,,0,0,,,0,0,0,0,0,0,0,0,0.0,,wait,True,
random_ctx,T4,20,1,3,0,,0,0,,,0,0,0,0,0,0,0,0,0.0,,eat_bread,True,
random_ctx,T4,20,1,4,0,,0,0,,,0,0,0,0,0,0,0,0,0.0,,gather_oak_log,True,
random_ctx,T4,20,1,5,0,,0,0,,,0,0,0,0,0,0,0,0,0.0,,wait,True,
random_ctx,T4,20,1,6,0,,0,0,,,0,0,0,0,0,0,0,0,0.0,,wait,True,
random_ctx,T4,20,1,7,0,,0,0,,,0,0,0,0,0,0,0,0,0.0,,wait,True,
random_ctx,T4,20,1,8,0,,0,0,,,0,0,0,0,0,0,0,0,0.0,,craft_oak_planks,True,
D-noact,T2,1,1,0,0,,0,0,,,0,0,0,0,0,0,0,0,0.0,,gather_oak_log,True,
D-noact,T2,1,1,1,5,2.38,11.9,11.9,0.0,2.3219,1,3,1,1,4,1,0,0,0.8,,craft_oak_planks,True,结果:got:oak_log;动作:gather_oak_log;实体:oak_planks;实体:oak_log;实体:hunger
D-noact,T3,1,1,0,0,,0,0,,,0,0,0,0,0,0,0,0,0.0,,wait,True,
D-noact,T3,1,1,1,7,2.38,16.66,11.9,0.0,2.8074,1,5,1,1,2,3,0,2,0.286,,gather_oak_log,True,结果:unparseable_reply;动作:wait;实体:birch_planks;实体:birch_log;实体:oak_planks;实体:oak_log;实体:hunger
D-noact,T3,1,1,2,8,4.63,30.17,23.15,0.1433,2.933,3,5,1,2,4,3,0,1,0.5,0.667,craft_oak_planks,True,实体:birch_planks;实体:birch_log;实体:oak_planks;实体:oak_log;实体:hunger;结果:got:oak_log;动作:gather_oak_log;结果:unparseable_reply
D-noact,T3,1,2,0,8,4.75,30.77,23.75,0.1478,2.9285,3,5,1,2,2,4,2,0,0.25,0.6,wait,True,实体:birch_planks;实体:birch_log;实体:oak_planks;实体:oak_log;实体:hunger;结果:crafted:oak_planks;动作:craft_oak_planks;结果:got:oak_log
D-noact,T3,1,2,1,8,4.75,34.83,23.75,0.0723,2.971,3,5,1,2,2,2,2,2,0.25,0.6,gather_birch_log,True,实体:birch_planks;实体:birch_log;实体:oak_planks;实体:oak_log;实体:hunger;结果:unparseable_reply;动作:wait;结果:crafted:oak_planks
D-noact,T3,1,2,2,8,4.75,34.51,23.75,0.0763,2.9737,3,5,1,2,3,1,2,2,0.375,0.778,wait,True,实体:birch_planks;实体:birch_log;实体:oak_planks;实体:oak_log;实体:hunger;结果:unparseable_reply;动作:wait;结果:got:birch_log
D-noact,T3,1,2,3,8,4.75,35.51,23.75,0.0614,2.9704,2,5,1,2,3,1,2,2,0.375,1.0,wait,True,结果:unparseable_reply;动作:wait;实体:birch_planks;实体:birch_log;实体:oak_planks;实体:oak_log;实体:hunger;结果:got:birch_log
D-noact,T3,1,2,4,8,4.75,35.39,23.75,0.0645,2.9669,2,5,1,2,3,1,2,2,0.375,1.0,craft_birch_planks,True,结果:unparseable_reply;动作:wait;实体:birch_planks;实体:birch_log;实体:oak_planks;实体:oak_log;实体:hunger;结果:got:birch_log
D-noact,T2,2,1,0,0,,0,0,,,0,0,0,0,0,0,0,0,0.0,,gather_oak_log,True,
D-noact,T2,2,1,1,5,2.38,11.9,11.9,0.0,2.3219,1,3,1,1,4,1,0,0,0.8,,wait,True,结果:got:oak_log;动作:gather_oak_log;实体:oak_planks;实体:oak_log;实体:hunger
D-noact,T2,2,1,2,7,4.63,23.17,18.65,0.1739,2.7223,3,3,2,2,4,1,0,2,0.571,0.714,craft_oak_planks,True,实体:oak_planks;实体:oak_log;实体:hunger;结果:unparseable_reply;动作:wait;结果:got:oak_log;动作:gather_oak_log
D-noact,T3,2,1,0,0,,0,0,,,0,0,0,0,0,0,0,0,0.0,,wait,True,
D-noact,T3,2,1,1,7,2.38,16.66,11.9,0.0,2.8074,1,5,1,1,2,3,0,2,0.286,,gather_oak_log,True,结果:unparseable_reply;动作:wait;实体:birch_planks;实体:birch_log;实体:oak_planks;实体:oak_log;实体:hunger
D-noact,T3,2,1,2,8,4.63,30.17,23.15,0.1433,2.933,3,5,1,2,4,3,0,1,0.5,0.667,craft_oak_planks,True,实体:birch_planks;实体:birch_log;实体:oak_planks;实体:oak_log;实体:hunger;结果:got:oak_log;动作:gather_oak_log;结果:unparseable_reply
D-noact,T3,2,2,0,8,4.75,30.77,23.75,0.1478,2.9285,3,5,1,2,2,4,2,0,0.25,0.6,gather_birch_log,True,实体:birch_planks;实体:birch_log;实体:oak_planks;实体:oak_log;实体:hunger;结果:crafted:oak_planks;动作:craft_oak_planks;结果:got:oak_log
D-noact,T3,2,2,1,8,4.75,30.77,23.75,0.1478,2.9285,3,5,1,2,4,2,2,0,0.5,0.6,wait,True,实体:birch_planks;实体:birch_log;实体:oak_planks;实体:oak_log;实体:hunger;结果:got:birch_log;动作:gather_birch_log;结果:crafted:oak_planks
D-noact,T3,2,2,2,8,4.75,34.63,23.75,0.0756,2.9709,3,5,1,2,3,1,2,2,0.375,0.6,craft_birch_planks,True,实体:birch_planks;实体:birch_log;实体:oak_planks;实体:oak_log;实体:hunger;结果:unparseable_reply;动作:wait;结果:got:birch_log
D-noact,T2,3,1,0,0,,0,0,,,0,0,0,0,0,0,0,0,0.0,,gather_oak_log,True,
D-noact,T2,3,1,1,5,2.38,11.9,11.9,0.0,2.3219,1,3,1,1,4,1,0,0,0.8,,craft_oak_planks,True,结果:got:oak_log;动作:gather_oak_log;实体:oak_planks;实体:oak_log;实体:hunger
D-noact,T3,3,1,0,0,,0,0,,,0,0,0,0,0,0,0,0,0.0,,gather_oak_log,True,
D-noact,T3,3,1,1,7,2.38,16.66,11.9,0.0,2.8074,1,5,1,1,4,3,0,0,0.571,,craft_oak_planks,True,结果:got:oak_log;动作:gather_oak_log;实体:birch_planks;实体:birch_log;实体:oak_planks;实体:oak_log;实体:hunger
D-noact,T3,3,2,0,8,4.63,30.17,23.15,0.1433,2.933,3,5,1,2,2,4,2,0,0.25,0.667,wait,True,实体:birch_planks;实体:birch_log;实体:oak_planks;实体:oak_log;实体:hunger;结果:crafted:oak_planks;动作:craft_oak_planks;结果:got:oak_log
D-noact,T3,3,2,1,8,4.75,30.77,23.75,0.1478,2.9285,3,5,1,2,2,2,2,2,0.25,0.6,wait,True,实体:birch_planks;实体:birch_log;实体:oak_planks;实体:oak_log;实体:hunger;结果:unparseable_reply;动作:wait;结果:crafted:oak_planks
D-noact,T3,3,2,2,8,4.75,35.15,23.75,0.0684,2.9673,3,5,1,2,2,2,2,2,0.25,1.0,wait,True,实体:birch_planks;实体:birch_log;实体:oak_planks;实体:oak_log;实体:hunger;结果:unparseable_reply;动作:wait;结果:crafted:oak_planks
D-noact,T3,3,2,3,8,4.75,35.29,23.75,0.0672,2.9637,2,5,1,2,2,2,2,2,0.25,1.0,gather_birch_log,True,结果:unparseable_reply;动作:wait;实体:birch_planks;实体:birch_log;实体:oak_planks;实体:oak_log;实体:hunger;结果:crafted:oak_planks
D-noact,T3,3,2,4,8,4.75,35.15,23.75,0.0658,2.9742,3,5,1,2,3,1,2,2,0.375,0.778,wait,True,实体:birch_planks;实体:birch_log;实体:oak_planks;实体:oak_log;实体:hunger;结果:unparseable_reply;动作:wait;结果:got:birch_log
D-noact,T3,3,2,5,8,4.75,35.51,23.75,0.0614,2.9704,2,5,1,2,3,1,2,2,0.375,1.0,craft_birch_planks,True,结果:unparseable_reply;动作:wait;实体:birch_planks;实体:birch_log;实体:oak_planks;实体:oak_log;实体:hunger;结果:got:birch_log
D-noact,T2,4,1,0,0,,0,0,,,0,0,0,0,0,0,0,0,0.0,,gather_oak_log,True,
D-noact,T2,4,1,1,5,2.38,11.9,11.9,0.0,2.3219,1,3,1,1,4,1,0,0,0.8,,craft_oak_planks,True,结果:got:oak_log;动作:gather_oak_log;实体:oak_planks;实体:oak_log;实体:hunger
D-noact,T3,4,1,0,0,,0,0,,,0,0,0,0,0,0,0,0,0.0,,gather_oak_log,True,
D-noact,T3,4,1,1,7,2.38,16.66,11.9,0.0,2.8074,1,5,1,1,4,3,0,0,0.571,,craft_oak_planks,True,结果:got:oak_log;动作:gather_oak_log;实体:birch_planks;实体:birch_log;实体:oak_planks;实体:oak_log;实体:hunger
D-noact,T3,4,2,0,8,4.63,30.17,23.15,0.1433,2.933,3,5,1,2,2,4,2,0,0.25,0.667,wait,True,实体:birch_planks;实体:birch_log;实体:oak_planks;实体:oak_log;实体:hunger;结果:crafted:oak_planks;动作:craft_oak_planks;结果:got:oak_log
D-noact,T3,4,2,1,8,4.75,30.77,23.75,0.1478,2.9285,3,5,1,2,2,2,2,2,0.25,0.6,gather_birch_log,True,实体:birch_planks;实体:birch_log;实体:oak_planks;实体:oak_log;实体:hunger;结果:unparseable_reply;动作:wait;结果:crafted:oak_planks
D-noact,T3,4,2,2,8,4.75,30.77,23.75,0.1478,2.9285,3,5,1,2,4,1,2,1,0.5,0.6,craft_birch_planks,True,实体:birch_planks;实体:birch_log;实体:oak_planks;实体:oak_log;实体:hunger;结果:got:birch_log;动作:gather_birch_log;结果:unparseable_reply
D-noact,T2,5,1,0,0,,0,0,,,0,0,0,0,0,0,0,0,0.0,,gather_oak_log,True,
D-noact,T2,5,1,1,5,2.38,11.9,11.9,0.0,2.3219,1,3,1,1,4,1,0,0,0.8,,wait,True,结果:got:oak_log;动作:gather_oak_log;实体:oak_planks;实体:oak_log;实体:hunger
D-noact,T2,5,1,2,7,4.63,23.17,18.65,0.1739,2.7223,3,3,2,2,4,1,0,2,0.571,0.714,craft_oak_planks,True,实体:oak_planks;实体:oak_log;实体:hunger;结果:unparseable_reply;动作:wait;结果:got:oak_log;动作:gather_oak_log
D-noact,T3,5,1,0,0,,0,0,,,0,0,0,0,0,0,0,0,0.0,,gather_oak_log,True,
D-noact,T3,5,1,1,7,2.38,16.66,11.9,0.0,2.8074,1,5,1,1,4,3,0,0,0.571,,craft_oak_planks,True,结果:got:oak_log;动作:gather_oak_log;实体:birch_planks;实体:birch_log;实体:oak_planks;实体:oak_log;实体:hunger
D-noact,T3,5,2,0,8,4.63,30.17,23.15,0.1433,2.933,3,5,1,2,2,4,2,0,0.25,0.667,wait,True,实体:birch_planks;实体:birch_log;实体:oak_planks;实体:oak_log;实体:hunger;结果:crafted:oak_planks;动作:craft_oak_planks;结果:got:oak_log
D-noact,T3,5,2,1,8,4.75,30.77,23.75,0.1478,2.9285,3,5,1,2,2,2,2,2,0.25,0.6,gather_birch_log,True,实体:birch_planks;实体:birch_log;实体:oak_planks;实体:oak_log;实体:hunger;结果:unparseable_reply;动作:wait;结果:crafted:oak_planks
D-noact,T3,5,2,2,8,4.75,30.77,23.75,0.1478,2.9285,3,5,1,2,4,1,2,1,0.5,0.6,craft_birch_planks,True,实体:birch_planks;实体:birch_log;实体:oak_planks;实体:oak_log;实体:hunger;结果:got:birch_log;动作:gather_birch_log;结果:unparseable_reply
D-noact,T2,6,1,0,0,,0,0,,,0,0,0,0,0,0,0,0,0.0,,gather_oak_log,True,
D-noact,T2,6,1,1,5,2.38,11.9,11.9,0.0,2.3219,1,3,1,1,4,1,0,0,0.8,,craft_oak_planks,True,结果:got:oak_log;动作:gather_oak_log;实体:oak_planks;实体:oak_log;实体:hunger
D-noact,T3,6,1,0,0,,0,0,,,0,0,0,0,0,0,0,0,0.0,,wait,True,
D-noact,T3,6,1,1,7,2.38,16.66,11.9,0.0,2.8074,1,5,1,1,2,3,0,2,0.286,,wait,True,结果:unparseable_reply;动作:wait;实体:birch_planks;实体:birch_log;实体:oak_planks;实体:oak_log;实体:hunger
D-noact,T3,6,1,2,7,4.63,32.41,23.15,0.0,2.8074,1,5,1,1,2,3,0,2,0.286,1.0,gather_oak_log,True,结果:unparseable_reply;动作:wait;实体:birch_planks;实体:birch_log;实体:oak_planks;实体:oak_log;实体:hunger
D-noact,T3,6,1,3,8,4.75,34.93,23.75,0.0694,2.9742,3,5,1,2,3,3,0,2,0.375,0.875,craft_oak_planks,True,实体:birch_planks;实体:birch_log;实体:oak_planks;实体:oak_log;实体:hunger;结果:unparseable_reply;动作:wait;结果:got:oak_log
D-noact,T3,6,2,0,8,4.75,34.49,23.75,0.0767,2.9737,3,5,1,2,2,2,2,2,0.25,0.778,wait,True,实体:birch_planks;实体:birch_log;实体:oak_planks;实体:oak_log;实体:hunger;结果:unparseable_reply;动作:wait;结果:crafted:oak_planks
D-noact,T3,6,2,1,8,4.75,35.51,23.75,0.0614,2.9704,2,5,1,2,2,2,2,2,0.25,1.0,gather_birch_log,True,结果:unparseable_reply;动作:wait;实体:birch_planks;实体:birch_log;实体:oak_planks;实体:oak_log;实体:hunger;结果:crafted:oak_planks
D-noact,T3,6,2,2,8,4.75,35.15,23.75,0.0658,2.9742,3,5,1,2,3,1,2,2,0.375,0.778,wait,True,实体:birch_planks;实体:birch_log;实体:oak_planks;实体:oak_log;实体:hunger;结果:unparseable_reply;动作:wait;结果:got:birch_log
D-noact,T3,6,2,3,8,4.75,35.51,23.75,0.0614,2.9704,2,5,1,2,3,1,2,2,0.375,1.0,craft_birch_planks,True,结果:unparseable_reply;动作:wait;实体:birch_planks;实体:birch_log;实体:oak_planks;实体:oak_log;实体:hunger;结果:got:birch_log
D-noact,T2,7,1,0,0,,0,0,,,0,0,0,0,0,0,0,0,0.0,,gather_oak_log,True,
D-noact,T2,7,1,1,5,2.38,11.9,11.9,0.0,2.3219,1,3,1,1,4,1,0,0,0.8,,craft_oak_planks,True,结果:got:oak_log;动作:gather_oak_log;实体:oak_planks;实体:oak_log;实体:hunger
D-noact,T3,7,1,0,0,,0,0,,,0,0,0,0,0,0,0,0,0.0,,gather_oak_log,True,
D-noact,T3,7,1,1,7,2.38,16.66,11.9,0.0,2.8074,1,5,1,1,4,3,0,0,0.571,,wait,True,结果:got:oak_log;动作:gather_oak_log;实体:birch_planks;实体:birch_log;实体:oak_planks;实体:oak_log;实体:hunger
D-noact,T3,7,1,2,8,4.63,30.17,23.15,0.1433,2.933,3,5,1,2,3,3,0,2,0.375,0.667,craft_oak_planks,True,实体:birch_planks;实体:birch_log;实体:oak_planks;实体:oak_log;实体:hunger;结果:unparseable_reply;动作:wait;结果:got:oak_log
D-noact,T3,7,2,0,8,4.75,30.77,23.75,0.1478,2.9285,3,5,1,2,2,3,2,1,0.25,0.6,wait,True,实体:birch_planks;实体:birch_log;实体:oak_planks;实体:oak_log;实体:hunger;结果:crafted:oak_planks;动作:craft_oak_planks;结果:unparseable_reply
D-noact,T3,7,2,1,8,4.75,35.05,23.75,0.0687,2.971,3,5,1,2,2,2,2,2,0.25,0.778,wait,True,实体:birch_planks;实体:birch_log;实体:oak_planks;实体:oak_log;实体:hunger;结果:unparseable_reply;动作:wait;结果:crafted:oak_planks
D-noact,T3,7,2,2,8,4.75,35.39,23.75,0.0645,2.9669,2,5,1,2,2,2,2,2,0.25,1.0,gather_birch_log,True,结果:unparseable_reply;动作:wait;实体:birch_planks;实体:birch_log;实体:oak_planks;实体:oak_log;实体:hunger;结果:crafted:oak_planks
D-noact,T3,7,2,3,8,4.75,35.15,23.75,0.0658,2.9742,3,5,1,2,3,1,2,2,0.375,0.778,wait,True,实体:birch_planks;实体:birch_log;实体:oak_planks;实体:oak_log;实体:hunger;结果:unparseable_reply;动作:wait;结果:got:birch_log
D-noact,T3,7,2,4,8,4.75,35.51,23.75,0.0614,2.9704,2,5,1,2,3,1,2,2,0.375,1.0,wait,True,结果:unparseable_reply;动作:wait;实体:birch_planks;实体:birch_log;实体:oak_planks;实体:oak_log;实体:hunger;结果:got:birch_log
D-noact,T3,7,2,5,8,4.75,35.39,23.75,0.0645,2.9669,2,5,1,2,3,1,2,2,0.375,1.0,wait,True,结果:unparseable_reply;动作:wait;实体:birch_planks;实体:birch_log;实体:oak_planks;实体:oak_log;实体:hunger;结果:got:birch_log
D-noact,T3,7,2,6,8,4.75,35.29,23.75,0.0672,2.9637,2,5,1,2,3,1,2,2,0.375,1.0,wait,True,结果:unparseable_reply;动作:wait;实体:birch_planks;实体:birch_log;实体:oak_planks;实体:oak_log;实体:hunger;结果:got:birch_log
D-noact,T3,7,2,7,8,4.75,35.18,23.75,0.0701,2.96,2,5,1,2,3,1,2,2,0.375,1.0,wait,True,结果:unparseable_reply;动作:wait;实体:birch_planks;实体:birch_log;实体:oak_planks;实体:oak_log;实体:hunger;结果:got:birch_log
D-noact,T2,8,1,0,0,,0,0,,,0,0,0,0,0,0,0,0,0.0,,gather_oak_log,True,
D-noact,T2,8,1,1,5,2.38,11.9,11.9,0.0,2.3219,1,3,1,1,4,1,0,0,0.8,,wait,True,结果:got:oak_log;动作:gather_oak_log;实体:oak_planks;实体:oak_log;实体:hunger
D-noact,T2,8,1,2,7,4.63,23.17,18.65,0.1739,2.7223,3,3,2,2,4,1,0,2,0.571,0.714,craft_oak_planks,True,实体:oak_planks;实体:oak_log;实体:hunger;结果:unparseable_reply;动作:wait;结果:got:oak_log;动作:gather_oak_log
D-noact,T3,8,1,0,0,,0,0,,,0,0,0,0,0,0,0,0,0.0,,gather_oak_log,True,
D-noact,T3,8,1,1,7,2.38,16.66,11.9,0.0,2.8074,1,5,1,1,4,3,0,0,0.571,,wait,True,结果:got:oak_log;动作:gather_oak_log;实体:birch_planks;实体:birch_log;实体:oak_planks;实体:oak_log;实体:hunger
D-noact,T3,8,1,2,8,4.63,30.17,23.15,0.1433,2.933,3,5,1,2,3,3,0,2,0.375,0.667,wait,True,实体:birch_planks;实体:birch_log;实体:oak_planks;实体:oak_log;实体:hunger;结果:unparseable_reply;动作:wait;结果:got:oak_log
D-noact,T3,8,1,3,8,4.75,35.15,23.75,0.0684,2.9673,3,5,1,2,3,3,0,2,0.375,1.0,wait,True,实体:birch_planks;实体:birch_log;实体:oak_planks;实体:oak_log;实体:hunger;结果:unparseable_reply;动作:wait;结果:got:oak_log
D-noact,T3,8,1,4,8,4.75,35.29,23.75,0.0672,2.9637,2,5,1,2,3,3,0,2,0.375,1.0,craft_oak_planks,True,结果:unparseable_reply;动作:wait;实体:birch_planks;实体:birch_log;实体:oak_planks;实体:oak_log;实体:hunger;结果:got:oak_log
D-noact,T3,8,2,0,8,4.75,35.15,23.75,0.0658,2.9742,3,5,1,2,2,2,2,2,0.25,0.778,wait,True,实体:birch_planks;实体:birch_log;实体:oak_planks;实体:oak_log;实体:hunger;结果:unparseable_reply;动作:wait;结果:crafted:oak_planks
D-noact,T3,8,2,1,8,4.75,35.51,23.75,0.0614,2.9704,2,5,1,2,2,2,2,2,0.25,1.0,gather_birch_log,True,结果:unparseable_reply;动作:wait;实体:birch_planks;实体:birch_log;实体:oak_planks;实体:oak_log;实体:hunger;结果:crafted:oak_planks
D-noact,T3,8,2,2,8,4.75,35.15,23.75,0.0658,2.9742,3,5,1,2,3,1,2,2,0.375,0.778,wait,True,实体:birch_planks;实体:birch_log;实体:oak_planks;实体:oak_log;实体:hunger;结果:unparseable_reply;动作:wait;结果:got:birch_log
D-noact,T3,8,2,3,8,4.75,35.51,23.75,0.0614,2.9704,2,5,1,2,3,1,2,2,0.375,1.0,wait,True,结果:unparseable_reply;动作:wait;实体:birch_planks;实体:birch_log;实体:oak_planks;实体:oak_log;实体:hunger;结果:got:birch_log
D-noact,T3,8,2,4,8,4.75,35.39,23.75,0.0645,2.9669,2,5,1,2,3,1,2,2,0.375,1.0,craft_birch_planks,True,结果:unparseable_reply;动作:wait;实体:birch_planks;实体:birch_log;实体:oak_planks;实体:oak_log;实体:hunger;结果:got:birch_log
D-noact,T2,9,1,0,0,,0,0,,,0,0,0,0,0,0,0,0,0.0,,gather_oak_log,True,
D-noact,T2,9,1,1,5,2.38,11.9,11.9,0.0,2.3219,1,3,1,1,4,1,0,0,0.8,,wait,True,结果:got:oak_log;动作:gather_oak_log;实体:oak_planks;实体:oak_log;实体:hunger
D-noact,T2,9,1,2,7,4.63,23.17,18.65,0.1739,2.7223,3,3,2,2,4,1,0,2,0.571,0.714,craft_oak_planks,True,实体:oak_planks;实体:oak_log;实体:hunger;结果:unparseable_reply;动作:wait;结果:got:oak_log;动作:gather_oak_log
D-noact,T3,9,1,0,0,,0,0,,,0,0,0,0,0,0,0,0,0.0,,wait,True,
D-noact,T3,9,1,1,7,2.38,16.66,11.9,0.0,2.8074,1,5,1,1,2,3,0,2,0.286,,wait,True,结果:unparseable_reply;动作:wait;实体:birch_planks;实体:birch_log;实体:oak_planks;实体:oak_log;实体:hunger
D-noact,T3,9,1,2,7,4.63,32.41,23.15,0.0,2.8074,1,5,1,1,2,3,0,2,0.286,1.0,wait,True,结果:unparseable_reply;动作:wait;实体:birch_planks;实体:birch_log;实体:oak_planks;实体:oak_log;实体:hunger
D-noact,T3,9,1,3,7,4.75,33.25,23.75,0.0,2.8074,1,5,1,1,2,3,0,2,0.286,1.0,wait,True,结果:unparseable_reply;动作:wait;实体:birch_planks;实体:birch_log;实体:oak_planks;实体:oak_log;实体:hunger
D-noact,T3,9,1,4,7,4.75,33.25,23.75,0.0,2.8074,1,5,1,1,2,3,0,2,0.286,1.0,wait,True,结果:unparseable_reply;动作:wait;实体:birch_planks;实体:birch_log;实体:oak_planks;实体:oak_log;实体:hunger
D-noact,T3,9,2,0,7,4.75,33.25,23.75,0.0,2.8074,1,5,1,1,2,1,2,2,0.286,1.0,wait,True,结果:unparseable_reply;动作:wait;实体:birch_planks;实体:birch_log;实体:oak_planks;实体:oak_log;实体:hunger
D-noact,T3,9,2,1,7,4.75,33.25,23.75,0.0,2.8074,1,5,1,1,2,1,2,2,0.286,1.0,gather_birch_log,True,结果:unparseable_reply;动作:wait;实体:birch_planks;实体:birch_log;实体:oak_planks;实体:oak_log;实体:hunger
D-noact,T3,9,2,2,8,4.75,35.15,23.75,0.0658,2.9742,3,5,1,2,3,1,2,2,0.375,0.875,wait,True,实体:birch_planks;实体:birch_log;实体:oak_planks;实体:oak_log;实体:hunger;结果:unparseable_reply;动作:wait;结果:got:birch_log
D-noact,T3,9,2,3,8,4.75,35.51,23.75,0.0614,2.9704,2,5,1,2,3,1,2,2,0.375,1.0,wait,True,结果:unparseable_reply;动作:wait;实体:birch_planks;实体:birch_log;实体:oak_planks;实体:oak_log;实体:hunger;结果:got:birch_log
D-noact,T3,9,2,4,8,4.75,35.39,23.75,0.0645,2.9669,2,5,1,2,3,1,2,2,0.375,1.0,wait,True,结果:unparseable_reply;动作:wait;实体:birch_planks;实体:birch_log;实体:oak_planks;实体:oak_log;实体:hunger;结果:got:birch_log
D-noact,T3,9,2,5,8,4.75,35.29,23.75,0.0672,2.9637,2,5,1,2,3,1,2,2,0.375,1.0,craft_birch_planks,True,结果:unparseable_reply;动作:wait;实体:birch_planks;实体:birch_log;实体:oak_planks;实体:oak_log;实体:hunger;结果:got:birch_log
D-noact,T2,10,1,0,0,,0,0,,,0,0,0,0,0,0,0,0,0.0,,gather_oak_log,True,
D-noact,T2,10,1,1,5,2.38,11.9,11.9,0.0,2.3219,1,3,1,1,4,1,0,0,0.8,,wait,True,结果:got:oak_log;动作:gather_oak_log;实体:oak_planks;实体:oak_log;实体:hunger
D-noact,T2,10,1,2,7,4.63,23.17,18.65,0.1739,2.7223,3,3,2,2,4,1,0,2,0.571,0.714,craft_oak_planks,True,实体:oak_planks;实体:oak_log;实体:hunger;结果:unparseable_reply;动作:wait;结果:got:oak_log;动作:gather_oak_log
D-noact,T3,10,1,0,0,,0,0,,,0,0,0,0,0,0,0,0,0.0,,wait,True,
D-noact,T3,10,1,1,7,2.38,16.66,11.9,0.0,2.8074,1,5,1,1,2,3,0,2,0.286,,wait,True,结果:unparseable_reply;动作:wait;实体:birch_planks;实体:birch_log;实体:oak_planks;实体:oak_log;实体:hunger
D-noact,T3,10,1,2,7,4.63,32.41,23.15,0.0,2.8074,1,5,1,1,2,3,0,2,0.286,1.0,wait,True,结果:unparseable_reply;动作:wait;实体:birch_planks;实体:birch_log;实体:oak_planks;实体:oak_log;实体:hunger
D-noact,T3,10,1,3,7,4.75,33.25,23.75,0.0,2.8074,1,5,1,1,2,3,0,2,0.286,1.0,wait,True,结果:unparseable_reply;动作:wait;实体:birch_planks;实体:birch_log;实体:oak_planks;实体:oak_log;实体:hunger
D-noact,T3,10,1,4,7,4.75,33.25,23.75,0.0,2.8074,1,5,1,1,2,3,0,2,0.286,1.0,wait,True,结果:unparseable_reply;动作:wait;实体:birch_planks;实体:birch_log;实体:oak_planks;实体:oak_log;实体:hunger
D-noact,T3,10,2,0,7,4.75,33.25,23.75,0.0,2.8074,1,5,1,1,2,1,2,2,0.286,1.0,gather_birch_log,True,结果:unparseable_reply;动作:wait;实体:birch_planks;实体:birch_log;实体:oak_planks;实体:oak_log;实体:hunger
D-noact,T3,10,2,1,8,4.75,35.15,23.75,0.0658,2.9742,3,5,1,2,3,1,2,2,0.375,0.875,wait,True,实体:birch_planks;实体:birch_log;实体:oak_planks;实体:oak_log;实体:hunger;结果:unparseable_reply;动作:wait;结果:got:birch_log
D-noact,T3,10,2,2,8,4.75,35.51,23.75,0.0614,2.9704,2,5,1,2,3,1,2,2,0.375,1.0,craft_birch_planks,True,结果:unparseable_reply;动作:wait;实体:birch_planks;实体:birch_log;实体:oak_planks;实体:oak_log;实体:hunger;结果:got:birch_log
D-noact,T2,11,1,0,0,,0,0,,,0,0,0,0,0,0,0,0,0.0,,gather_oak_log,True,
D-noact,T2,11,1,1,5,2.38,11.9,11.9,0.0,2.3219,1,3,1,1,4,1,0,0,0.8,,craft_oak_planks,True,结果:got:oak_log;动作:gather_oak_log;实体:oak_planks;实体:oak_log;实体:hunger
D-noact,T3,11,1,0,0,,0,0,,,0,0,0,0,0,0,0,0,0.0,,wait,True,
D-noact,T3,11,1,1,7,2.38,16.66,11.9,0.0,2.8074,1,5,1,1,2,3,0,2,0.286,,wait,True,结果:unparseable_reply;动作:wait;实体:birch_planks;实体:birch_log;实体:oak_planks;实体:oak_log;实体:hunger
D-noact,T3,11,1,2,7,4.63,32.41,23.15,0.0,2.8074,1,5,1,1,2,3,0,2,0.286,1.0,gather_oak_log,True,结果:unparseable_reply;动作:wait;实体:birch_planks;实体:birch_log;实体:oak_planks;实体:oak_log;实体:hunger
D-noact,T3,11,1,3,8,4.75,34.93,23.75,0.0694,2.9742,3,5,1,2,3,3,0,2,0.375,0.875,wait,True,实体:birch_planks;实体:birch_log;实体:oak_planks;实体:oak_log;实体:hunger;结果:unparseable_reply;动作:wait;结果:got:oak_log
D-noact,T3,11,1,4,8,4.75,35.51,23.75,0.0614,2.9704,2,5,1,2,3,3,0,2,0.375,1.0,craft_oak_planks,True,结果:unparseable_reply;动作:wait;实体:birch_planks;实体:birch_log;实体:oak_planks;实体:oak_log;实体:hunger;结果:got:oak_log
D-noact,T3,11,2,0,8,4.75,35.15,23.75,0.0658,2.9742,3,5,1,2,2,2,2,2,0.25,0.778,gather_birch_log,True,实体:birch_planks;实体:birch_log;实体:oak_planks;实体:oak_log;实体:hunger;结果:unparseable_reply;动作:wait;结果:crafted:oak_planks
D-noact,T3,11,2,1,8,4.75,34.71,23.75,0.073,2.974,3,5,1,2,3,1,2,2,0.375,0.778,craft_birch_planks,True,实体:birch_planks;实体:birch_log;实体:oak_planks;实体:oak_log;实体:hunger;结果:unparseable_reply;动作:wait;结果:got:birch_log
D-noact,T2,12,1,0,0,,0,0,,,0,0,0,0,0,0,0,0,0.0,,gather_oak_log,True,
D-noact,T2,12,1,1,5,2.38,11.9,11.9,0.0,2.3219,1,3,1,1,4,1,0,0,0.8,,wait,True,结果:got:oak_log;动作:gather_oak_log;实体:oak_planks;实体:oak_log;实体:hunger
D-noact,T2,12,1,2,7,4.63,23.17,18.65,0.1739,2.7223,3,3,2,2,4,1,0,2,0.571,0.714,craft_oak_planks,True,实体:oak_planks;实体:oak_log;实体:hunger;结果:unparseable_reply;动作:wait;结果:got:oak_log;动作:gather_oak_log
D-noact,T3,12,1,0,0,,0,0,,,0,0,0,0,0,0,0,0,0.0,,gather_oak_log,True,
D-noact,T3,12,1,1,7,2.38,16.66,11.9,0.0,2.8074,1,5,1,1,4,3,0,0,0.571,,craft_oak_planks,True,结果:got:oak_log;动作:gather_oak_log;实体:birch_planks;实体:birch_log;实体:oak_planks;实体:oak_log;实体:hunger
D-noact,T3,12,2,0,8,4.63,30.17,23.15,0.1433,2.933,3,5,1,2,2,4,2,0,0.25,0.667,wait,True,实体:birch_planks;实体:birch_log;实体:oak_planks;实体:oak_log;实体:hunger;结果:crafted:oak_planks;动作:craft_oak_planks;结果:got:oak_log
D-noact,T3,12,2,1,8,4.75,30.77,23.75,0.1478,2.9285,3,5,1,2,2,2,2,2,0.25,0.6,wait,True,实体:birch_planks;实体:birch_log;实体:oak_planks;实体:oak_log;实体:hunger;结果:unparseable_reply;动作:wait;结果:crafted:oak_planks
D-noact,T3,12,2,2,8,4.75,35.15,23.75,0.0684,2.9673,3,5,1,2,2,2,2,2,0.25,1.0,wait,True,实体:birch_planks;实体:birch_log;实体:oak_planks;实体:oak_log;实体:hunger;结果:unparseable_reply;动作:wait;结果:crafted:oak_planks
D-noact,T3,12,2,3,8,4.75,35.29,23.75,0.0672,2.9637,2,5,1,2,2,2,2,2,0.25,1.0,wait,True,结果:unparseable_reply;动作:wait;实体:birch_planks;实体:birch_log;实体:oak_planks;实体:oak_log;实体:hunger;结果:crafted:oak_planks
D-noact,T3,12,2,4,8,4.75,35.18,23.75,0.0701,2.96,2,5,1,2,2,2,2,2,0.25,1.0,gather_birch_log,True,结果:unparseable_reply;动作:wait;实体:birch_planks;实体:birch_log;实体:oak_planks;实体:oak_log;实体:hunger;结果:crafted:oak_planks
D-noact,T3,12,2,5,8,4.75,35.15,23.75,0.0658,2.9742,3,5,1,2,3,1,2,2,0.375,0.778,wait,True,实体:birch_planks;实体:birch_log;实体:oak_planks;实体:oak_log;实体:hunger;结果:unparseable_reply;动作:wait;结果:got:birch_log
D-noact,T3,12,2,6,8,4.75,35.51,23.75,0.0614,2.9704,2,5,1,2,3,1,2,2,0.375,1.0,craft_birch_planks,True,结果:unparseable_reply;动作:wait;实体:birch_planks;实体:birch_log;实体:oak_planks;实体:oak_log;实体:hunger;结果:got:birch_log
D-noact,T2,13,1,0,0,,0,0,,,0,0,0,0,0,0,0,0,0.0,,gather_oak_log,True,
D-noact,T2,13,1,1,5,2.38,11.9,11.9,0.0,2.3219,1,3,1,1,4,1,0,0,0.8,,craft_oak_planks,True,结果:got:oak_log;动作:gather_oak_log;实体:oak_planks;实体:oak_log;实体:hunger
D-noact,T3,13,1,0,0,,0,0,,,0,0,0,0,0,0,0,0,0.0,,gather_oak_log,True,
D-noact,T3,13,1,1,7,2.38,16.66,11.9,0.0,2.8074,1,5,1,1,4,3,0,0,0.571,,wait,True,结果:got:oak_log;动作:gather_oak_log;实体:birch_planks;实体:birch_log;实体:oak_planks;实体:oak_log;实体:hunger
D-noact,T3,13,1,2,8,4.63,30.17,23.15,0.1433,2.933,3,5,1,2,3,3,0,2,0.375,0.667,craft_oak_planks,True,实体:birch_planks;实体:birch_log;实体:oak_planks;实体:oak_log;实体:hunger;结果:unparseable_reply;动作:wait;结果:got:oak_log
D-noact,T3,13,2,0,8,4.75,30.77,23.75,0.1478,2.9285,3,5,1,2,2,3,2,1,0.25,0.6,wait,True,实体:birch_planks;实体:birch_log;实体:oak_planks;实体:oak_log;实体:hunger;结果:crafted:oak_planks;动作:craft_oak_planks;结果:unparseable_reply
D-noact,T3,13,2,1,8,4.75,35.05,23.75,0.0687,2.971,3,5,1,2,2,2,2,2,0.25,0.778,gather_birch_log,True,实体:birch_planks;实体:birch_log;实体:oak_planks;实体:oak_log;实体:hunger;结果:unparseable_reply;动作:wait;结果:crafted:oak_planks
D-noact,T3,13,2,2,8,4.75,34.71,23.75,0.073,2.974,3,5,1,2,3,1,2,2,0.375,0.778,wait,True,实体:birch_planks;实体:birch_log;实体:oak_planks;实体:oak_log;实体:hunger;结果:unparseable_reply;动作:wait;结果:got:birch_log
D-noact,T3,13,2,3,8,4.75,35.51,23.75,0.0614,2.9704,2,5,1,2,3,1,2,2,0.375,1.0,wait,True,结果:unparseable_reply;动作:wait;实体:birch_planks;实体:birch_log;实体:oak_planks;实体:oak_log;实体:hunger;结果:got:birch_log
D-noact,T3,13,2,4,8,4.75,35.39,23.75,0.0645,2.9669,2,5,1,2,3,1,2,2,0.375,1.0,craft_birch_planks,True,结果:unparseable_reply;动作:wait;实体:birch_planks;实体:birch_log;实体:oak_planks;实体:oak_log;实体:hunger;结果:got:birch_log
D-noact,T2,14,1,0,0,,0,0,,,0,0,0,0,0,0,0,0,0.0,,gather_oak_log,True,
D-noact,T2,14,1,1,5,2.38,11.9,11.9,0.0,2.3219,1,3,1,1,4,1,0,0,0.8,,craft_oak_planks,True,结果:got:oak_log;动作:gather_oak_log;实体:oak_planks;实体:oak_log;实体:hunger
D-noact,T3,14,1,0,0,,0,0,,,0,0,0,0,0,0,0,0,0.0,,gather_oak_log,True,
D-noact,T3,14,1,1,7,2.38,16.66,11.9,0.0,2.8074,1,5,1,1,4,3,0,0,0.571,,craft_oak_planks,True,结果:got:oak_log;动作:gather_oak_log;实体:birch_planks;实体:birch_log;实体:oak_planks;实体:oak_log;实体:hunger
D-noact,T3,14,2,0,8,4.63,30.17,23.15,0.1433,2.933,3,5,1,2,2,4,2,0,0.25,0.667,wait,True,实体:birch_planks;实体:birch_log;实体:oak_planks;实体:oak_log;实体:hunger;结果:crafted:oak_planks;动作:craft_oak_planks;结果:got:oak_log
D-noact,T3,14,2,1,8,4.75,30.77,23.75,0.1478,2.9285,3,5,1,2,2,2,2,2,0.25,0.6,wait,True,实体:birch_planks;实体:birch_log;实体:oak_planks;实体:oak_log;实体:hunger;结果:unparseable_reply;动作:wait;结果:crafted:oak_planks
D-noact,T3,14,2,2,8,4.75,35.15,23.75,0.0684,2.9673,3,5,1,2,2,2,2,2,0.25,1.0,gather_birch_log,True,实体:birch_planks;实体:birch_log;实体:oak_planks;实体:oak_log;实体:hunger;结果:unparseable_reply;动作:wait;结果:crafted:oak_planks
D-noact,T3,14,2,3,8,4.75,34.93,23.75,0.0694,2.9742,3,5,1,2,3,1,2,2,0.375,0.778,wait,True,实体:birch_planks;实体:birch_log;实体:oak_planks;实体:oak_log;实体:hunger;结果:unparseable_reply;动作:wait;结果:got:birch_log
D-noact,T3,14,2,4,8,4.75,35.51,23.75,0.0614,2.9704,2,5,1,2,3,1,2,2,0.375,1.0,wait,True,结果:unparseable_reply;动作:wait;实体:birch_planks;实体:birch_log;实体:oak_planks;实体:oak_log;实体:hunger;结果:got:birch_log
D-noact,T3,14,2,5,8,4.75,35.39,23.75,0.0645,2.9669,2,5,1,2,3,1,2,2,0.375,1.0,craft_birch_planks,True,结果:unparseable_reply;动作:wait;实体:birch_planks;实体:birch_log;实体:oak_planks;实体:oak_log;实体:hunger;结果:got:birch_log
D-noact,T2,15,1,0,0,,0,0,,,0,0,0,0,0,0,0,0,0.0,,gather_oak_log,True,
D-noact,T2,15,1,1,5,2.38,11.9,11.9,0.0,2.3219,1,3,1,1,4,1,0,0,0.8,,craft_oak_planks,True,结果:got:oak_log;动作:gather_oak_log;实体:oak_planks;实体:oak_log;实体:hunger
D-noact,T3,15,1,0,0,,0,0,,,0,0,0,0,0,0,0,0,0.0,,gather_oak_log,True,
D-noact,T3,15,1,1,7,2.38,16.66,11.9,0.0,2.8074,1,5,1,1,4,3,0,0,0.571,,wait,True,结果:got:oak_log;动作:gather_oak_log;实体:birch_planks;实体:birch_log;实体:oak_planks;实体:oak_log;实体:hunger
D-noact,T3,15,1,2,8,4.63,30.17,23.15,0.1433,2.933,3,5,1,2,3,3,0,2,0.375,0.667,craft_oak_planks,True,实体:birch_planks;实体:birch_log;实体:oak_planks;实体:oak_log;实体:hunger;结果:unparseable_reply;动作:wait;结果:got:oak_log
D-noact,T3,15,2,0,8,4.75,30.77,23.75,0.1478,2.9285,3,5,1,2,2,3,2,1,0.25,0.6,wait,True,实体:birch_planks;实体:birch_log;实体:oak_planks;实体:oak_log;实体:hunger;结果:crafted:oak_planks;动作:craft_oak_planks;结果:unparseable_reply
D-noact,T3,15,2,1,8,4.75,35.05,23.75,0.0687,2.971,3,5,1,2,2,2,2,2,0.25,0.778,gather_birch_log,True,实体:birch_planks;实体:birch_log;实体:oak_planks;实体:oak_log;实体:hunger;结果:unparseable_reply;动作:wait;结果:crafted:oak_planks
D-noact,T3,15,2,2,8,4.75,34.71,23.75,0.073,2.974,3,5,1,2,3,1,2,2,0.375,0.778,wait,True,实体:birch_planks;实体:birch_log;实体:oak_planks;实体:oak_log;实体:hunger;结果:unparseable_reply;动作:wait;结果:got:birch_log
D-noact,T3,15,2,3,8,4.75,35.51,23.75,0.0614,2.9704,2,5,1,2,3,1,2,2,0.375,1.0,craft_birch_planks,True,结果:unparseable_reply;动作:wait;实体:birch_planks;实体:birch_log;实体:oak_planks;实体:oak_log;实体:hunger;结果:got:birch_log
D-noact,T2,16,1,0,0,,0,0,,,0,0,0,0,0,0,0,0,0.0,,gather_oak_log,True,
D-noact,T2,16,1,1,5,2.38,11.9,11.9,0.0,2.3219,1,3,1,1,4,1,0,0,0.8,,craft_oak_planks,True,结果:got:oak_log;动作:gather_oak_log;实体:oak_planks;实体:oak_log;实体:hunger
D-noact,T2,17,1,0,0,,0,0,,,0,0,0,0,0,0,0,0,0.0,,gather_oak_log,True,
D-noact,T2,17,1,1,5,2.38,11.9,11.9,0.0,2.3219,1,3,1,1,4,1,0,0,0.8,,craft_oak_planks,True,结果:got:oak_log;动作:gather_oak_log;实体:oak_planks;实体:oak_log;实体:hunger
D-noact,T2,18,1,0,0,,0,0,,,0,0,0,0,0,0,0,0,0.0,,gather_oak_log,True,
D-noact,T2,18,1,1,5,2.38,11.9,11.9,0.0,2.3219,1,3,1,1,4,1,0,0,0.8,,wait,True,结果:got:oak_log;动作:gather_oak_log;实体:oak_planks;实体:oak_log;实体:hunger
D-noact,T2,18,1,2,7,4.63,23.17,18.65,0.1739,2.7223,3,3,2,2,4,1,0,2,0.571,0.714,craft_oak_planks,True,实体:oak_planks;实体:oak_log;实体:hunger;结果:unparseable_reply;动作:wait;结果:got:oak_log;动作:gather_oak_log
D-noact,T3,16,1,0,0,,0,0,,,0,0,0,0,0,0,0,0,0.0,,wait,True,
D-noact,T3,16,1,1,7,2.38,16.66,11.9,0.0,2.8074,1,5,1,1,2,3,0,2,0.286,,wait,True,结果:unparseable_reply;动作:wait;实体:birch_planks;实体:birch_log;实体:oak_planks;实体:oak_log;实体:hunger
D-noact,T3,16,1,2,7,4.63,32.41,23.15,0.0,2.8074,1,5,1,1,2,3,0,2,0.286,1.0,gather_oak_log,True,结果:unparseable_reply;动作:wait;实体:birch_planks;实体:birch_log;实体:oak_planks;实体:oak_log;实体:hunger
D-noact,T3,16,1,3,8,4.75,34.93,23.75,0.0694,2.9742,3,5,1,2,3,3,0,2,0.375,0.875,craft_oak_planks,True,实体:birch_planks;实体:birch_log;实体:oak_planks;实体:oak_log;实体:hunger;结果:unparseable_reply;动作:wait;结果:got:oak_log
D-noact,T3,16,2,0,8,4.75,34.49,23.75,0.0767,2.9737,3,5,1,2,2,2,2,2,0.25,0.778,gather_birch_log,True,实体:birch_planks;实体:birch_log;实体:oak_planks;实体:oak_log;实体:hunger;结果:unparseable_reply;动作:wait;结果:crafted:oak_planks
D-noact,T3,16,2,1,8,4.75,34.07,23.75,0.0838,2.9725,3,5,1,2,3,1,2,2,0.375,0.778,craft_birch_planks,True,实体:birch_planks;实体:birch_log;实体:oak_planks;实体:oak_log;实体:hunger;结果:unparseable_reply;动作:wait;结果:got:birch_log
D-noact,T2,19,1,0,0,,0,0,,,0,0,0,0,0,0,0,0,0.0,,gather_oak_log,True,
D-noact,T2,19,1,1,5,2.38,11.9,11.9,0.0,2.3219,1,3,1,1,4,1,0,0,0.8,,wait,True,结果:got:oak_log;动作:gather_oak_log;实体:oak_planks;实体:oak_log;实体:hunger
D-noact,T2,19,1,2,7,4.63,23.17,18.65,0.1739,2.7223,3,3,2,2,4,1,0,2,0.571,0.714,craft_oak_planks,True,实体:oak_planks;实体:oak_log;实体:hunger;结果:unparseable_reply;动作:wait;结果:got:oak_log;动作:gather_oak_log
D-noact,T2,20,1,0,0,,0,0,,,0,0,0,0,0,0,0,0,0.0,,wait,True,
D-noact,T2,20,1,1,5,2.38,11.9,11.9,0.0,2.3219,1,3,1,1,2,1,0,2,0.4,,gather_oak_log,True,结果:unparseable_reply;动作:wait;实体:oak_planks;实体:oak_log;实体:hunger
D-noact,T2,20,1,2,7,4.63,23.17,18.65,0.1739,2.7223,3,3,2,2,4,1,0,2,0.571,0.714,craft_oak_planks,True,实体:oak_planks;实体:oak_log;实体:hunger;结果:got:oak_log;动作:gather_oak_log;结果:unparseable_reply;动作:wait
D-noact,T3,17,1,0,0,,0,0,,,0,0,0,0,0,0,0,0,0.0,,wait,True,
D-noact,T3,17,1,1,7,2.38,16.66,11.9,0.0,2.8074,1,5,1,1,2,3,0,2,0.286,,wait,True,结果:unparseable_reply;动作:wait;实体:birch_planks;实体:birch_log;实体:oak_planks;实体:oak_log;实体:hunger
D-noact,T3,17,1,2,7,4.63,32.41,23.15,0.0,2.8074,1,5,1,1,2,3,0,2,0.286,1.0,wait,True,结果:unparseable_reply;动作:wait;实体:birch_planks;实体:birch_log;实体:oak_planks;实体:oak_log;实体:hunger
D-noact,T3,17,1,3,7,4.75,33.25,23.75,0.0,2.8074,1,5,1,1,2,3,0,2,0.286,1.0,gather_oak_log,True,结果:unparseable_reply;动作:wait;实体:birch_planks;实体:birch_log;实体:oak_planks;实体:oak_log;实体:hunger
D-noact,T3,17,1,4,8,4.75,35.15,23.75,0.0658,2.9742,3,5,1,2,3,3,0,2,0.375,0.875,wait,True,实体:birch_planks;实体:birch_log;实体:oak_planks;实体:oak_log;实体:hunger;结果:unparseable_reply;动作:wait;结果:got:oak_log
D-noact,T3,17,2,0,8,4.75,35.51,23.75,0.0614,2.9704,2,5,1,2,2,2,2,2,0.25,1.0,wait,True,结果:unparseable_reply;动作:wait;实体:birch_planks;实体:birch_log;实体:oak_planks;实体:oak_log;实体:hunger;结果:got:oak_log
D-noact,T3,17,2,1,8,4.75,35.39,23.75,0.0645,2.9669,2,5,1,2,2,2,2,2,0.25,1.0,wait,True,结果:unparseable_reply;动作:wait;实体:birch_planks;实体:birch_log;实体:oak_planks;实体:oak_log;实体:hunger;结果:got:oak_log
D-noact,T3,17,2,2,8,4.75,35.29,23.75,0.0672,2.9637,2,5,1,2,2,2,2,2,0.25,1.0,wait,True,结果:unparseable_reply;动作:wait;实体:birch_planks;实体:birch_log;实体:oak_planks;实体:oak_log;实体:hunger;结果:got:oak_log
D-noact,T3,17,2,3,8,4.75,35.18,23.75,0.0701,2.96,2,5,1,2,2,2,2,2,0.25,1.0,gather_birch_log,True,结果:unparseable_reply;动作:wait;实体:birch_planks;实体:birch_log;实体:oak_planks;实体:oak_log;实体:hunger;结果:got:oak_log
D-noact,T3,17,2,4,8,4.75,35.15,23.75,0.0658,2.9742,3,5,1,2,3,1,2,2,0.375,0.778,wait,True,实体:birch_planks;实体:birch_log;实体:oak_planks;实体:oak_log;实体:hunger;结果:unparseable_reply;动作:wait;结果:got:birch_log
D-noact,T3,17,2,5,8,4.75,35.51,23.75,0.0614,2.9704,2,5,1,2,3,1,2,2,0.375,1.0,wait,True,结果:unparseable_reply;动作:wait;实体:birch_planks;实体:birch_log;实体:oak_planks;实体:oak_log;实体:hunger;结果:got:birch_log
D-noact,T3,17,2,6,8,4.75,35.39,23.75,0.0645,2.9669,2,5,1,2,3,1,2,2,0.375,1.0,wait,True,结果:unparseable_reply;动作:wait;实体:birch_planks;实体:birch_log;实体:oak_planks;实体:oak_log;实体:hunger;结果:got:birch_log
D-noact,T3,17,2,7,8,4.75,35.29,23.75,0.0672,2.9637,2,5,1,2,3,1,2,2,0.375,1.0,wait,True,结果:unparseable_reply;动作:wait;实体:birch_planks;实体:birch_log;实体:oak_planks;实体:oak_log;实体:hunger;结果:got:birch_log
D-noact,T3,18,1,0,0,,0,0,,,0,0,0,0,0,0,0,0,0.0,,wait,True,
D-noact,T3,18,1,1,7,2.38,16.66,11.9,0.0,2.8074,1,5,1,1,2,3,0,2,0.286,,wait,True,结果:unparseable_reply;动作:wait;实体:birch_planks;实体:birch_log;实体:oak_planks;实体:oak_log;实体:hunger
D-noact,T3,18,1,2,7,4.63,32.41,23.15,0.0,2.8074,1,5,1,1,2,3,0,2,0.286,1.0,gather_oak_log,True,结果:unparseable_reply;动作:wait;实体:birch_planks;实体:birch_log;实体:oak_planks;实体:oak_log;实体:hunger
D-noact,T3,18,1,3,8,4.75,34.93,23.75,0.0694,2.9742,3,5,1,2,3,3,0,2,0.375,0.875,craft_oak_planks,True,实体:birch_planks;实体:birch_log;实体:oak_planks;实体:oak_log;实体:hunger;结果:unparseable_reply;动作:wait;结果:got:oak_log
D-noact,T3,18,2,0,8,4.75,34.49,23.75,0.0767,2.9737,3,5,1,2,2,2,2,2,0.25,0.778,wait,True,实体:birch_planks;实体:birch_log;实体:oak_planks;实体:oak_log;实体:hunger;结果:unparseable_reply;动作:wait;结果:crafted:oak_planks
D-noact,T3,18,2,1,8,4.75,35.51,23.75,0.0614,2.9704,2,5,1,2,2,2,2,2,0.25,1.0,gather_birch_log,True,结果:unparseable_reply;动作:wait;实体:birch_planks;实体:birch_log;实体:oak_planks;实体:oak_log;实体:hunger;结果:crafted:oak_planks
D-noact,T3,18,2,2,8,4.75,35.15,23.75,0.0658,2.9742,3,5,1,2,3,1,2,2,0.375,0.778,wait,True,实体:birch_planks;实体:birch_log;实体:oak_planks;实体:oak_log;实体:hunger;结果:unparseable_reply;动作:wait;结果:got:birch_log
D-noact,T3,18,2,3,8,4.75,35.51,23.75,0.0614,2.9704,2,5,1,2,3,1,2,2,0.375,1.0,wait,True,结果:unparseable_reply;动作:wait;实体:birch_planks;实体:birch_log;实体:oak_planks;实体:oak_log;实体:hunger;结果:got:birch_log
D-noact,T3,18,2,4,8,4.75,35.39,23.75,0.0645,2.9669,2,5,1,2,3,1,2,2,0.375,1.0,wait,True,结果:unparseable_reply;动作:wait;实体:birch_planks;实体:birch_log;实体:oak_planks;实体:oak_log;实体:hunger;结果:got:birch_log
D-noact,T3,18,2,5,8,4.75,35.29,23.75,0.0672,2.9637,2,5,1,2,3,1,2,2,0.375,1.0,wait,True,结果:unparseable_reply;动作:wait;实体:birch_planks;实体:birch_log;实体:oak_planks;实体:oak_log;实体:hunger;结果:got:birch_log
D-noact,T3,18,2,6,8,4.75,35.18,23.75,0.0701,2.96,2,5,1,2,3,1,2,2,0.375,1.0,craft_birch_planks,True,结果:unparseable_reply;动作:wait;实体:birch_planks;实体:birch_log;实体:oak_planks;实体:oak_log;实体:hunger;结果:got:birch_log
D-noact,T3,19,1,0,0,,0,0,,,0,0,0,0,0,0,0,0,0.0,,wait,True,
D-noact,T3,19,1,1,7,2.38,16.66,11.9,0.0,2.8074,1,5,1,1,2,3,0,2,0.286,,gather_oak_log,True,结果:unparseable_reply;动作:wait;实体:birch_planks;实体:birch_log;实体:oak_planks;实体:oak_log;实体:hunger
D-noact,T3,19,1,2,8,4.63,30.17,23.15,0.1433,2.933,3,5,1,2,4,3,0,1,0.5,0.667,craft_oak_planks,True,实体:birch_planks;实体:birch_log;实体:oak_planks;实体:oak_log;实体:hunger;结果:got:oak_log;动作:gather_oak_log;结果:unparseable_reply
D-noact,T3,19,2,0,8,4.75,30.77,23.75,0.1478,2.9285,3,5,1,2,2,4,2,0,0.25,0.6,wait,True,实体:birch_planks;实体:birch_log;实体:oak_planks;实体:oak_log;实体:hunger;结果:crafted:oak_planks;动作:craft_oak_planks;结果:got:oak_log
D-noact,T3,19,2,1,8,4.75,34.83,23.75,0.0723,2.971,3,5,1,2,2,2,2,2,0.25,0.6,wait,True,实体:birch_planks;实体:birch_log;实体:oak_planks;实体:oak_log;实体:hunger;结果:unparseable_reply;动作:wait;结果:crafted:oak_planks
D-noact,T3,19,2,2,8,4.75,35.39,23.75,0.0645,2.9669,2,5,1,2,2,2,2,2,0.25,1.0,gather_birch_log,True,结果:unparseable_reply;动作:wait;实体:birch_planks;实体:birch_log;实体:oak_planks;实体:oak_log;实体:hunger;结果:crafted:oak_planks
D-noact,T3,19,2,3,8,4.75,35.15,23.75,0.0658,2.9742,3,5,1,2,3,1,2,2,0.375,0.778,craft_birch_planks,True,实体:birch_planks;实体:birch_log;实体:oak_planks;实体:oak_log;实体:hunger;结果:unparseable_reply;动作:wait;结果:got:birch_log
D-noact,T3,20,1,0,0,,0,0,,,0,0,0,0,0,0,0,0,0.0,,wait,True,
D-noact,T3,20,1,1,7,2.38,16.66,11.9,0.0,2.8074,1,5,1,1,2,3,0,2,0.286,,wait,True,结果:unparseable_reply;动作:wait;实体:birch_planks;实体:birch_log;实体:oak_planks;实体:oak_log;实体:hunger
D-noact,T3,20,1,2,7,4.63,32.41,23.15,0.0,2.8074,1,5,1,1,2,3,0,2,0.286,1.0,gather_oak_log,True,结果:unparseable_reply;动作:wait;实体:birch_planks;实体:birch_log;实体:oak_planks;实体:oak_log;实体:hunger
D-noact,T3,20,1,3,8,4.75,34.93,23.75,0.0694,2.9742,3,5,1,2,3,3,0,2,0.375,0.875,craft_oak_planks,True,实体:birch_planks;实体:birch_log;实体:oak_planks;实体:oak_log;实体:hunger;结果:unparseable_reply;动作:wait;结果:got:oak_log
D-noact,T3,20,2,0,8,4.75,34.49,23.75,0.0767,2.9737,3,5,1,2,2,2,2,2,0.25,0.778,wait,True,实体:birch_planks;实体:birch_log;实体:oak_planks;实体:oak_log;实体:hunger;结果:unparseable_reply;动作:wait;结果:crafted:oak_planks
D-noact,T3,20,2,1,8,4.75,35.51,23.75,0.0614,2.9704,2,5,1,2,2,2,2,2,0.25,1.0,gather_birch_log,True,结果:unparseable_reply;动作:wait;实体:birch_planks;实体:birch_log;实体:oak_planks;实体:oak_log;实体:hunger;结果:crafted:oak_planks
D-noact,T3,20,2,2,8,4.75,35.15,23.75,0.0658,2.9742,3,5,1,2,3,1,2,2,0.375,0.778,wait,True,实体:birch_planks;实体:birch_log;实体:oak_planks;实体:oak_log;实体:hunger;结果:unparseable_reply;动作:wait;结果:got:birch_log
D-noact,T3,20,2,3,8,4.75,35.51,23.75,0.0614,2.9704,2,5,1,2,3,1,2,2,0.375,1.0,craft_birch_planks,True,结果:unparseable_reply;动作:wait;实体:birch_planks;实体:birch_log;实体:oak_planks;实体:oak_log;实体:hunger;结果:got:birch_log
D-nodemand,T2,1,1,0,0,,0,0,,,0,0,0,0,0,0,0,0,0.0,,gather_oak_log,True,
D-nodemand,T2,1,1,1,5,2.38,11.9,11.9,0.0,2.3219,1,3,1,1,4,1,0,0,0.8,,craft_oak_planks,True,结果:got:oak_log;动作:gather_oak_log;实体:oak_planks;实体:oak_log;实体:hunger
D-nodemand,T3,1,1,0,0,,0,0,,,0,0,0,0,0,0,0,0,0.0,,gather_oak_log,True,
D-nodemand,T3,1,1,1,7,2.38,16.66,11.9,0.0,2.8074,1,5,1,1,4,3,0,0,0.571,,craft_oak_planks,True,结果:got:oak_log;动作:gather_oak_log;实体:birch_planks;实体:birch_log;实体:oak_planks;实体:oak_log;实体:hunger
D-nodemand,T3,1,2,0,8,4.63,30.17,23.15,0.1433,2.933,3,5,1,2,2,4,2,0,0.25,0.667,wait,True,实体:birch_planks;实体:birch_log;实体:oak_planks;实体:oak_log;实体:hunger;结果:crafted:oak_planks;动作:craft_oak_planks;结果:got:oak_log
D-nodemand,T3,1,2,1,8,4.75,30.77,23.75,0.1478,2.9285,3,5,1,2,2,2,2,2,0.25,0.6,wait,True,实体:birch_planks;实体:birch_log;实体:oak_planks;实体:oak_log;实体:hunger;结果:unparseable_reply;动作:wait;结果:crafted:oak_planks
D-nodemand,T3,1,2,2,8,4.75,35.15,23.75,0.0684,2.9673,3,5,1,2,2,2,2,2,0.25,1.0,gather_birch_log,True,实体:birch_planks;实体:birch_log;实体:oak_planks;实体:oak_log;实体:hunger;结果:unparseable_reply;动作:wait;结果:crafted:oak_planks
D-nodemand,T3,1,2,3,8,4.75,34.93,23.75,0.0694,2.9742,3,5,1,2,3,1,2,2,0.375,0.778,craft_birch_planks,True,实体:birch_planks;实体:birch_log;实体:oak_planks;实体:oak_log;实体:hunger;结果:unparseable_reply;动作:wait;结果:got:birch_log
D-nodemand,T2,2,1,0,0,,0,0,,,0,0,0,0,0,0,0,0,0.0,,gather_oak_log,True,
D-nodemand,T2,2,1,1,5,2.38,11.9,11.9,0.0,2.3219,1,3,1,1,4,1,0,0,0.8,,wait,True,结果:got:oak_log;动作:gather_oak_log;实体:oak_planks;实体:oak_log;实体:hunger
D-nodemand,T2,2,1,2,7,4.63,23.17,18.65,0.1739,2.7223,3,3,2,2,4,1,0,2,0.571,0.714,craft_oak_planks,True,实体:oak_planks;实体:oak_log;实体:hunger;结果:unparseable_reply;动作:wait;结果:got:oak_log;动作:gather_oak_log
D-nodemand,T3,2,1,0,0,,0,0,,,0,0,0,0,0,0,0,0,0.0,,gather_oak_log,True,
D-nodemand,T3,2,1,1,7,2.38,16.66,11.9,0.0,2.8074,1,5,1,1,4,3,0,0,0.571,,wait,True,结果:got:oak_log;动作:gather_oak_log;实体:birch_planks;实体:birch_log;实体:oak_planks;实体:oak_log;实体:hunger
D-nodemand,T3,2,1,2,8,4.63,30.17,23.15,0.1433,2.933,3,5,1,2,3,3,0,2,0.375,0.667,craft_oak_planks,True,实体:birch_planks;实体:birch_log;实体:oak_planks;实体:oak_log;实体:hunger;结果:unparseable_reply;动作:wait;结果:got:oak_log
D-nodemand,T3,2,2,0,8,4.75,30.77,23.75,0.1478,2.9285,3,5,1,2,2,3,2,1,0.25,0.6,wait,True,实体:birch_planks;实体:birch_log;实体:oak_planks;实体:oak_log;实体:hunger;结果:crafted:oak_planks;动作:craft_oak_planks;结果:unparseable_reply
D-nodemand,T3,2,2,1,8,4.75,35.05,23.75,0.0687,2.971,3,5,1,2,2,2,2,2,0.25,0.778,gather_birch_log,True,实体:birch_planks;实体:birch_log;实体:oak_planks;实体:oak_log;实体:hunger;结果:unparseable_reply;动作:wait;结果:crafted:oak_planks
D-nodemand,T3,2,2,2,8,4.75,34.71,23.75,0.073,2.974,3,5,1,2,3,1,2,2,0.375,0.778,craft_birch_planks,True,实体:birch_planks;实体:birch_log;实体:oak_planks;实体:oak_log;实体:hunger;结果:unparseable_reply;动作:wait;结果:got:birch_log
D-nodemand,T2,3,1,0,0,,0,0,,,0,0,0,0,0,0,0,0,0.0,,gather_oak_log,True,
D-nodemand,T2,3,1,1,5,2.38,11.9,11.9,0.0,2.3219,1,3,1,1,4,1,0,0,0.8,,craft_oak_planks,True,结果:got:oak_log;动作:gather_oak_log;实体:oak_planks;实体:oak_log;实体:hunger
D-nodemand,T3,3,1,0,0,,0,0,,,0,0,0,0,0,0,0,0,0.0,,gather_oak_log,True,
D-nodemand,T3,3,1,1,7,2.38,16.66,11.9,0.0,2.8074,1,5,1,1,4,3,0,0,0.571,,craft_oak_planks,True,结果:got:oak_log;动作:gather_oak_log;实体:birch_planks;实体:birch_log;实体:oak_planks;实体:oak_log;实体:hunger
D-nodemand,T3,3,2,0,8,4.63,30.17,23.15,0.1433,2.933,3,5,1,2,2,4,2,0,0.25,0.667,wait,True,实体:birch_planks;实体:birch_log;实体:oak_planks;实体:oak_log;实体:hunger;结果:crafted:oak_planks;动作:craft_oak_planks;结果:got:oak_log
D-nodemand,T3,3,2,1,8,4.75,30.77,23.75,0.1478,2.9285,3,5,1,2,2,2,2,2,0.25,0.6,gather_birch_log,True,实体:birch_planks;实体:birch_log;实体:oak_planks;实体:oak_log;实体:hunger;结果:unparseable_reply;动作:wait;结果:crafted:oak_planks
D-nodemand,T3,3,2,2,8,4.75,30.77,23.75,0.1478,2.9285,3,5,1,2,4,1,2,1,0.5,0.6,craft_birch_planks,True,实体:birch_planks;实体:birch_log;实体:oak_planks;实体:oak_log;实体:hunger;结果:got:birch_log;动作:gather_birch_log;结果:unparseable_reply
D-nodemand,T2,4,1,0,0,,0,0,,,0,0,0,0,0,0,0,0,0.0,,gather_oak_log,True,
D-nodemand,T2,4,1,1,5,2.38,11.9,11.9,0.0,2.3219,1,3,1,1,4,1,0,0,0.8,,craft_oak_planks,True,结果:got:oak_log;动作:gather_oak_log;实体:oak_planks;实体:oak_log;实体:hunger
D-nodemand,T3,4,1,0,0,,0,0,,,0,0,0,0,0,0,0,0,0.0,,gather_oak_log,True,
D-nodemand,T3,4,1,1,7,2.38,16.66,11.9,0.0,2.8074,1,5,1,1,4,3,0,0,0.571,,craft_oak_planks,True,结果:got:oak_log;动作:gather_oak_log;实体:birch_planks;实体:birch_log;实体:oak_planks;实体:oak_log;实体:hunger
D-nodemand,T3,4,2,0,8,4.63,30.17,23.15,0.1433,2.933,3,5,1,2,2,4,2,0,0.25,0.667,gather_birch_log,True,实体:birch_planks;实体:birch_log;实体:oak_planks;实体:oak_log;实体:hunger;结果:crafted:oak_planks;动作:craft_oak_planks;结果:got:oak_log
D-nodemand,T3,4,2,1,8,4.75,30.77,23.75,0.1478,2.9285,3,5,1,2,4,2,2,0,0.5,0.6,craft_birch_planks,True,实体:birch_planks;实体:birch_log;实体:oak_planks;实体:oak_log;实体:hunger;结果:got:birch_log;动作:gather_birch_log;结果:crafted:oak_planks
D-nodemand,T2,5,1,0,0,,0,0,,,0,0,0,0,0,0,0,0,0.0,,gather_oak_log,True,
D-nodemand,T2,5,1,1,5,2.38,11.9,11.9,0.0,2.3219,1,3,1,1,4,1,0,0,0.8,,craft_oak_planks,True,结果:got:oak_log;动作:gather_oak_log;实体:oak_planks;实体:oak_log;实体:hunger
D-nodemand,T3,5,1,0,0,,0,0,,,0,0,0,0,0,0,0,0,0.0,,wait,True,
D-nodemand,T3,5,1,1,7,2.38,16.66,11.9,0.0,2.8074,1,5,1,1,2,3,0,2,0.286,,wait,True,结果:unparseable_reply;动作:wait;实体:birch_planks;实体:birch_log;实体:oak_planks;实体:oak_log;实体:hunger
D-nodemand,T3,5,1,2,7,4.63,32.41,23.15,0.0,2.8074,1,5,1,1,2,3,0,2,0.286,1.0,gather_oak_log,True,结果:unparseable_reply;动作:wait;实体:birch_planks;实体:birch_log;实体:oak_planks;实体:oak_log;实体:hunger
D-nodemand,T3,5,1,3,8,4.75,34.93,23.75,0.0694,2.9742,3,5,1,2,3,3,0,2,0.375,0.875,wait,True,实体:birch_planks;实体:birch_log;实体:oak_planks;实体:oak_log;实体:hunger;结果:unparseable_reply;动作:wait;结果:got:oak_log
D-nodemand,T3,5,1,4,8,4.75,35.51,23.75,0.0614,2.9704,2,5,1,2,3,3,0,2,0.375,1.0,craft_oak_planks,True,结果:unparseable_reply;动作:wait;实体:birch_planks;实体:birch_log;实体:oak_planks;实体:oak_log;实体:hunger;结果:got:oak_log
D-nodemand,T3,5,2,0,8,4.75,35.15,23.75,0.0658,2.9742,3,5,1,2,2,2,2,2,0.25,0.778,gather_birch_log,True,实体:birch_planks;实体:birch_log;实体:oak_planks;实体:oak_log;实体:hunger;结果:unparseable_reply;动作:wait;结果:crafted:oak_planks
D-nodemand,T3,5,2,1,8,4.75,34.71,23.75,0.073,2.974,3,5,1,2,3,1,2,2,0.375,0.778,wait,True,实体:birch_planks;实体:birch_log;实体:oak_planks;实体:oak_log;实体:hunger;结果:unparseable_reply;动作:wait;结果:got:birch_log
D-nodemand,T3,5,2,2,8,4.75,35.51,23.75,0.0614,2.9704,2,5,1,2,3,1,2,2,0.375,1.0,wait,True,结果:unparseable_reply;动作:wait;实体:birch_planks;实体:birch_log;实体:oak_planks;实体:oak_log;实体:hunger;结果:got:birch_log
D-nodemand,T3,5,2,3,8,4.75,35.39,23.75,0.0645,2.9669,2,5,1,2,3,1,2,2,0.375,1.0,craft_birch_planks,True,结果:unparseable_reply;动作:wait;实体:birch_planks;实体:birch_log;实体:oak_planks;实体:oak_log;实体:hunger;结果:got:birch_log
D-nodemand,T2,6,1,0,0,,0,0,,,0,0,0,0,0,0,0,0,0.0,,gather_oak_log,True,
D-nodemand,T2,6,1,1,5,2.38,11.9,11.9,0.0,2.3219,1,3,1,1,4,1,0,0,0.8,,craft_oak_planks,True,结果:got:oak_log;动作:gather_oak_log;实体:oak_planks;实体:oak_log;实体:hunger
D-nodemand,T3,6,1,0,0,,0,0,,,0,0,0,0,0,0,0,0,0.0,,wait,True,
D-nodemand,T3,6,1,1,7,2.38,16.66,11.9,0.0,2.8074,1,5,1,1,2,3,0,2,0.286,,wait,True,结果:unparseable_reply;动作:wait;实体:birch_planks;实体:birch_log;实体:oak_planks;实体:oak_log;实体:hunger
D-nodemand,T3,6,1,2,7,4.63,32.41,23.15,0.0,2.8074,1,5,1,1,2,3,0,2,0.286,1.0,gather_oak_log,True,结果:unparseable_reply;动作:wait;实体:birch_planks;实体:birch_log;实体:oak_planks;实体:oak_log;实体:hunger
D-nodemand,T3,6,1,3,8,4.75,34.93,23.75,0.0694,2.9742,3,5,1,2,3,3,0,2,0.375,0.875,craft_oak_planks,True,实体:birch_planks;实体:birch_log;实体:oak_planks;实体:oak_log;实体:hunger;结果:unparseable_reply;动作:wait;结果:got:oak_log
D-nodemand,T3,6,2,0,8,4.75,34.49,23.75,0.0767,2.9737,3,5,1,2,2,2,2,2,0.25,0.778,gather_birch_log,True,实体:birch_planks;实体:birch_log;实体:oak_planks;实体:oak_log;实体:hunger;结果:unparseable_reply;动作:wait;结果:crafted:oak_planks
D-nodemand,T3,6,2,1,8,4.75,34.07,23.75,0.0838,2.9725,3,5,1,2,3,1,2,2,0.375,0.778,craft_birch_planks,True,实体:birch_planks;实体:birch_log;实体:oak_planks;实体:oak_log;实体:hunger;结果:unparseable_reply;动作:wait;结果:got:birch_log
D-nodemand,T2,7,1,0,0,,0,0,,,0,0,0,0,0,0,0,0,0.0,,gather_oak_log,True,
D-nodemand,T2,7,1,1,5,2.38,11.9,11.9,0.0,2.3219,1,3,1,1,4,1,0,0,0.8,,craft_oak_planks,True,结果:got:oak_log;动作:gather_oak_log;实体:oak_planks;实体:oak_log;实体:hunger
D-nodemand,T3,7,1,0,0,,0,0,,,0,0,0,0,0,0,0,0,0.0,,wait,True,
D-nodemand,T3,7,1,1,7,2.38,16.66,11.9,0.0,2.8074,1,5,1,1,2,3,0,2,0.286,,gather_oak_log,True,结果:unparseable_reply;动作:wait;实体:birch_planks;实体:birch_log;实体:oak_planks;实体:oak_log;实体:hunger
D-nodemand,T3,7,1,2,8,4.63,30.17,23.15,0.1433,2.933,3,5,1,2,4,3,0,1,0.5,0.667,craft_oak_planks,True,实体:birch_planks;实体:birch_log;实体:oak_planks;实体:oak_log;实体:hunger;结果:got:oak_log;动作:gather_oak_log;结果:unparseable_reply
D-nodemand,T3,7,2,0,8,4.75,30.77,23.75,0.1478,2.9285,3,5,1,2,2,4,2,0,0.25,0.6,wait,True,实体:birch_planks;实体:birch_log;实体:oak_planks;实体:oak_log;实体:hunger;结果:crafted:oak_planks;动作:craft_oak_planks;结果:got:oak_log
D-nodemand,T3,7,2,1,8,4.75,34.83,23.75,0.0723,2.971,3,5,1,2,2,2,2,2,0.25,0.6,gather_birch_log,True,实体:birch_planks;实体:birch_log;实体:oak_planks;实体:oak_log;实体:hunger;结果:unparseable_reply;动作:wait;结果:crafted:oak_planks
D-nodemand,T3,7,2,2,8,4.75,34.51,23.75,0.0763,2.9737,3,5,1,2,3,1,2,2,0.375,0.778,craft_birch_planks,True,实体:birch_planks;实体:birch_log;实体:oak_planks;实体:oak_log;实体:hunger;结果:unparseable_reply;动作:wait;结果:got:birch_log
D-nodemand,T2,8,1,0,0,,0,0,,,0,0,0,0,0,0,0,0,0.0,,gather_oak_log,True,
D-nodemand,T2,8,1,1,5,2.38,11.9,11.9,0.0,2.3219,1,3,1,1,4,1,0,0,0.8,,craft_oak_planks,True,结果:got:oak_log;动作:gather_oak_log;实体:oak_planks;实体:oak_log;实体:hunger
D-nodemand,T3,8,1,0,0,,0,0,,,0,0,0,0,0,0,0,0,0.0,,gather_oak_log,True,
D-nodemand,T3,8,1,1,7,2.38,16.66,11.9,0.0,2.8074,1,5,1,1,4,3,0,0,0.571,,craft_oak_planks,True,结果:got:oak_log;动作:gather_oak_log;实体:birch_planks;实体:birch_log;实体:oak_planks;实体:oak_log;实体:hunger
D-nodemand,T3,8,2,0,8,4.63,30.17,23.15,0.1433,2.933,3,5,1,2,2,4,2,0,0.25,0.667,wait,True,实体:birch_planks;实体:birch_log;实体:oak_planks;实体:oak_log;实体:hunger;结果:crafted:oak_planks;动作:craft_oak_planks;结果:got:oak_log
D-nodemand,T3,8,2,1,8,4.75,30.77,23.75,0.1478,2.9285,3,5,1,2,2,2,2,2,0.25,0.6,gather_birch_log,True,实体:birch_planks;实体:birch_log;实体:oak_planks;实体:oak_log;实体:hunger;结果:unparseable_reply;动作:wait;结果:crafted:oak_planks
D-nodemand,T3,8,2,2,8,4.75,30.77,23.75,0.1478,2.9285,3,5,1,2,4,1,2,1,0.5,0.6,wait,True,实体:birch_planks;实体:birch_log;实体:oak_planks;实体:oak_log;实体:hunger;结果:got:birch_log;动作:gather_birch_log;结果:unparseable_reply
D-nodemand,T3,8,2,3,8,4.75,35.05,23.75,0.0687,2.971,3,5,1,2,3,1,2,2,0.375,0.778,wait,True,实体:birch_planks;实体:birch_log;实体:oak_planks;实体:oak_log;实体:hunger;结果:unparseable_reply;动作:wait;结果:got:birch_log
D-nodemand,T3,8,2,4,8,4.75,35.39,23.75,0.0645,2.9669,2,5,1,2,3,1,2,2,0.375,1.0,wait,True,结果:unparseable_reply;动作:wait;实体:birch_planks;实体:birch_log;实体:oak_planks;实体:oak_log;实体:hunger;结果:got:birch_log
D-nodemand,T3,8,2,5,8,4.75,35.29,23.75,0.0672,2.9637,2,5,1,2,3,1,2,2,0.375,1.0,wait,True,结果:unparseable_reply;动作:wait;实体:birch_planks;实体:birch_log;实体:oak_planks;实体:oak_log;实体:hunger;结果:got:birch_log
D-nodemand,T3,8,2,6,8,4.75,35.18,23.75,0.0701,2.96,2,5,1,2,3,1,2,2,0.375,1.0,craft_birch_planks,True,结果:unparseable_reply;动作:wait;实体:birch_planks;实体:birch_log;实体:oak_planks;实体:oak_log;实体:hunger;结果:got:birch_log
D-nodemand,T2,9,1,0,0,,0,0,,,0,0,0,0,0,0,0,0,0.0,,gather_oak_log,True,
D-nodemand,T2,9,1,1,5,2.38,11.9,11.9,0.0,2.3219,1,3,1,1,4,1,0,0,0.8,,craft_oak_planks,True,结果:got:oak_log;动作:gather_oak_log;实体:oak_planks;实体:oak_log;实体:hunger
D-nodemand,T3,9,1,0,0,,0,0,,,0,0,0,0,0,0,0,0,0.0,,wait,True,
D-nodemand,T3,9,1,1,7,2.38,16.66,11.9,0.0,2.8074,1,5,1,1,2,3,0,2,0.286,,wait,True,结果:unparseable_reply;动作:wait;实体:birch_planks;实体:birch_log;实体:oak_planks;实体:oak_log;实体:hunger
D-nodemand,T3,9,1,2,7,4.63,32.41,23.15,0.0,2.8074,1,5,1,1,2,3,0,2,0.286,1.0,wait,True,结果:unparseable_reply;动作:wait;实体:birch_planks;实体:birch_log;实体:oak_planks;实体:oak_log;实体:hunger
D-nodemand,T3,9,1,3,7,4.75,33.25,23.75,0.0,2.8074,1,5,1,1,2,3,0,2,0.286,1.0,wait,True,结果:unparseable_reply;动作:wait;实体:birch_planks;实体:birch_log;实体:oak_planks;实体:oak_log;实体:hunger
D-nodemand,T3,9,1,4,7,4.75,33.25,23.75,0.0,2.8074,1,5,1,1,2,3,0,2,0.286,1.0,wait,True,结果:unparseable_reply;动作:wait;实体:birch_planks;实体:birch_log;实体:oak_planks;实体:oak_log;实体:hunger
D-nodemand,T3,9,2,0,7,4.75,33.25,23.75,0.0,2.8074,1,5,1,1,2,1,2,2,0.286,1.0,wait,True,结果:unparseable_reply;动作:wait;实体:birch_planks;实体:birch_log;实体:oak_planks;实体:oak_log;实体:hunger
D-nodemand,T3,9,2,1,7,4.75,33.25,23.75,0.0,2.8074,1,5,1,1,2,1,2,2,0.286,1.0,gather_birch_log,True,结果:unparseable_reply;动作:wait;实体:birch_planks;实体:birch_log;实体:oak_planks;实体:oak_log;实体:hunger
D-nodemand,T3,9,2,2,8,4.75,35.15,23.75,0.0658,2.9742,3,5,1,2,3,1,2,2,0.375,0.875,craft_birch_planks,True,实体:birch_planks;实体:birch_log;实体:oak_planks;实体:oak_log;实体:hunger;结果:unparseable_reply;动作:wait;结果:got:birch_log
D-nodemand,T2,10,1,0,0,,0,0,,,0,0,0,0,0,0,0,0,0.0,,gather_oak_log,True,
D-nodemand,T2,10,1,1,5,2.38,11.9,11.9,0.0,2.3219,1,3,1,1,4,1,0,0,0.8,,craft_oak_planks,True,结果:got:oak_log;动作:gather_oak_log;实体:oak_planks;实体:oak_log;实体:hunger
D-nodemand,T3,10,1,0,0,,0,0,,,0,0,0,0,0,0,0,0,0.0,,gather_oak_log,True,
D-nodemand,T3,10,1,1,7,2.38,16.66,11.9,0.0,2.8074,1,5,1,1,4,3,0,0,0.571,,wait,True,结果:got:oak_log;动作:gather_oak_log;实体:birch_planks;实体:birch_log;实体:oak_planks;实体:oak_log;实体:hunger
D-nodemand,T3,10,1,2,8,4.63,30.17,23.15,0.1433,2.933,3,5,1,2,3,3,0,2,0.375,0.667,craft_oak_planks,True,实体:birch_planks;实体:birch_log;实体:oak_planks;实体:oak_log;实体:hunger;结果:unparseable_reply;动作:wait;结果:got:oak_log
D-nodemand,T3,10,2,0,8,4.75,30.77,23.75,0.1478,2.9285,3,5,1,2,2,3,2,1,0.25,0.6,gather_birch_log,True,实体:birch_planks;实体:birch_log;实体:oak_planks;实体:oak_log;实体:hunger;结果:crafted:oak_planks;动作:craft_oak_planks;结果:unparseable_reply
D-nodemand,T3,10,2,1,8,4.75,30.77,23.75,0.1478,2.9285,3,5,1,2,4,2,2,0,0.5,0.6,wait,True,实体:birch_planks;实体:birch_log;实体:oak_planks;实体:oak_log;实体:hunger;结果:got:birch_log;动作:gather_birch_log;结果:crafted:oak_planks
D-nodemand,T3,10,2,2,8,4.75,34.83,23.75,0.0723,2.971,3,5,1,2,3,1,2,2,0.375,0.6,craft_birch_planks,True,实体:birch_planks;实体:birch_log;实体:oak_planks;实体:oak_log;实体:hunger;结果:unparseable_reply;动作:wait;结果:got:birch_log
D-nodemand,T2,11,1,0,0,,0,0,,,0,0,0,0,0,0,0,0,0.0,,gather_oak_log,True,
D-nodemand,T2,11,1,1,5,2.38,11.9,11.9,0.0,2.3219,1,3,1,1,4,1,0,0,0.8,,craft_oak_planks,True,结果:got:oak_log;动作:gather_oak_log;实体:oak_planks;实体:oak_log;实体:hunger
D-nodemand,T3,11,1,0,0,,0,0,,,0,0,0,0,0,0,0,0,0.0,,gather_oak_log,True,
D-nodemand,T3,11,1,1,7,2.38,16.66,11.9,0.0,2.8074,1,5,1,1,4,3,0,0,0.571,,craft_oak_planks,True,结果:got:oak_log;动作:gather_oak_log;实体:birch_planks;实体:birch_log;实体:oak_planks;实体:oak_log;实体:hunger
D-nodemand,T3,11,2,0,8,4.63,30.17,23.15,0.1433,2.933,3,5,1,2,2,4,2,0,0.25,0.667,wait,True,实体:birch_planks;实体:birch_log;实体:oak_planks;实体:oak_log;实体:hunger;结果:crafted:oak_planks;动作:craft_oak_planks;结果:got:oak_log
D-nodemand,T3,11,2,1,8,4.75,30.77,23.75,0.1478,2.9285,3,5,1,2,2,2,2,2,0.25,0.6,wait,True,实体:birch_planks;实体:birch_log;实体:oak_planks;实体:oak_log;实体:hunger;结果:unparseable_reply;动作:wait;结果:crafted:oak_planks
D-nodemand,T3,11,2,2,8,4.75,35.15,23.75,0.0684,2.9673,3,5,1,2,2,2,2,2,0.25,1.0,gather_birch_log,True,实体:birch_planks;实体:birch_log;实体:oak_planks;实体:oak_log;实体:hunger;结果:unparseable_reply;动作:wait;结果:crafted:oak_planks
D-nodemand,T3,11,2,3,8,4.75,34.93,23.75,0.0694,2.9742,3,5,1,2,3,1,2,2,0.375,0.778,wait,True,实体:birch_planks;实体:birch_log;实体:oak_planks;实体:oak_log;实体:hunger;结果:unparseable_reply;动作:wait;结果:got:birch_log
D-nodemand,T3,11,2,4,8,4.75,35.51,23.75,0.0614,2.9704,2,5,1,2,3,1,2,2,0.375,1.0,wait,True,结果:unparseable_reply;动作:wait;实体:birch_planks;实体:birch_log;实体:oak_planks;实体:oak_log;实体:hunger;结果:got:birch_log
D-nodemand,T3,11,2,5,8,4.75,35.39,23.75,0.0645,2.9669,2,5,1,2,3,1,2,2,0.375,1.0,craft_birch_planks,True,结果:unparseable_reply;动作:wait;实体:birch_planks;实体:birch_log;实体:oak_planks;实体:oak_log;实体:hunger;结果:got:birch_log
D-nodemand,T2,12,1,0,0,,0,0,,,0,0,0,0,0,0,0,0,0.0,,gather_oak_log,True,
D-nodemand,T2,12,1,1,5,2.38,11.9,11.9,0.0,2.3219,1,3,1,1,4,1,0,0,0.8,,craft_oak_planks,True,结果:got:oak_log;动作:gather_oak_log;实体:oak_planks;实体:oak_log;实体:hunger
D-nodemand,T3,12,1,0,0,,0,0,,,0,0,0,0,0,0,0,0,0.0,,wait,True,
D-nodemand,T3,12,1,1,7,2.38,16.66,11.9,0.0,2.8074,1,5,1,1,2,3,0,2,0.286,,gather_oak_log,True,结果:unparseable_reply;动作:wait;实体:birch_planks;实体:birch_log;实体:oak_planks;实体:oak_log;实体:hunger
D-nodemand,T3,12,1,2,8,4.63,30.17,23.15,0.1433,2.933,3,5,1,2,4,3,0,1,0.5,0.667,craft_oak_planks,True,实体:birch_planks;实体:birch_log;实体:oak_planks;实体:oak_log;实体:hunger;结果:got:oak_log;动作:gather_oak_log;结果:unparseable_reply
D-nodemand,T3,12,2,0,8,4.75,30.77,23.75,0.1478,2.9285,3,5,1,2,2,4,2,0,0.25,0.6,wait,True,实体:birch_planks;实体:birch_log;实体:oak_planks;实体:oak_log;实体:hunger;结果:crafted:oak_planks;动作:craft_oak_planks;结果:got:oak_log
D-nodemand,T3,12,2,1,8,4.75,34.83,23.75,0.0723,2.971,3,5,1,2,2,2,2,2,0.25,0.6,gather_birch_log,True,实体:birch_planks;实体:birch_log;实体:oak_planks;实体:oak_log;实体:hunger;结果:unparseable_reply;动作:wait;结果:crafted:oak_planks
D-nodemand,T3,12,2,2,8,4.75,34.51,23.75,0.0763,2.9737,3,5,1,2,3,1,2,2,0.375,0.778,craft_birch_planks,True,实体:birch_planks;实体:birch_log;实体:oak_planks;实体:oak_log;实体:hunger;结果:unparseable_reply;动作:wait;结果:got:birch_log
D-nodemand,T2,13,1,0,0,,0,0,,,0,0,0,0,0,0,0,0,0.0,,gather_oak_log,True,
D-nodemand,T2,13,1,1,5,2.38,11.9,11.9,0.0,2.3219,1,3,1,1,4,1,0,0,0.8,,craft_oak_planks,True,结果:got:oak_log;动作:gather_oak_log;实体:oak_planks;实体:oak_log;实体:hunger
D-nodemand,T3,13,1,0,0,,0,0,,,0,0,0,0,0,0,0,0,0.0,,gather_oak_log,True,
D-nodemand,T3,13,1,1,7,2.38,16.66,11.9,0.0,2.8074,1,5,1,1,4,3,0,0,0.571,,craft_oak_planks,True,结果:got:oak_log;动作:gather_oak_log;实体:birch_planks;实体:birch_log;实体:oak_planks;实体:oak_log;实体:hunger
D-nodemand,T3,13,2,0,8,4.63,30.17,23.15,0.1433,2.933,3,5,1,2,2,4,2,0,0.25,0.667,gather_birch_log,True,实体:birch_planks;实体:birch_log;实体:oak_planks;实体:oak_log;实体:hunger;结果:crafted:oak_planks;动作:craft_oak_planks;结果:got:oak_log
D-nodemand,T3,13,2,1,8,4.75,30.77,23.75,0.1478,2.9285,3,5,1,2,4,2,2,0,0.5,0.6,craft_birch_planks,True,实体:birch_planks;实体:birch_log;实体:oak_planks;实体:oak_log;实体:hunger;结果:got:birch_log;动作:gather_birch_log;结果:crafted:oak_planks
D-nodemand,T2,14,1,0,0,,0,0,,,0,0,0,0,0,0,0,0,0.0,,gather_oak_log,True,
D-nodemand,T2,14,1,1,5,2.38,11.9,11.9,0.0,2.3219,1,3,1,1,4,1,0,0,0.8,,wait,True,结果:got:oak_log;动作:gather_oak_log;实体:oak_planks;实体:oak_log;实体:hunger
D-nodemand,T2,14,1,2,7,4.63,23.17,18.65,0.1739,2.7223,3,3,2,2,4,1,0,2,0.571,0.714,craft_oak_planks,True,实体:oak_planks;实体:oak_log;实体:hunger;结果:unparseable_reply;动作:wait;结果:got:oak_log;动作:gather_oak_log
D-nodemand,T3,14,1,0,0,,0,0,,,0,0,0,0,0,0,0,0,0.0,,wait,True,
D-nodemand,T3,14,1,1,7,2.38,16.66,11.9,0.0,2.8074,1,5,1,1,2,3,0,2,0.286,,wait,True,结果:unparseable_reply;动作:wait;实体:birch_planks;实体:birch_log;实体:oak_planks;实体:oak_log;实体:hunger
D-nodemand,T3,14,1,2,7,4.63,32.41,23.15,0.0,2.8074,1,5,1,1,2,3,0,2,0.286,1.0,gather_oak_log,True,结果:unparseable_reply;动作:wait;实体:birch_planks;实体:birch_log;实体:oak_planks;实体:oak_log;实体:hunger
D-nodemand,T3,14,1,3,8,4.75,34.93,23.75,0.0694,2.9742,3,5,1,2,3,3,0,2,0.375,0.875,craft_oak_planks,True,实体:birch_planks;实体:birch_log;实体:oak_planks;实体:oak_log;实体:hunger;结果:unparseable_reply;动作:wait;结果:got:oak_log
D-nodemand,T3,14,2,0,8,4.75,34.49,23.75,0.0767,2.9737,3,5,1,2,2,2,2,2,0.25,0.778,wait,True,实体:birch_planks;实体:birch_log;实体:oak_planks;实体:oak_log;实体:hunger;结果:unparseable_reply;动作:wait;结果:crafted:oak_planks
D-nodemand,T3,14,2,1,8,4.75,35.51,23.75,0.0614,2.9704,2,5,1,2,2,2,2,2,0.25,1.0,wait,True,结果:unparseable_reply;动作:wait;实体:birch_planks;实体:birch_log;实体:oak_planks;实体:oak_log;实体:hunger;结果:crafted:oak_planks
D-nodemand,T3,14,2,2,8,4.75,35.39,23.75,0.0645,2.9669,2,5,1,2,2,2,2,2,0.25,1.0,wait,True,结果:unparseable_reply;动作:wait;实体:birch_planks;实体:birch_log;实体:oak_planks;实体:oak_log;实体:hunger;结果:crafted:oak_planks
D-nodemand,T3,14,2,3,8,4.75,35.29,23.75,0.0672,2.9637,2,5,1,2,2,2,2,2,0.25,1.0,wait,True,结果:unparseable_reply;动作:wait;实体:birch_planks;实体:birch_log;实体:oak_planks;实体:oak_log;实体:hunger;结果:crafted:oak_planks
D-nodemand,T3,14,2,4,8,4.75,35.18,23.75,0.0701,2.96,2,5,1,2,2,2,2,2,0.25,1.0,wait,True,结果:unparseable_reply;动作:wait;实体:birch_planks;实体:birch_log;实体:oak_planks;实体:oak_log;实体:hunger;结果:crafted:oak_planks
D-nodemand,T3,14,2,5,8,4.75,35.09,23.75,0.0726,2.9568,2,5,1,2,2,2,2,2,0.25,1.0,gather_birch_log,True,结果:unparseable_reply;动作:wait;实体:birch_planks;实体:birch_log;实体:oak_planks;实体:oak_log;实体:hunger;结果:crafted:oak_planks
D-nodemand,T3,14,2,6,8,4.75,35.15,23.75,0.0658,2.9742,3,5,1,2,3,1,2,2,0.375,0.778,craft_birch_planks,True,实体:birch_planks;实体:birch_log;实体:oak_planks;实体:oak_log;实体:hunger;结果:unparseable_reply;动作:wait;结果:got:birch_log
D-nodemand,T2,15,1,0,0,,0,0,,,0,0,0,0,0,0,0,0,0.0,,gather_oak_log,True,
D-nodemand,T2,15,1,1,5,2.38,11.9,11.9,0.0,2.3219,1,3,1,1,4,1,0,0,0.8,,craft_oak_planks,True,结果:got:oak_log;动作:gather_oak_log;实体:oak_planks;实体:oak_log;实体:hunger
D-nodemand,T3,15,1,0,0,,0,0,,,0,0,0,0,0,0,0,0,0.0,,wait,True,
D-nodemand,T3,15,1,1,7,2.38,16.66,11.9,0.0,2.8074,1,5,1,1,2,3,0,2,0.286,,gather_oak_log,True,结果:unparseable_reply;动作:wait;实体:birch_planks;实体:birch_log;实体:oak_planks;实体:oak_log;实体:hunger
D-nodemand,T3,15,1,2,8,4.63,30.17,23.15,0.1433,2.933,3,5,1,2,4,3,0,1,0.5,0.667,craft_oak_planks,True,实体:birch_planks;实体:birch_log;实体:oak_planks;实体:oak_log;实体:hunger;结果:got:oak_log;动作:gather_oak_log;结果:unparseable_reply
D-nodemand,T3,15,2,0,8,4.75,30.77,23.75,0.1478,2.9285,3,5,1,2,2,4,2,0,0.25,0.6,wait,True,实体:birch_planks;实体:birch_log;实体:oak_planks;实体:oak_log;实体:hunger;结果:crafted:oak_planks;动作:craft_oak_planks;结果:got:oak_log
D-nodemand,T3,15,2,1,8,4.75,34.83,23.75,0.0723,2.971,3,5,1,2,2,2,2,2,0.25,0.6,gather_birch_log,True,实体:birch_planks;实体:birch_log;实体:oak_planks;实体:oak_log;实体:hunger;结果:unparseable_reply;动作:wait;结果:crafted:oak_planks
D-nodemand,T3,15,2,2,8,4.75,34.51,23.75,0.0763,2.9737,3,5,1,2,3,1,2,2,0.375,0.778,craft_birch_planks,True,实体:birch_planks;实体:birch_log;实体:oak_planks;实体:oak_log;实体:hunger;结果:unparseable_reply;动作:wait;结果:got:birch_log
D-nodemand,T2,16,1,0,0,,0,0,,,0,0,0,0,0,0,0,0,0.0,,gather_oak_log,True,
D-nodemand,T2,16,1,1,5,2.38,11.9,11.9,0.0,2.3219,1,3,1,1,4,1,0,0,0.8,,craft_oak_planks,True,结果:got:oak_log;动作:gather_oak_log;实体:oak_planks;实体:oak_log;实体:hunger
D-nodemand,T3,16,1,0,0,,0,0,,,0,0,0,0,0,0,0,0,0.0,,gather_oak_log,True,
D-nodemand,T3,16,1,1,7,2.38,16.66,11.9,0.0,2.8074,1,5,1,1,4,3,0,0,0.571,,wait,True,结果:got:oak_log;动作:gather_oak_log;实体:birch_planks;实体:birch_log;实体:oak_planks;实体:oak_log;实体:hunger
D-nodemand,T3,16,1,2,8,4.63,30.17,23.15,0.1433,2.933,3,5,1,2,3,3,0,2,0.375,0.667,craft_oak_planks,True,实体:birch_planks;实体:birch_log;实体:oak_planks;实体:oak_log;实体:hunger;结果:unparseable_reply;动作:wait;结果:got:oak_log
D-nodemand,T3,16,2,0,8,4.75,30.77,23.75,0.1478,2.9285,3,5,1,2,2,3,2,1,0.25,0.6,gather_birch_log,True,实体:birch_planks;实体:birch_log;实体:oak_planks;实体:oak_log;实体:hunger;结果:crafted:oak_planks;动作:craft_oak_planks;结果:unparseable_reply
D-nodemand,T3,16,2,1,8,4.75,30.77,23.75,0.1478,2.9285,3,5,1,2,4,2,2,0,0.5,0.6,craft_birch_planks,True,实体:birch_planks;实体:birch_log;实体:oak_planks;实体:oak_log;实体:hunger;结果:got:birch_log;动作:gather_birch_log;结果:crafted:oak_planks
D-nodemand,T2,17,1,0,0,,0,0,,,0,0,0,0,0,0,0,0,0.0,,gather_oak_log,True,
D-nodemand,T2,17,1,1,5,2.38,11.9,11.9,0.0,2.3219,1,3,1,1,4,1,0,0,0.8,,wait,True,结果:got:oak_log;动作:gather_oak_log;实体:oak_planks;实体:oak_log;实体:hunger
D-nodemand,T2,17,1,2,7,4.63,23.17,18.65,0.1739,2.7223,3,3,2,2,4,1,0,2,0.571,0.714,craft_oak_planks,True,实体:oak_planks;实体:oak_log;实体:hunger;结果:unparseable_reply;动作:wait;结果:got:oak_log;动作:gather_oak_log
D-nodemand,T3,17,1,0,0,,0,0,,,0,0,0,0,0,0,0,0,0.0,,wait,True,
D-nodemand,T3,17,1,1,7,2.38,16.66,11.9,0.0,2.8074,1,5,1,1,2,3,0,2,0.286,,wait,True,结果:unparseable_reply;动作:wait;实体:birch_planks;实体:birch_log;实体:oak_planks;实体:oak_log;实体:hunger
D-nodemand,T3,17,1,2,7,4.63,32.41,23.15,0.0,2.8074,1,5,1,1,2,3,0,2,0.286,1.0,wait,True,结果:unparseable_reply;动作:wait;实体:birch_planks;实体:birch_log;实体:oak_planks;实体:oak_log;实体:hunger
D-nodemand,T3,17,1,3,7,4.75,33.25,23.75,0.0,2.8074,1,5,1,1,2,3,0,2,0.286,1.0,gather_oak_log,True,结果:unparseable_reply;动作:wait;实体:birch_planks;实体:birch_log;实体:oak_planks;实体:oak_log;实体:hunger
D-nodemand,T3,17,1,4,8,4.75,35.15,23.75,0.0658,2.9742,3,5,1,2,3,3,0,2,0.375,0.875,craft_oak_planks,True,实体:birch_planks;实体:birch_log;实体:oak_planks;实体:oak_log;实体:hunger;结果:unparseable_reply;动作:wait;结果:got:oak_log
D-nodemand,T3,17,2,0,8,4.75,34.71,23.75,0.073,2.974,3,5,1,2,2,2,2,2,0.25,0.778,gather_birch_log,True,实体:birch_planks;实体:birch_log;实体:oak_planks;实体:oak_log;实体:hunger;结果:unparseable_reply;动作:wait;结果:crafted:oak_planks
D-nodemand,T3,17,2,1,8,4.75,34.27,23.75,0.0804,2.9731,3,5,1,2,3,1,2,2,0.375,0.778,craft_birch_planks,True,实体:birch_planks;实体:birch_log;实体:oak_planks;实体:oak_log;实体:hunger;结果:unparseable_reply;动作:wait;结果:got:birch_log
D-nodemand,T2,18,1,0,0,,0,0,,,0,0,0,0,0,0,0,0,0.0,,gather_oak_log,True,
D-nodemand,T2,18,1,1,5,2.38,11.9,11.9,0.0,2.3219,1,3,1,1,4,1,0,0,0.8,,wait,True,结果:got:oak_log;动作:gather_oak_log;实体:oak_planks;实体:oak_log;实体:hunger
D-nodemand,T2,18,1,2,7,4.63,23.17,18.65,0.1739,2.7223,3,3,2,2,4,1,0,2,0.571,0.714,craft_oak_planks,True,实体:oak_planks;实体:oak_log;实体:hunger;结果:unparseable_reply;动作:wait;结果:got:oak_log;动作:gather_oak_log
D-nodemand,T2,19,1,0,0,,0,0,,,0,0,0,0,0,0,0,0,0.0,,gather_oak_log,True,
D-nodemand,T2,19,1,1,5,2.38,11.9,11.9,0.0,2.3219,1,3,1,1,4,1,0,0,0.8,,wait,True,结果:got:oak_log;动作:gather_oak_log;实体:oak_planks;实体:oak_log;实体:hunger
D-nodemand,T2,19,1,2,7,4.63,23.17,18.65,0.1739,2.7223,3,3,2,2,4,1,0,2,0.571,0.714,craft_oak_planks,True,实体:oak_planks;实体:oak_log;实体:hunger;结果:unparseable_reply;动作:wait;结果:got:oak_log;动作:gather_oak_log
D-nodemand,T2,20,1,0,0,,0,0,,,0,0,0,0,0,0,0,0,0.0,,gather_oak_log,True,
D-nodemand,T2,20,1,1,5,2.38,11.9,11.9,0.0,2.3219,1,3,1,1,4,1,0,0,0.8,,craft_oak_planks,True,结果:got:oak_log;动作:gather_oak_log;实体:oak_planks;实体:oak_log;实体:hunger
D-nodemand,T3,18,1,0,0,,0,0,,,0,0,0,0,0,0,0,0,0.0,,gather_oak_log,True,
D-nodemand,T3,18,1,1,7,2.38,16.66,11.9,0.0,2.8074,1,5,1,1,4,3,0,0,0.571,,craft_oak_planks,True,结果:got:oak_log;动作:gather_oak_log;实体:birch_planks;实体:birch_log;实体:oak_planks;实体:oak_log;实体:hunger
D-nodemand,T3,18,2,0,8,4.63,30.17,23.15,0.1433,2.933,3,5,1,2,2,4,2,0,0.25,0.667,wait,True,实体:birch_planks;实体:birch_log;实体:oak_planks;实体:oak_log;实体:hunger;结果:crafted:oak_planks;动作:craft_oak_planks;结果:got:oak_log
D-nodemand,T3,18,2,1,8,4.75,30.77,23.75,0.1478,2.9285,3,5,1,2,2,2,2,2,0.25,0.6,wait,True,实体:birch_planks;实体:birch_log;实体:oak_planks;实体:oak_log;实体:hunger;结果:unparseable_reply;动作:wait;结果:crafted:oak_planks
D-nodemand,T3,18,2,2,8,4.75,35.15,23.75,0.0684,2.9673,3,5,1,2,2,2,2,2,0.25,1.0,gather_birch_log,True,实体:birch_planks;实体:birch_log;实体:oak_planks;实体:oak_log;实体:hunger;结果:unparseable_reply;动作:wait;结果:crafted:oak_planks
D-nodemand,T3,18,2,3,8,4.75,34.93,23.75,0.0694,2.9742,3,5,1,2,3,1,2,2,0.375,0.778,craft_birch_planks,True,实体:birch_planks;实体:birch_log;实体:oak_planks;实体:oak_log;实体:hunger;结果:unparseable_reply;动作:wait;结果:got:birch_log
D-nodemand,T3,19,1,0,0,,0,0,,,0,0,0,0,0,0,0,0,0.0,,wait,True,
D-nodemand,T3,19,1,1,7,2.38,16.66,11.9,0.0,2.8074,1,5,1,1,2,3,0,2,0.286,,wait,True,结果:unparseable_reply;动作:wait;实体:birch_planks;实体:birch_log;实体:oak_planks;实体:oak_log;实体:hunger
D-nodemand,T3,19,1,2,7,4.63,32.41,23.15,0.0,2.8074,1,5,1,1,2,3,0,2,0.286,1.0,gather_oak_log,True,结果:unparseable_reply;动作:wait;实体:birch_planks;实体:birch_log;实体:oak_planks;实体:oak_log;实体:hunger
D-nodemand,T3,19,1,3,8,4.75,34.93,23.75,0.0694,2.9742,3,5,1,2,3,3,0,2,0.375,0.875,craft_oak_planks,True,实体:birch_planks;实体:birch_log;实体:oak_planks;实体:oak_log;实体:hunger;结果:unparseable_reply;动作:wait;结果:got:oak_log
D-nodemand,T3,19,2,0,8,4.75,34.49,23.75,0.0767,2.9737,3,5,1,2,2,2,2,2,0.25,0.778,wait,True,实体:birch_planks;实体:birch_log;实体:oak_planks;实体:oak_log;实体:hunger;结果:unparseable_reply;动作:wait;结果:crafted:oak_planks
D-nodemand,T3,19,2,1,8,4.75,35.51,23.75,0.0614,2.9704,2,5,1,2,2,2,2,2,0.25,1.0,wait,True,结果:unparseable_reply;动作:wait;实体:birch_planks;实体:birch_log;实体:oak_planks;实体:oak_log;实体:hunger;结果:crafted:oak_planks
D-nodemand,T3,19,2,2,8,4.75,35.39,23.75,0.0645,2.9669,2,5,1,2,2,2,2,2,0.25,1.0,gather_birch_log,True,结果:unparseable_reply;动作:wait;实体:birch_planks;实体:birch_log;实体:oak_planks;实体:oak_log;实体:hunger;结果:crafted:oak_planks
D-nodemand,T3,19,2,3,8,4.75,35.15,23.75,0.0658,2.9742,3,5,1,2,3,1,2,2,0.375,0.778,craft_birch_planks,True,实体:birch_planks;实体:birch_log;实体:oak_planks;实体:oak_log;实体:hunger;结果:unparseable_reply;动作:wait;结果:got:birch_log
D-nodemand,T3,20,1,0,0,,0,0,,,0,0,0,0,0,0,0,0,0.0,,gather_oak_log,True,
D-nodemand,T3,20,1,1,7,2.38,16.66,11.9,0.0,2.8074,1,5,1,1,4,3,0,0,0.571,,craft_oak_planks,True,结果:got:oak_log;动作:gather_oak_log;实体:birch_planks;实体:birch_log;实体:oak_planks;实体:oak_log;实体:hunger
D-nodemand,T3,20,2,0,8,4.63,30.17,23.15,0.1433,2.933,3,5,1,2,2,4,2,0,0.25,0.667,gather_birch_log,True,实体:birch_planks;实体:birch_log;实体:oak_planks;实体:oak_log;实体:hunger;结果:crafted:oak_planks;动作:craft_oak_planks;结果:got:oak_log
D-nodemand,T3,20,2,1,8,4.75,30.77,23.75,0.1478,2.9285,3,5,1,2,4,2,2,0,0.5,0.6,wait,True,实体:birch_planks;实体:birch_log;实体:oak_planks;实体:oak_log;实体:hunger;结果:got:birch_log;动作:gather_birch_log;结果:crafted:oak_planks
D-nodemand,T3,20,2,2,8,4.75,30.77,23.75,0.1478,2.9285,3,5,1,2,3,1,2,2,0.375,0.6,craft_birch_planks,True,实体:birch_planks;实体:birch_log;实体:oak_planks;实体:oak_log;实体:hunger;结果:unparseable_reply;动作:wait;结果:got:birch_log
D-flat,T2,1,1,0,0,,0,0,,,0,0,0,0,0,0,0,0,0.0,,gather_oak_log,True,
D-flat,T2,1,1,1,0,,0,0,,,0,0,0,0,0,0,0,0,0.0,,craft_oak_planks,True,
D-flat,T3,1,1,0,0,,0,0,,,0,0,0,0,0,0,0,0,0.0,,gather_oak_log,True,
D-flat,T3,1,1,1,0,,0,0,,,0,0,0,0,0,0,0,0,0.0,,craft_oak_planks,True,
D-flat,T3,1,2,0,0,,0,0,,,0,0,0,0,0,0,0,0,0.0,,wait,True,
D-flat,T3,1,2,1,0,,0,0,,,0,0,0,0,0,0,0,0,0.0,,wait,True,
D-flat,T3,1,2,2,0,,0,0,,,0,0,0,0,0,0,0,0,0.0,,gather_birch_log,True,
D-flat,T3,1,2,3,0,,0,0,,,0,0,0,0,0,0,0,0,0.0,,craft_birch_planks,True,
D-flat,T2,2,1,0,0,,0,0,,,0,0,0,0,0,0,0,0,0.0,,gather_oak_log,True,
D-flat,T2,2,1,1,0,,0,0,,,0,0,0,0,0,0,0,0,0.0,,craft_oak_planks,True,
D-flat,T3,2,1,0,0,,0,0,,,0,0,0,0,0,0,0,0,0.0,,wait,True,
D-flat,T3,2,1,1,0,,0,0,,,0,0,0,0,0,0,0,0,0.0,,wait,True,
D-flat,T3,2,1,2,0,,0,0,,,0,0,0,0,0,0,0,0,0.0,,wait,True,
D-flat,T3,2,1,3,0,,0,0,,,0,0,0,0,0,0,0,0,0.0,,gather_oak_log,True,
D-flat,T3,2,1,4,0,,0,0,,,0,0,0,0,0,0,0,0,0.0,,craft_oak_planks,True,
D-flat,T3,2,2,0,0,,0,0,,,0,0,0,0,0,0,0,0,0.0,,wait,True,
D-flat,T3,2,2,1,0,,0,0,,,0,0,0,0,0,0,0,0,0.0,,wait,True,
D-flat,T3,2,2,2,0,,0,0,,,0,0,0,0,0,0,0,0,0.0,,wait,True,
D-flat,T3,2,2,3,0,,0,0,,,0,0,0,0,0,0,0,0,0.0,,wait,True,
D-flat,T3,2,2,4,0,,0,0,,,0,0,0,0,0,0,0,0,0.0,,wait,True,
D-flat,T3,2,2,5,0,,0,0,,,0,0,0,0,0,0,0,0,0.0,,wait,True,
D-flat,T3,2,2,6,0,,0,0,,,0,0,0,0,0,0,0,0,0.0,,gather_birch_log,True,
D-flat,T3,2,2,7,0,,0,0,,,0,0,0,0,0,0,0,0,0.0,,wait,True,
D-flat,T2,3,1,0,0,,0,0,,,0,0,0,0,0,0,0,0,0.0,,gather_oak_log,True,
D-flat,T2,3,1,1,0,,0,0,,,0,0,0,0,0,0,0,0,0.0,,wait,True,
D-flat,T2,3,1,2,0,,0,0,,,0,0,0,0,0,0,0,0,0.0,,craft_oak_planks,True,
D-flat,T3,3,1,0,0,,0,0,,,0,0,0,0,0,0,0,0,0.0,,wait,True,
D-flat,T3,3,1,1,0,,0,0,,,0,0,0,0,0,0,0,0,0.0,,wait,True,
D-flat,T3,3,1,2,0,,0,0,,,0,0,0,0,0,0,0,0,0.0,,wait,True,
D-flat,T3,3,1,3,0,,0,0,,,0,0,0,0,0,0,0,0,0.0,,gather_oak_log,True,
D-flat,T3,3,1,4,0,,0,0,,,0,0,0,0,0,0,0,0,0.0,,wait,True,
D-flat,T3,3,2,0,0,,0,0,,,0,0,0,0,0,0,0,0,0.0,,gather_birch_log,True,
D-flat,T3,3,2,1,0,,0,0,,,0,0,0,0,0,0,0,0,0.0,,craft_birch_planks,True,
D-flat,T2,4,1,0,0,,0,0,,,0,0,0,0,0,0,0,0,0.0,,gather_oak_log,True,
D-flat,T2,4,1,1,0,,0,0,,,0,0,0,0,0,0,0,0,0.0,,wait,True,
D-flat,T2,4,1,2,0,,0,0,,,0,0,0,0,0,0,0,0,0.0,,craft_oak_planks,True,
D-flat,T3,4,1,0,0,,0,0,,,0,0,0,0,0,0,0,0,0.0,,wait,True,
D-flat,T3,4,1,1,0,,0,0,,,0,0,0,0,0,0,0,0,0.0,,wait,True,
D-flat,T3,4,1,2,0,,0,0,,,0,0,0,0,0,0,0,0,0.0,,wait,True,
D-flat,T3,4,1,3,0,,0,0,,,0,0,0,0,0,0,0,0,0.0,,gather_oak_log,True,
D-flat,T3,4,1,4,0,,0,0,,,0,0,0,0,0,0,0,0,0.0,,craft_oak_planks,True,
D-flat,T3,4,2,0,0,,0,0,,,0,0,0,0,0,0,0,0,0.0,,wait,True,
D-flat,T3,4,2,1,0,,0,0,,,0,0,0,0,0,0,0,0,0.0,,wait,True,
D-flat,T3,4,2,2,0,,0,0,,,0,0,0,0,0,0,0,0,0.0,,wait,True,
D-flat,T3,4,2,3,0,,0,0,,,0,0,0,0,0,0,0,0,0.0,,wait,True,
D-flat,T3,4,2,4,0,,0,0,,,0,0,0,0,0,0,0,0,0.0,,wait,True,
D-flat,T3,4,2,5,0,,0,0,,,0,0,0,0,0,0,0,0,0.0,,wait,True,
D-flat,T3,4,2,6,0,,0,0,,,0,0,0,0,0,0,0,0,0.0,,wait,True,
D-flat,T3,4,2,7,0,,0,0,,,0,0,0,0,0,0,0,0,0.0,,wait,True,
D-flat,T2,5,1,0,0,,0,0,,,0,0,0,0,0,0,0,0,0.0,,gather_oak_log,True,
D-flat,T2,5,1,1,0,,0,0,,,0,0,0,0,0,0,0,0,0.0,,craft_oak_planks,True,
D-flat,T3,5,1,0,0,,0,0,,,0,0,0,0,0,0,0,0,0.0,,gather_oak_log,True,
D-flat,T3,5,1,1,0,,0,0,,,0,0,0,0,0,0,0,0,0.0,,craft_oak_planks,True,
D-flat,T3,5,2,0,0,,0,0,,,0,0,0,0,0,0,0,0,0.0,,gather_birch_log,True,
D-flat,T3,5,2,1,0,,0,0,,,0,0,0,0,0,0,0,0,0.0,,craft_birch_planks,True,
D-flat,T2,6,1,0,0,,0,0,,,0,0,0,0,0,0,0,0,0.0,,gather_oak_log,True,
D-flat,T2,6,1,1,0,,0,0,,,0,0,0,0,0,0,0,0,0.0,,craft_oak_planks,True,
D-flat,T3,6,1,0,0,,0,0,,,0,0,0,0,0,0,0,0,0.0,,wait,True,
D-flat,T3,6,1,1,0,,0,0,,,0,0,0,0,0,0,0,0,0.0,,wait,True,
D-flat,T3,6,1,2,0,,0,0,,,0,0,0,0,0,0,0,0,0.0,,gather_oak_log,True,
D-flat,T3,6,1,3,0,,0,0,,,0,0,0,0,0,0,0,0,0.0,,craft_oak_planks,True,
D-flat,T3,6,2,0,0,,0,0,,,0,0,0,0,0,0,0,0,0.0,,wait,True,
D-flat,T3,6,2,1,0,,0,0,,,0,0,0,0,0,0,0,0,0.0,,wait,True,
D-flat,T3,6,2,2,0,,0,0,,,0,0,0,0,0,0,0,0,0.0,,wait,True,
D-flat,T3,6,2,3,0,,0,0,,,0,0,0,0,0,0,0,0,0.0,,gather_birch_log,True,
D-flat,T3,6,2,4,0,,0,0,,,0,0,0,0,0,0,0,0,0.0,,craft_birch_planks,True,
D-flat,T2,7,1,0,0,,0,0,,,0,0,0,0,0,0,0,0,0.0,,gather_oak_log,True,
D-flat,T2,7,1,1,0,,0,0,,,0,0,0,0,0,0,0,0,0.0,,wait,True,
D-flat,T2,7,1,2,0,,0,0,,,0,0,0,0,0,0,0,0,0.0,,craft_oak_planks,True,
D-flat,T3,7,1,0,0,,0,0,,,0,0,0,0,0,0,0,0,0.0,,gather_oak_log,True,
D-flat,T3,7,1,1,0,,0,0,,,0,0,0,0,0,0,0,0,0.0,,craft_oak_planks,True,
D-flat,T3,7,2,0,0,,0,0,,,0,0,0,0,0,0,0,0,0.0,,wait,True,
D-flat,T3,7,2,1,0,,0,0,,,0,0,0,0,0,0,0,0,0.0,,gather_birch_log,True,
D-flat,T3,7,2,2,0,,0,0,,,0,0,0,0,0,0,0,0,0.0,,craft_birch_planks,True,
D-flat,T2,8,1,0,0,,0,0,,,0,0,0,0,0,0,0,0,0.0,,gather_oak_log,True,
D-flat,T2,8,1,1,0,,0,0,,,0,0,0,0,0,0,0,0,0.0,,craft_oak_planks,True,
D-flat,T3,8,1,0,0,,0,0,,,0,0,0,0,0,0,0,0,0.0,,gather_oak_log,True,
D-flat,T3,8,1,1,0,,0,0,,,0,0,0,0,0,0,0,0,0.0,,craft_oak_planks,True,
D-flat,T3,8,2,0,0,,0,0,,,0,0,0,0,0,0,0,0,0.0,,wait,True,
D-flat,T3,8,2,1,0,,0,0,,,0,0,0,0,0,0,0,0,0.0,,gather_birch_log,True,
D-flat,T3,8,2,2,0,,0,0,,,0,0,0,0,0,0,0,0,0.0,,wait,True,
D-flat,T3,8,2,3,0,,0,0,,,0,0,0,0,0,0,0,0,0.0,,craft_birch_planks,True,
D-flat,T2,9,1,0,0,,0,0,,,0,0,0,0,0,0,0,0,0.0,,gather_oak_log,True,
D-flat,T2,9,1,1,0,,0,0,,,0,0,0,0,0,0,0,0,0.0,,craft_oak_planks,True,
D-flat,T3,9,1,0,0,,0,0,,,0,0,0,0,0,0,0,0,0.0,,wait,True,
D-flat,T3,9,1,1,0,,0,0,,,0,0,0,0,0,0,0,0,0.0,,wait,True,
D-flat,T3,9,1,2,0,,0,0,,,0,0,0,0,0,0,0,0,0.0,,gather_oak_log,True,
D-flat,T3,9,1,3,0,,0,0,,,0,0,0,0,0,0,0,0,0.0,,wait,True,
D-flat,T3,9,1,4,0,,0,0,,,0,0,0,0,0,0,0,0,0.0,,craft_oak_planks,True,
D-flat,T3,9,2,0,0,,0,0,,,0,0,0,0,0,0,0,0,0.0,,wait,True,
D-flat,T3,9,2,1,0,,0,0,,,0,0,0,0,0,0,0,0,0.0,,wait,True,
D-flat,T3,9,2,2,0,,0,0,,,0,0,0,0,0,0,0,0,0.0,,gather_birch_log,True,
D-flat,T3,9,2,3,0,,0,0,,,0,0,0,0,0,0,0,0,0.0,,wait,True,
D-flat,T3,9,2,4,0,,0,0,,,0,0,0,0,0,0,0,0,0.0,,wait,True,
D-flat,T3,9,2,5,0,,0,0,,,0,0,0,0,0,0,0,0,0.0,,wait,True,
D-flat,T3,9,2,6,0,,0,0,,,0,0,0,0,0,0,0,0,0.0,,craft_birch_planks,True,
D-flat,T2,10,1,0,0,,0,0,,,0,0,0,0,0,0,0,0,0.0,,wait,True,
D-flat,T2,10,1,1,0,,0,0,,,0,0,0,0,0,0,0,0,0.0,,gather_oak_log,True,
D-flat,T2,10,1,2,0,,0,0,,,0,0,0,0,0,0,0,0,0.0,,craft_oak_planks,True,
D-flat,T3,10,1,0,0,,0,0,,,0,0,0,0,0,0,0,0,0.0,,wait,True,
D-flat,T3,10,1,1,0,,0,0,,,0,0,0,0,0,0,0,0,0.0,,wait,True,
D-flat,T3,10,1,2,0,,0,0,,,0,0,0,0,0,0,0,0,0.0,,wait,True,
D-flat,T3,10,1,3,0,,0,0,,,0,0,0,0,0,0,0,0,0.0,,wait,True,
D-flat,T3,10,1,4,0,,0,0,,,0,0,0,0,0,0,0,0,0.0,,wait,True,
D-flat,T3,10,2,0,0,,0,0,,,0,0,0,0,0,0,0,0,0.0,,wait,True,
D-flat,T3,10,2,1,0,,0,0,,,0,0,0,0,0,0,0,0,0.0,,gather_birch_log,True,
D-flat,T3,10,2,2,0,,0,0,,,0,0,0,0,0,0,0,0,0.0,,craft_birch_planks,True,
D-flat,T2,11,1,0,0,,0,0,,,0,0,0,0,0,0,0,0,0.0,,gather_oak_log,True,
D-flat,T2,11,1,1,0,,0,0,,,0,0,0,0,0,0,0,0,0.0,,wait,True,
D-flat,T2,11,1,2,0,,0,0,,,0,0,0,0,0,0,0,0,0.0,,craft_oak_planks,True,
D-flat,T3,11,1,0,0,,0,0,,,0,0,0,0,0,0,0,0,0.0,,wait,True,
D-flat,T3,11,1,1,0,,0,0,,,0,0,0,0,0,0,0,0,0.0,,gather_oak_log,True,
D-flat,T3,11,1,2,0,,0,0,,,0,0,0,0,0,0,0,0,0.0,,craft_oak_planks,True,
D-flat,T3,11,2,0,0,,0,0,,,0,0,0,0,0,0,0,0,0.0,,wait,True,
D-flat,T3,11,2,1,0,,0,0,,,0,0,0,0,0,0,0,0,0.0,,wait,True,
D-flat,T3,11,2,2,0,,0,0,,,0,0,0,0,0,0,0,0,0.0,,gather_birch_log,True,
D-flat,T3,11,2,3,0,,0,0,,,0,0,0,0,0,0,0,0,0.0,,wait,True,
D-flat,T3,11,2,4,0,,0,0,,,0,0,0,0,0,0,0,0,0.0,,craft_birch_planks,True,
D-flat,T2,12,1,0,0,,0,0,,,0,0,0,0,0,0,0,0,0.0,,gather_oak_log,True,
D-flat,T2,12,1,1,0,,0,0,,,0,0,0,0,0,0,0,0,0.0,,wait,True,
D-flat,T2,12,1,2,0,,0,0,,,0,0,0,0,0,0,0,0,0.0,,wait,True,
D-flat,T2,12,1,3,0,,0,0,,,0,0,0,0,0,0,0,0,0.0,,craft_oak_planks,True,
D-flat,T3,12,1,0,0,,0,0,,,0,0,0,0,0,0,0,0,0.0,,gather_oak_log,True,
D-flat,T3,12,1,1,0,,0,0,,,0,0,0,0,0,0,0,0,0.0,,wait,True,
D-flat,T3,12,1,2,0,,0,0,,,0,0,0,0,0,0,0,0,0.0,,craft_oak_planks,True,
D-flat,T3,12,2,0,0,,0,0,,,0,0,0,0,0,0,0,0,0.0,,wait,True,
D-flat,T3,12,2,1,0,,0,0,,,0,0,0,0,0,0,0,0,0.0,,wait,True,
D-flat,T3,12,2,2,0,,0,0,,,0,0,0,0,0,0,0,0,0.0,,wait,True,
D-flat,T3,12,2,3,0,,0,0,,,0,0,0,0,0,0,0,0,0.0,,wait,True,
D-flat,T3,12,2,4,0,,0,0,,,0,0,0,0,0,0,0,0,0.0,,gather_birch_log,True,
D-flat,T3,12,2,5,0,,0,0,,,0,0,0,0,0,0,0,0,0.0,,wait,True,
D-flat,T3,12,2,6,0,,0,0,,,0,0,0,0,0,0,0,0,0.0,,wait,True,
D-flat,T3,12,2,7,0,,0,0,,,0,0,0,0,0,0,0,0,0.0,,wait,True,
D-flat,T2,13,1,0,0,,0,0,,,0,0,0,0,0,0,0,0,0.0,,gather_oak_log,True,
D-flat,T2,13,1,1,0,,0,0,,,0,0,0,0,0,0,0,0,0.0,,wait,True,
D-flat,T2,13,1,2,0,,0,0,,,0,0,0,0,0,0,0,0,0.0,,wait,True,
D-flat,T2,13,1,3,0,,0,0,,,0,0,0,0,0,0,0,0,0.0,,craft_oak_planks,True,
D-flat,T3,13,1,0,0,,0,0,,,0,0,0,0,0,0,0,0,0.0,,gather_oak_log,True,
D-flat,T3,13,1,1,0,,0,0,,,0,0,0,0,0,0,0,0,0.0,,wait,True,
D-flat,T3,13,1,2,0,,0,0,,,0,0,0,0,0,0,0,0,0.0,,craft_oak_planks,True,
D-flat,T3,13,2,0,0,,0,0,,,0,0,0,0,0,0,0,0,0.0,,gather_birch_log,True,
D-flat,T3,13,2,1,0,,0,0,,,0,0,0,0,0,0,0,0,0.0,,craft_birch_planks,True,
D-flat,T2,14,1,0,0,,0,0,,,0,0,0,0,0,0,0,0,0.0,,gather_oak_log,True,
D-flat,T2,14,1,1,0,,0,0,,,0,0,0,0,0,0,0,0,0.0,,craft_oak_planks,True,
D-flat,T3,14,1,0,0,,0,0,,,0,0,0,0,0,0,0,0,0.0,,wait,True,
D-flat,T3,14,1,1,0,,0,0,,,0,0,0,0,0,0,0,0,0.0,,gather_oak_log,True,
D-flat,T3,14,1,2,0,,0,0,,,0,0,0,0,0,0,0,0,0.0,,wait,True,
D-flat,T3,14,1,3,0,,0,0,,,0,0,0,0,0,0,0,0,0.0,,craft_oak_planks,True,
D-flat,T3,14,2,0,0,,0,0,,,0,0,0,0,0,0,0,0,0.0,,wait,True,
D-flat,T3,14,2,1,0,,0,0,,,0,0,0,0,0,0,0,0,0.0,,wait,True,
D-flat,T3,14,2,2,0,,0,0,,,0,0,0,0,0,0,0,0,0.0,,wait,True,
D-flat,T3,14,2,3,0,,0,0,,,0,0,0,0,0,0,0,0,0.0,,gather_birch_log,True,
D-flat,T3,14,2,4,0,,0,0,,,0,0,0,0,0,0,0,0,0.0,,craft_birch_planks,True,
D-flat,T2,15,1,0,0,,0,0,,,0,0,0,0,0,0,0,0,0.0,,gather_oak_log,True,
D-flat,T2,15,1,1,0,,0,0,,,0,0,0,0,0,0,0,0,0.0,,craft_oak_planks,True,
D-flat,T3,15,1,0,0,,0,0,,,0,0,0,0,0,0,0,0,0.0,,wait,True,
D-flat,T3,15,1,1,0,,0,0,,,0,0,0,0,0,0,0,0,0.0,,wait,True,
D-flat,T3,15,1,2,0,,0,0,,,0,0,0,0,0,0,0,0,0.0,,gather_oak_log,True,
D-flat,T3,15,1,3,0,,0,0,,,0,0,0,0,0,0,0,0,0.0,,craft_oak_planks,True,
D-flat,T3,15,2,0,0,,0,0,,,0,0,0,0,0,0,0,0,0.0,,gather_birch_log,True,
D-flat,T3,15,2,1,0,,0,0,,,0,0,0,0,0,0,0,0,0.0,,craft_birch_planks,True,
D-flat,T2,16,1,0,0,,0,0,,,0,0,0,0,0,0,0,0,0.0,,gather_oak_log,True,
D-flat,T2,16,1,1,0,,0,0,,,0,0,0,0,0,0,0,0,0.0,,craft_oak_planks,True,
D-flat,T2,17,1,0,0,,0,0,,,0,0,0,0,0,0,0,0,0.0,,gather_oak_log,True,
D-flat,T2,17,1,1,0,,0,0,,,0,0,0,0,0,0,0,0,0.0,,wait,True,
D-flat,T2,17,1,2,0,,0,0,,,0,0,0,0,0,0,0,0,0.0,,craft_oak_planks,True,
D-flat,T2,18,1,0,0,,0,0,,,0,0,0,0,0,0,0,0,0.0,,gather_oak_log,True,
D-flat,T2,18,1,1,0,,0,0,,,0,0,0,0,0,0,0,0,0.0,,craft_oak_planks,True,
D-flat,T2,19,1,0,0,,0,0,,,0,0,0,0,0,0,0,0,0.0,,gather_oak_log,True,
D-flat,T2,19,1,1,0,,0,0,,,0,0,0,0,0,0,0,0,0.0,,craft_oak_planks,True,
D-flat,T2,20,1,0,0,,0,0,,,0,0,0,0,0,0,0,0,0.0,,gather_oak_log,True,
D-flat,T2,20,1,1,0,,0,0,,,0,0,0,0,0,0,0,0,0.0,,craft_oak_planks,True,
D-flat,T3,16,1,0,0,,0,0,,,0,0,0,0,0,0,0,0,0.0,,wait,True,
D-flat,T3,16,1,1,0,,0,0,,,0,0,0,0,0,0,0,0,0.0,,gather_oak_log,True,
D-flat,T3,16,1,2,0,,0,0,,,0,0,0,0,0,0,0,0,0.0,,craft_oak_planks,True,
D-flat,T3,16,2,0,0,,0,0,,,0,0,0,0,0,0,0,0,0.0,,wait,True,
D-flat,T3,16,2,1,0,,0,0,,,0,0,0,0,0,0,0,0,0.0,,wait,True,
D-flat,T3,16,2,2,0,,0,0,,,0,0,0,0,0,0,0,0,0.0,,wait,True,
D-flat,T3,16,2,3,0,,0,0,,,0,0,0,0,0,0,0,0,0.0,,wait,True,
D-flat,T3,16,2,4,0,,0,0,,,0,0,0,0,0,0,0,0,0.0,,wait,True,
D-flat,T3,16,2,5,0,,0,0,,,0,0,0,0,0,0,0,0,0.0,,gather_birch_log,True,
D-flat,T3,16,2,6,0,,0,0,,,0,0,0,0,0,0,0,0,0.0,,wait,True,
D-flat,T3,16,2,7,0,,0,0,,,0,0,0,0,0,0,0,0,0.0,,wait,True,
D-flat,T3,17,1,0,0,,0,0,,,0,0,0,0,0,0,0,0,0.0,,gather_oak_log,True,
D-flat,T3,17,1,1,0,,0,0,,,0,0,0,0,0,0,0,0,0.0,,craft_oak_planks,True,
D-flat,T3,17,2,0,0,,0,0,,,0,0,0,0,0,0,0,0,0.0,,wait,True,
D-flat,T3,17,2,1,0,,0,0,,,0,0,0,0,0,0,0,0,0.0,,wait,True,
D-flat,T3,17,2,2,0,,0,0,,,0,0,0,0,0,0,0,0,0.0,,gather_birch_log,True,
D-flat,T3,17,2,3,0,,0,0,,,0,0,0,0,0,0,0,0,0.0,,craft_birch_planks,True,
D-flat,T3,18,1,0,0,,0,0,,,0,0,0,0,0,0,0,0,0.0,,gather_oak_log,True,
D-flat,T3,18,1,1,0,,0,0,,,0,0,0,0,0,0,0,0,0.0,,craft_oak_planks,True,
D-flat,T3,18,2,0,0,,0,0,,,0,0,0,0,0,0,0,0,0.0,,wait,True,
D-flat,T3,18,2,1,0,,0,0,,,0,0,0,0,0,0,0,0,0.0,,wait,True,
D-flat,T3,18,2,2,0,,0,0,,,0,0,0,0,0,0,0,0,0.0,,gather_birch_log,True,
D-flat,T3,18,2,3,0,,0,0,,,0,0,0,0,0,0,0,0,0.0,,wait,True,
D-flat,T3,18,2,4,0,,0,0,,,0,0,0,0,0,0,0,0,0.0,,craft_birch_planks,True,
D-flat,T3,19,1,0,0,,0,0,,,0,0,0,0,0,0,0,0,0.0,,wait,True,
D-flat,T3,19,1,1,0,,0,0,,,0,0,0,0,0,0,0,0,0.0,,gather_oak_log,True,
D-flat,T3,19,1,2,0,,0,0,,,0,0,0,0,0,0,0,0,0.0,,wait,True,
D-flat,T3,19,1,3,0,,0,0,,,0,0,0,0,0,0,0,0,0.0,,craft_oak_planks,True,
D-flat,T3,19,2,0,0,,0,0,,,0,0,0,0,0,0,0,0,0.0,,gather_birch_log,True,
D-flat,T3,19,2,1,0,,0,0,,,0,0,0,0,0,0,0,0,0.0,,craft_birch_planks,True,
D-flat,T3,20,1,0,0,,0,0,,,0,0,0,0,0,0,0,0,0.0,,gather_oak_log,True,
D-flat,T3,20,1,1,0,,0,0,,,0,0,0,0,0,0,0,0,0.0,,craft_oak_planks,True,
D-flat,T3,20,2,0,0,,0,0,,,0,0,0,0,0,0,0,0,0.0,,wait,True,
D-flat,T3,20,2,1,0,,0,0,,,0,0,0,0,0,0,0,0,0.0,,wait,True,
D-flat,T3,20,2,2,0,,0,0,,,0,0,0,0,0,0,0,0,0.0,,gather_birch_log,True,
D-flat,T3,20,2,3,0,,0,0,,,0,0,0,0,0,0,0,0,0.0,,craft_birch_planks,True,
