condition,task,seed,phase,step,n_nodes,action,ok
fas_full,T1,1,1,0,0,wait,True
fas_full,T1,1,1,1,5,gather_oak_log,True
fas_full,T1,1,1,2,7,craft_oak_planks,True
fas_full,T1,1,2,0,8,wait,True
fas_full,T1,1,2,1,8,wait,True
fas_full,T1,1,2,2,8,wait,True
fas_full,T1,1,2,3,8,gather_oak_log,True
fas_full,T1,1,2,4,8,wait,True
fas_full,T1,1,2,5,8,craft_oak_planks,True
fas_full,T2,1,1,0,0,gather_oak_log,True
fas_full,T2,1,1,1,5,wait,True
fas_full,T2,1,1,2,7,craft_oak_planks,True
fas_full,T3,1,1,0,0,wait,True
fas_full,T3,1,1,1,7,wait,True
fas_full,T3,1,1,2,7,gather_oak_log,True
fas_full,T3,1,1,3,8,craft_oak_planks,True
fas_full,T3,1,2,0,8,wait,True
fas_full,T3,1,2,1,8,wait,True
fas_full,T3,1,2,2,8,wait,True
fas_full,T3,1,2,3,8,wait,True
fas_full,T3,1,2,4,8,gather_birch_log,True
fas_full,T3,1,2,5,8,wait,True
fas_full,T3,1,2,6,8,wait,True
fas_full,T3,1,2,7,8,wait,True
fas_full,T4,1,1,0,0,wait,True
fas_full,T4,1,1,1,6,gather_oak_log,True
fas_full,T4,1,1,2,8,wait,True
fas_full,T4,1,1,3,8,wait,True
fas_full,T4,1,1,4,8,wait,True
fas_full,T4,1,1,5,8,wait,True
fas_full,T4,1,1,6,8,craft_oak_planks,True
fas_full,T1,2,1,0,0,wait,True
fas_full,T1,2,1,1,5,wait,True
fas_full,T1,2,1,2,5,wait,True
fas_full,T1,2,1,3,5,gather_oak_log,True
fas_full,T1,2,1,4,7,craft_oak_planks,True
fas_full,T1,2,2,0,8,wait,True
fas_full,T1,2,2,1,8,gather_oak_log,True
fas_full,T1,2,2,2,8,craft_oak_planks,True
fas_full,T2,2,1,0,0,wait,True
fas_full,T2,2,1,1,5,gather_oak_log,True
fas_full,T2,2,1,2,7,craft_oak_planks,True
fas_full,T3,2,1,0,0,wait,True
fas_full,T3,2,1,1,7,wait,True
fas_full,T3,2,1,2,7,wait,True
fas_full,T3,2,1,3,7,wait,True
fas_full,T3,2,1,4,7,wait,True
fas_full,T3,2,2,0,7,gather_birch_log,True
fas_full,T3,2,2,1,8,wait,True
fas_full,T3,2,2,2,8,wait,True
fas_full,T3,2,2,3,8,craft_birch_planks,True
fas_full,T4,2,1,0,0,wait,True
fas_full,T4,2,1,1,6,gather_oak_log,True
fas_full,T4,2,1,2,8,wait,True
fas_full,T4,2,1,3,8,wait,True
fas_full,T4,2,1,4,8,craft_oak_planks,True
fas_full,T1,3,1,0,0,wait,True
fas_full,T1,3,1,1,5,gather_oak_log,True
fas_full,T1,3,1,2,7,craft_oak_planks,True
fas_full,T1,3,2,0,8,wait,True
fas_full,T1,3,2,1,8,wait,True
fas_full,T1,3,2,2,8,wait,True
fas_full,T1,3,2,3,8,wait,True
fas_full,T1,3,2,4,8,wait,True
fas_full,T1,3,2,5,8,wait,True
fas_full,T1,3,2,6,8,wait,True
fas_full,T2,3,1,0,0,gather_oak_log,True
fas_full,T2,3,1,1,5,craft_oak_planks,True
fas_full,T3,3,1,0,0,wait,True
fas_full,T3,3,1,1,7,wait,True
fas_full,T3,3,1,2,7,gather_oak_log,True
fas_full,T3,3,1,3,8,wait,True
fas_full,T3,3,1,4,8,craft_oak_planks,True
fas_full,T3,3,2,0,8,wait,True
fas_full,T3,3,2,1,8,wait,True
fas_full,T3,3,2,2,8,wait,True
fas_full,T3,3,2,3,8,gather_birch_log,True
fas_full,T3,3,2,4,8,craft_birch_planks,True
fas_full,T4,3,1,0,0,wait,True
fas_full,T4,3,1,1,6,wait,True
fas_full,T4,3,1,2,6,gather_oak_log,True
fas_full,T4,3,1,3,8,wait,True
fas_full,T4,3,1,4,8,craft_oak_planks,True
fas_full,T1,4,1,0,0,wait,True
fas_full,T1,4,1,1,5,gather_oak_log,True
fas_full,T1,4,1,2,7,craft_oak_planks,True
fas_full,T1,4,2,0,8,gather_oak_log,True
fas_full,T1,4,2,1,8,craft_oak_planks,True
fas_full,T2,4,1,0,0,gather_oak_log,True
fas_full,T2,4,1,1,5,craft_oak_planks,True
fas_full,T3,4,1,0,0,wait,True
fas_full,T3,4,1,1,7,wait,True
fas_full,T3,4,1,2,7,wait,True
fas_full,T3,4,1,3,7,wait,True
fas_full,T3,4,1,4,7,wait,True
fas_full,T3,4,2,0,7,wait,True
fas_full,T3,4,2,1,7,wait,True
fas_full,T3,4,2,2,7,wait,True
fas_full,T3,4,2,3,7,wait,True
fas_full,T3,4,2,4,7,wait,True
fas_full,T3,4,2,5,7,gather_birch_log,True
fas_full,T3,4,2,6,8,craft_birch_planks,True
fas_full,T4,4,1,0,0,wait,True
fas_full,T4,4,1,1,6,wait,True
fas_full,T4,4,1,2,6,wait,True
fas_full,T4,4,1,3,6,wait,True
fas_full,T4,4,1,4,6,wait,True
fas_full,T4,4,1,5,6,wait,True
fas_full,T4,4,1,6,6,gather_oak_log,True
fas_full,T4,4,1,7,8,craft_oak_planks,True
fas_full,T1,5,1,0,0,gather_oak_log,True
fas_full,T1,5,1,1,5,wait,True
fas_full,T1,5,1,2,7,craft_oak_planks,True
fas_full,T1,5,2,0,8,wait,True
fas_full,T1,5,2,1,8,wait,True
fas_full,T1,5,2,2,8,gather_oak_log,True
fas_full,T1,5,2,3,8,craft_oak_planks,True
fas_full,T2,5,1,0,0,gather_oak_log,True
fas_full,T2,5,1,1,5,wait,True
fas_full,T2,5,1,2,7,craft_oak_planks,True
fas_full,T3,5,1,0,0,gather_oak_log,True
fas_full,T3,5,1,1,7,craft_oak_planks,True
fas_full,T3,5,2,0,8,wait,True
fas_full,T3,5,2,1,8,gather_birch_log,True
fas_full,T3,5,2,2,8,craft_birch_planks,True
fas_full,T4,5,1,0,0,gather_oak_log,True
fas_full,T4,5,1,1,6,wait,True
fas_full,T4,5,1,2,8,wait,True
fas_full,T4,5,1,3,8,wait,True
fas_full,T4,5,1,4,8,craft_oak_planks,True
fas_full,T1,6,1,0,0,gather_oak_log,True
fas_full,T1,6,1,1,5,wait,True
fas_full,T1,6,1,2,7,craft_oak_planks,True
fas_full,T1,6,2,0,8,gather_oak_log,True
fas_full,T1,6,2,1,8,craft_oak_planks,True
fas_full,T2,6,1,0,0,gather_oak_log,True
fas_full,T2,6,1,1,5,craft_oak_planks,True
fas_full,T3,6,1,0,0,wait,True
fas_full,T3,6,1,1,7,gather_oak_log,True
fas_full,T3,6,1,2,8,wait,True
fas_full,T3,6,1,3,8,wait,True
fas_full,T3,6,1,4,8,craft_oak_planks,True
fas_full,T3,6,2,0,8,wait,True
fas_full,T3,6,2,1,8,gather_birch_log,True
fas_full,T3,6,2,2,8,craft_birch_planks,True
fas_full,T4,6,1,0,0,wait,True
fas_full,T4,6,1,1,6,wait,True
fas_full,T4,6,1,2,6,wait,True
fas_full,T4,6,1,3,6,wait,True
fas_full,T4,6,1,4,6,wait,True
fas_full,T4,6,1,5,6,wait,True
fas_full,T4,6,1,6,6,wait,True
fas_full,T4,6,1,7,6,wait,True
fas_full,T4,6,1,8,6,gather_oak_log,True
fas_full,T4,6,1,9,8,wait,True
fas_full,T1,7,1,0,0,wait,True
fas_full,T1,7,1,1,5,wait,True
fas_full,T1,7,1,2,5,gather_oak_log,True
fas_full,T1,7,1,3,7,craft_oak_planks,True
fas_full,T1,7,2,0,8,wait,True
fas_full,T1,7,2,1,8,wait,True
fas_full,T1,7,2,2,8,wait,True
fas_full,T1,7,2,3,8,gather_oak_log,True
fas_full,T1,7,2,4,8,craft_oak_planks,True
fas_full,T2,7,1,0,0,gather_oak_log,True
fas_full,T2,7,1,1,5,craft_oak_planks,True
fas_full,T3,7,1,0,0,wait,True
fas_full,T3,7,1,1,7,gather_oak_log,True
fas_full,T3,7,1,2,8,craft_oak_planks,True
fas_full,T3,7,2,0,8,wait,True
fas_full,T3,7,2,1,8,gather_birch_log,True
fas_full,T3,7,2,2,8,wait,True
fas_full,T3,7,2,3,8,wait,True
fas_full,T3,7,2,4,8,wait,True
fas_full,T3,7,2,5,8,craft_birch_planks,True
fas_full,T4,7,1,0,0,wait,True
fas_full,T4,7,1,1,6,gather_oak_log,True
fas_full,T4,7,1,2,8,wait,True
fas_full,T4,7,1,3,8,wait,True
fas_full,T4,7,1,4,8,wait,True
fas_full,T4,7,1,5,8,craft_oak_planks,True
fas_full,T1,8,1,0,0,wait,True
fas_full,T1,8,1,1,5,gather_oak_log,True
fas_full,T1,8,1,2,7,craft_oak_planks,True
fas_full,T1,8,2,0,8,gather_oak_log,True
fas_full,T1,8,2,1,8,craft_oak_planks,True
fas_full,T2,8,1,0,0,gather_oak_log,True
fas_full,T2,8,1,1,5,wait,True
fas_full,T2,8,1,2,7,craft_oak_planks,True
fas_full,T3,8,1,0,0,wait,True
fas_full,T3,8,1,1,7,gather_oak_log,True
fas_full,T3,8,1,2,8,wait,True
fas_full,T3,8,1,3,8,craft_oak_planks,True
fas_full,T3,8,2,0,8,gather_birch_log,True
fas_full,T3,8,2,1,8,craft_birch_planks,True
fas_full,T4,8,1,0,0,wait,True
fas_full,T4,8,1,1,6,wait,True
fas_full,T4,8,1,2,6,wait,True
fas_full,T4,8,1,3,6,wait,True
fas_full,T4,8,1,4,6,wait,True
fas_full,T4,8,1,5,6,gather_oak_log,True
fas_full,T4,8,1,6,8,craft_oak_planks,True
fas_full,T1,9,1,0,0,wait,True
fas_full,T1,9,1,1,5,wait,True
fas_full,T1,9,1,2,5,wait,True
fas_full,T1,9,1,3,5,gather_oak_log,True
fas_full,T1,9,1,4,7,craft_oak_planks,True
fas_full,T1,9,2,0,8,wait,True
fas_full,T1,9,2,1,8,wait,True
fas_full,T1,9,2,2,8,wait,True
fas_full,T1,9,2,3,8,gather_oak_log,True
fas_full,T1,9,2,4,8,wait,True
fas_full,T1,9,2,5,8,wait,True
fas_full,T1,9,2,6,8,craft_oak_planks,True
fas_full,T2,9,1,0,0,gather_oak_log,True
fas_full,T2,9,1,1,5,craft_oak_planks,True
fas_full,T3,9,1,0,0,wait,True
fas_full,T3,9,1,1,7,wait,True
fas_full,T3,9,1,2,7,gather_oak_log,True
fas_full,T3,9,1,3,8,craft_oak_planks,True
fas_full,T3,9,2,0,8,gather_birch_log,True
fas_full,T3,9,2,1,8,craft_birch_planks,True
fas_full,T4,9,1,0,0,wait,True
fas_full,T4,9,1,1,6,gather_oak_log,True
fas_full,T4,9,1,2,8,wait,True
fas_full,T4,9,1,3,8,wait,True
fas_full,T4,9,1,4,8,wait,True
fas_full,T4,9,1,5,8,craft_oak_planks,True
fas_full,T1,10,1,0,0,gather_oak_log,True
fas_full,T1,10,1,1,5,wait,True
fas_full,T1,10,1,2,7,wait,True
fas_full,T1,10,1,3,7,wait,True
fas_full,T1,10,1,4,7,craft_oak_planks,True
fas_full,T1,10,2,0,8,wait,True
fas_full,T1,10,2,1,8,gather_oak_log,True
fas_full,T1,10,2,2,8,craft_oak_planks,True
fas_full,T2,10,1,0,0,wait,True
fas_full,T2,10,1,1,5,gather_oak_log,True
fas_full,T2,10,1,2,7,wait,True
fas_full,T2,10,1,3,7,wait,True
fas_full,T2,10,1,4,7,craft_oak_planks,True
fas_full,T3,10,1,0,0,wait,True
fas_full,T3,10,1,1,7,gather_oak_log,True
fas_full,T3,10,1,2,8,wait,True
fas_full,T3,10,1,3,8,craft_oak_planks,True
fas_full,T3,10,2,0,8,wait,True
fas_full,T3,10,2,1,8,wait,True
fas_full,T3,10,2,2,8,gather_birch_log,True
fas_full,T3,10,2,3,8,wait,True
fas_full,T3,10,2,4,8,wait,True
fas_full,T3,10,2,5,8,craft_birch_planks,True
fas_full,T4,10,1,0,0,wait,True
fas_full,T4,10,1,1,6,wait,True
fas_full,T4,10,1,2,6,wait,True
fas_full,T4,10,1,3,6,eat_bread,True
fas_full,T4,10,1,4,8,wait,True
fas_full,T4,10,1,5,8,wait,True
fas_full,T4,10,1,6,8,gather_oak_log,True
fas_full,T4,10,1,7,8,craft_oak_planks,True
fas_full,T1,11,1,0,0,gather_oak_log,True
fas_full,T1,11,1,1,5,wait,True
fas_full,T1,11,1,2,7,craft_oak_planks,True
fas_full,T1,11,2,0,8,wait,True
fas_full,T1,11,2,1,8,wait,True
fas_full,T1,11,2,2,8,wait,True
fas_full,T1,11,2,3,8,wait,True
fas_full,T1,11,2,4,8,wait,True
fas_full,T1,11,2,5,8,wait,True
fas_full,T1,11,2,6,8,wait,True
fas_full,T2,11,1,0,0,wait,True
fas_full,T2,11,1,1,5,gather_oak_log,True
fas_full,T2,11,1,2,7,craft_oak_planks,True
fas_full,T3,11,1,0,0,wait,True
fas_full,T3,11,1,1,7,wait,True
fas_full,T3,11,1,2,7,gather_oak_log,True
fas_full,T3,11,1,3,8,craft_oak_planks,True
fas_full,T3,11,2,0,8,gather_birch_log,True
fas_full,T3,11,2,1,8,wait,True
fas_full,T3,11,2,2,8,craft_birch_planks,True
fas_full,T4,11,1,0,0,wait,True
fas_full,T4,11,1,1,6,wait,True
fas_full,T4,11,1,2,6,wait,True
fas_full,T4,11,1,3,6,eat_bread,True
fas_full,T4,11,1,4,8,gather_oak_log,True
fas_full,T4,11,1,5,8,craft_oak_planks,True
fas_full,T1,12,1,0,0,wait,True
fas_full,T1,12,1,1,5,wait,True
fas_full,T1,12,1,2,5,wait,True
fas_full,T1,12,1,3,5,wait,True
fas_full,T1,12,1,4,5,gather_oak_log,True
fas_full,T1,12,1,5,7,craft_oak_planks,True
fas_full,T1,12,2,0,8,wait,True
fas_full,T1,12,2,1,8,wait,True
fas_full,T1,12,2,2,8,wait,True
fas_full,T1,12,2,3,8,wait,True
fas_full,T1,12,2,4,8,wait,True
fas_full,T1,12,2,5,8,wait,True
fas_full,T1,12,2,6,8,wait,True
fas_full,T2,12,1,0,0,gather_oak_log,True
fas_full,T2,12,1,1,5,wait,True
fas_full,T2,12,1,2,7,craft_oak_planks,True
fas_full,T3,12,1,0,0,gather_oak_log,True
fas_full,T3,12,1,1,7,wait,True
fas_full,T3,12,1,2,8,wait,True
fas_full,T3,12,1,3,8,craft_oak_planks,True
fas_full,T3,12,2,0,8,gather_birch_log,True
fas_full,T3,12,2,1,8,wait,True
fas_full,T3,12,2,2,8,wait,True
fas_full,T3,12,2,3,8,wait,True
fas_full,T3,12,2,4,8,wait,True
fas_full,T3,12,2,5,8,craft_birch_planks,True
fas_full,T4,12,1,0,0,gather_oak_log,True
fas_full,T4,12,1,1,6,wait,True
fas_full,T4,12,1,2,8,craft_oak_planks,True
fas_full,T1,13,1,0,0,gather_oak_log,True
fas_full,T1,13,1,1,5,craft_oak_planks,True
fas_full,T1,13,2,0,7,wait,True
fas_full,T1,13,2,1,8,gather_oak_log,True
fas_full,T1,13,2,2,8,craft_oak_planks,True
fas_full,T2,13,1,0,0,wait,True
fas_full,T2,13,1,1,5,gather_oak_log,True
fas_full,T2,13,1,2,7,craft_oak_planks,True
fas_full,T3,13,1,0,0,wait,True
fas_full,T3,13,1,1,7,wait,True
fas_full,T3,13,1,2,7,wait,True
fas_full,T3,13,1,3,7,gather_oak_log,True
fas_full,T3,13,1,4,8,craft_oak_planks,True
fas_full,T3,13,2,0,8,wait,True
fas_full,T3,13,2,1,8,wait,True
fas_full,T3,13,2,2,8,wait,True
fas_full,T3,13,2,3,8,gather_birch_log,True
fas_full,T3,13,2,4,8,wait,True
fas_full,T3,13,2,5,8,craft_birch_planks,True
fas_full,T4,13,1,0,0,wait,True
fas_full,T4,13,1,1,6,wait,True
fas_full,T4,13,1,2,6,wait,True
fas_full,T4,13,1,3,6,eat_bread,True
fas_full,T4,13,1,4,8,wait,True
fas_full,T4,13,1,5,8,wait,True
fas_full,T4,13,1,6,8,wait,True
fas_full,T4,13,1,7,8,wait,True
fas_full,T4,13,1,8,8,gather_oak_log,True
fas_full,T4,13,1,9,8,craft_oak_planks,True
fas_full,T1,14,1,0,0,wait,True
fas_full,T1,14,1,1,5,wait,True
fas_full,T1,14,1,2,5,wait,True
fas_full,T1,14,1,3,5,gather_oak_log,True
fas_full,T1,14,1,4,7,wait,True
fas_full,T1,14,1,5,7,craft_oak_planks,True
fas_full,T1,14,2,0,8,gather_oak_log,True
fas_full,T1,14,2,1,8,craft_oak_planks,True
fas_full,T2,14,1,0,0,gather_oak_log,True
fas_full,T2,14,1,1,5,wait,True
fas_full,T2,14,1,2,7,craft_oak_planks,True
fas_full,T3,14,1,0,0,wait,True
fas_full,T3,14,1,1,7,wait,True
fas_full,T3,14,1,2,7,gather_oak_log,True
fas_full,T3,14,1,3,8,craft_oak_planks,True
fas_full,T3,14,2,0,8,gather_birch_log,True
fas_full,T3,14,2,1,8,craft_birch_planks,True
fas_full,T4,14,1,0,0,wait,True
fas_full,T4,14,1,1,6,wait,True
fas_full,T4,14,1,2,6,wait,True
fas_full,T4,14,1,3,6,wait,True
fas_full,T4,14,1,4,6,wait,True
fas_full,T4,14,1,5,6,gather_oak_log,True
fas_full,T4,14,1,6,8,wait,True
fas_full,T4,14,1,7,8,wait,True
fas_full,T4,14,1,8,8,wait,True
fas_full,T4,14,1,9,8,wait,True
fas_full,T1,15,1,0,0,wait,True
fas_full,T1,15,1,1,5,wait,True
fas_full,T1,15,1,2,5,wait,True
fas_full,T1,15,1,3,5,wait,True
fas_full,T1,15,1,4,5,wait,True
fas_full,T1,15,1,5,5,wait,True
fas_full,T1,15,2,0,5,wait,True
fas_full,T1,15,2,1,5,wait,True
fas_full,T1,15,2,2,5,gather_oak_log,True
fas_full,T1,15,2,3,7,craft_oak_planks,True
fas_full,T2,15,1,0,0,gather_oak_log,True
fas_full,T2,15,1,1,5,wait,True
fas_full,T2,15,1,2,7,wait,True
fas_full,T2,15,1,3,7,craft_oak_planks,True
fas_full,T3,15,1,0,0,wait,True
fas_full,T3,15,1,1,7,wait,True
fas_full,T3,15,1,2,7,gather_oak_log,True
fas_full,T3,15,1,3,8,wait,True
fas_full,T3,15,1,4,8,craft_oak_planks,True
fas_full,T3,15,2,0,8,wait,True
fas_full,T3,15,2,1,8,gather_birch_log,True
fas_full,T3,15,2,2,8,wait,True
fas_full,T3,15,2,3,8,wait,True
fas_full,T3,15,2,4,8,wait,True
fas_full,T3,15,2,5,8,wait,True
fas_full,T3,15,2,6,8,wait,True
fas_full,T3,15,2,7,8,craft_birch_planks,True
fas_full,T4,15,1,0,0,wait,True
fas_full,T4,15,1,1,6,gather_oak_log,True
fas_full,T4,15,1,2,8,wait,True
fas_full,T4,15,1,3,8,wait,True
fas_full,T4,15,1,4,8,craft_oak_planks,True
fas_full,T1,16,1,0,0,wait,True
fas_full,T1,16,1,1,5,gather_oak_log,True
fas_full,T1,16,1,2,7,craft_oak_planks,True
fas_full,T1,16,2,0,8,wait,True
fas_full,T1,16,2,1,8,wait,True
fas_full,T1,16,2,2,8,gather_oak_log,True
fas_full,T1,16,2,3,8,craft_oak_planks,True
fas_full,T2,16,1,0,0,gather_oak_log,True
fas_full,T2,16,1,1,5,craft_oak_planks,True
fas_full,T3,16,1,0,0,wait,True
fas_full,T3,16,1,1,7,wait,True
fas_full,T3,16,1,2,7,gather_oak_log,True
fas_full,T3,16,1,3,8,craft_oak_planks,True
fas_full,T3,16,2,0,8,gather_birch_log,True
fas_full,T3,16,2,1,8,craft_birch_planks,True
fas_full,T4,16,1,0,0,wait,True
fas_full,T4,16,1,1,6,wait,True
fas_full,T4,16,1,2,6,wait,True
fas_full,T4,16,1,3,6,eat_bread,True
fas_full,T4,16,1,4,8,wait,True
fas_full,T4,16,1,5,8,wait,True
fas_full,T4,16,1,6,8,gather_oak_log,True
fas_full,T4,16,1,7,8,wait,True
fas_full,T4,16,1,8,8,wait,True
fas_full,T4,16,1,9,8,wait,True
fas_full,T1,17,1,0,0,gather_oak_log,True
fas_full,T1,17,1,1,5,wait,True
fas_full,T1,17,1,2,7,craft_oak_planks,True
fas_full,T1,17,2,0,8,gather_oak_log,True
fas_full,T1,17,2,1,8,craft_oak_planks,True
fas_full,T2,17,1,0,0,gather_oak_log,True
fas_full,T2,17,1,1,5,craft_oak_planks,True
fas_full,T3,17,1,0,0,wait,True
fas_full,T3,17,1,1,7,wait,True
fas_full,T3,17,1,2,7,gather_oak_log,True
fas_full,T3,17,1,3,8,craft_oak_planks,True
fas_full,T3,17,2,0,8,gather_birch_log,True
fas_full,T3,17,2,1,8,craft_birch_planks,True
fas_full,T4,17,1,0,0,wait,True
fas_full,T4,17,1,1,6,wait,True
fas_full,T4,17,1,2,6,wait,True
fas_full,T4,17,1,3,6,wait,True
fas_full,T4,17,1,4,6,wait,True
fas_full,T4,17,1,5,6,gather_oak_log,True
fas_full,T4,17,1,6,8,wait,True
fas_full,T4,17,1,7,8,wait,True
fas_full,T4,17,1,8,8,craft_oak_planks,True
fas_full,T1,18,1,0,0,gather_oak_log,True
fas_full,T1,18,1,1,5,wait,True
fas_full,T1,18,1,2,7,craft_oak_planks,True
fas_full,T1,18,2,0,8,wait,True
fas_full,T1,18,2,1,8,wait,True
fas_full,T1,18,2,2,8,wait,True
fas_full,T1,18,2,3,8,wait,True
fas_full,T1,18,2,4,8,gather_oak_log,True
fas_full,T1,18,2,5,8,craft_oak_planks,True
fas_full,T2,18,1,0,0,gather_oak_log,True
fas_full,T2,18,1,1,5,wait,True
fas_full,T2,18,1,2,7,craft_oak_planks,True
fas_full,T3,18,1,0,0,wait,True
fas_full,T3,18,1,1,7,wait,True
fas_full,T3,18,1,2,7,wait,True
fas_full,T3,18,1,3,7,gather_oak_log,True
fas_full,T3,18,1,4,8,wait,True
fas_full,T3,18,2,0,8,gather_birch_log,True
fas_full,T3,18,2,1,8,craft_birch_planks,True
fas_full,T4,18,1,0,0,wait,True
fas_full,T4,18,1,1,6,wait,True
fas_full,T4,18,1,2,6,gather_oak_log,True
fas_full,T4,18,1,3,8,wait,True
fas_full,T4,18,1,4,8,wait,True
fas_full,T4,18,1,5,8,wait,True
fas_full,T4,18,1,6,8,craft_oak_planks,True
fas_full,T1,19,1,0,0,wait,True
fas_full,T1,19,1,1,5,wait,True
fas_full,T1,19,1,2,5,wait,True
fas_full,T1,19,1,3,5,wait,True
fas_full,T1,19,1,4,5,wait,True
fas_full,T1,19,1,5,5,wait,True
fas_full,T1,19,2,0,5,gather_oak_log,True
fas_full,T1,19,2,1,7,craft_oak_planks,True
fas_full,T2,19,1,0,0,gather_oak_log,True
fas_full,T2,19,1,1,5,craft_oak_planks,True
fas_full,T3,19,1,0,0,wait,True
fas_full,T3,19,1,1,7,wait,True
fas_full,T3,19,1,2,7,gather_oak_log,True
fas_full,T3,19,1,3,8,wait,True
fas_full,T3,19,1,4,8,craft_oak_planks,True
fas_full,T3,19,2,0,8,wait,True
fas_full,T3,19,2,1,8,gather_birch_log,True
fas_full,T3,19,2,2,8,craft_birch_planks,True
fas_full,T4,19,1,0,0,wait,True
fas_full,T4,19,1,1,6,gather_oak_log,True
fas_full,T4,19,1,2,8,wait,True
fas_full,T4,19,1,3,8,wait,True
fas_full,T4,19,1,4,8,wait,True
fas_full,T4,19,1,5,8,wait,True
fas_full,T4,19,1,6,8,craft_oak_planks,True
fas_full,T1,20,1,0,0,wait,True
fas_full,T1,20,1,1,5,gather_oak_log,True
fas_full,T1,20,1,2,7,craft_oak_planks,True
fas_full,T1,20,2,0,8,gather_oak_log,True
fas_full,T1,20,2,1,8,wait,True
fas_full,T1,20,2,2,8,craft_oak_planks,True
fas_full,T2,20,1,0,0,gather_oak_log,True
fas_full,T2,20,1,1,5,wait,True
fas_full,T2,20,1,2,7,craft_oak_planks,True
fas_full,T3,20,1,0,0,wait,True
fas_full,T3,20,1,1,7,wait,True
fas_full,T3,20,1,2,7,gather_oak_log,True
fas_full,T3,20,1,3,8,craft_oak_planks,True
fas_full,T3,20,2,0,8,gather_birch_log,True
fas_full,T3,20,2,1,8,craft_birch_planks,True
fas_full,T4,20,1,0,0,wait,True
fas_full,T4,20,1,1,6,wait,True
fas_full,T4,20,1,2,6,wait,True
fas_full,T4,20,1,3,6,wait,True
fas_full,T4,20,1,4,6,gather_oak_log,True
fas_full,T4,20,1,5,8,craft_oak_planks,True
llm_direct,T1,1,1,0,0,wait,True
llm_direct,T1,1,1,1,0,wait,True
llm_direct,T1,1,1,2,0,gather_oak_log,True
llm_direct,T1,1,1,3,0,wait,True
llm_direct,T1,1,1,4,0,craft_oak_planks,True
llm_direct,T1,1,2,0,0,gather_oak_log,True
llm_direct,T1,1,2,1,0,wait,True
llm_direct,T1,1,2,2,0,wait,True
llm_direct,T1,1,2,3,0,wait,True
llm_direct,T1,1,2,4,0,wait,True
llm_direct,T1,1,2,5,0,craft_oak_planks,True
llm_direct,T2,1,1,0,0,gather_oak_log,True
llm_direct,T2,1,1,1,0,craft_oak_planks,True
llm_direct,T3,1,1,0,0,gather_oak_log,True
llm_direct,T3,1,1,1,0,craft_oak_planks,True
llm_direct,T3,1,2,0,0,gather_birch_log,True
llm_direct,T3,1,2,1,0,wait,True
llm_direct,T3,1,2,2,0,wait,True
llm_direct,T3,1,2,3,0,wait,True
llm_direct,T3,1,2,4,0,craft_birch_planks,True
llm_direct,T4,1,1,0,0,wait,True
llm_direct,T4,1,1,1,0,wait,True
llm_direct,T4,1,1,2,0,gather_oak_log,True
llm_direct,T4,1,1,3,0,wait,True
llm_direct,T4,1,1,4,0,craft_oak_planks,True
llm_direct,T1,2,1,0,0,gather_oak_log,True
llm_direct,T1,2,1,1,0,craft_oak_planks,True
llm_direct,T1,2,2,0,0,gather_oak_log,True
llm_direct,T1,2,2,1,0,wait,True
llm_direct,T1,2,2,2,0,wait,True
llm_direct,T1,2,2,3,0,craft_oak_planks,True
llm_direct,T2,2,1,0,0,gather_oak_log,True
llm_direct,T2,2,1,1,0,craft_oak_planks,True
llm_direct,T3,2,1,0,0,gather_oak_log,True
llm_direct,T3,2,1,1,0,craft_oak_planks,True
llm_direct,T3,2,2,0,0,gather_birch_log,True
llm_direct,T3,2,2,1,0,craft_birch_planks,True
llm_direct,T4,2,1,0,0,gather_oak_log,True
llm_direct,T4,2,1,1,0,wait,True
llm_direct,T4,2,1,2,0,wait,True
llm_direct,T4,2,1,3,0,wait,True
llm_direct,T4,2,1,4,0,wait,True
llm_direct,T4,2,1,5,0,craft_oak_planks,True
llm_direct,T1,3,1,0,0,gather_oak_log,True
llm_direct,T1,3,1,1,0,wait,True
llm_direct,T1,3,1,2,0,wait,True
llm_direct,T1,3,1,3,0,craft_oak_planks,True
llm_direct,T1,3,2,0,0,gather_oak_log,True
llm_direct,T1,3,2,1,0,craft_oak_planks,True
llm_direct,T2,3,1,0,0,gather_oak_log,True
llm_direct,T2,3,1,1,0,craft_oak_planks,True
llm_direct,T3,3,1,0,0,wait,True
llm_direct,T3,3,1,1,0,gather_oak_log,True
llm_direct,T3,3,1,2,0,craft_oak_planks,True
llm_direct,T3,3,2,0,0,wait,True
llm_direct,T3,3,2,1,0,gather_birch_log,True
llm_direct,T3,3,2,2,0,wait,True
llm_direct,T3,3,2,3,0,wait,True
llm_direct,T3,3,2,4,0,wait,True
llm_direct,T3,3,2,5,0,craft_birch_planks,True
llm_direct,T4,3,1,0,0,wait,True
llm_direct,T4,3,1,1,0,wait,True
llm_direct,T4,3,1,2,0,wait,True
llm_direct,T4,3,1,3,0,eat_bread,True
llm_direct,T4,3,1,4,0,wait,True
llm_direct,T4,3,1,5,0,wait,True
llm_direct,T4,3,1,6,0,wait,True
llm_direct,T4,3,1,7,0,gather_oak_log,True
llm_direct,T4,3,1,8,0,wait,True
llm_direct,T4,3,1,9,0,wait,True
llm_direct,T1,4,1,0,0,gather_oak_log,True
llm_direct,T1,4,1,1,0,wait,True
llm_direct,T1,4,1,2,0,wait,True
llm_direct,T1,4,1,3,0,craft_oak_planks,True
llm_direct,T1,4,2,0,0,gather_oak_log,True
llm_direct,T1,4,2,1,0,craft_oak_planks,True
llm_direct,T2,4,1,0,0,gather_oak_log,True
llm_direct,T2,4,1,1,0,craft_oak_planks,True
llm_direct,T3,4,1,0,0,wait,True
llm_direct,T3,4,1,1,0,gather_oak_log,True
llm_direct,T3,4,1,2,0,craft_oak_planks,True
llm_direct,T3,4,2,0,0,gather_birch_log,True
llm_direct,T3,4,2,1,0,wait,True
llm_direct,T3,4,2,2,0,craft_birch_planks,True
llm_direct,T4,4,1,0,0,wait,True
llm_direct,T4,4,1,1,0,gather_oak_log,True
llm_direct,T4,4,1,2,0,wait,True
llm_direct,T4,4,1,3,0,wait,True
llm_direct,T4,4,1,4,0,wait,True
llm_direct,T4,4,1,5,0,craft_oak_planks,True
llm_direct,T1,5,1,0,0,wait,True
llm_direct,T1,5,1,1,0,gather_oak_log,True
llm_direct,T1,5,1,2,0,craft_oak_planks,True
llm_direct,T1,5,2,0,0,gather_oak_log,True
llm_direct,T1,5,2,1,0,craft_oak_planks,True
llm_direct,T2,5,1,0,0,gather_oak_log,True
llm_direct,T2,5,1,1,0,craft_oak_planks,True
llm_direct,T3,5,1,0,0,gather_oak_log,True
llm_direct,T3,5,1,1,0,wait,True
llm_direct,T3,5,1,2,0,craft_oak_planks,True
llm_direct,T3,5,2,0,0,gather_birch_log,True
llm_direct,T3,5,2,1,0,craft_birch_planks,True
llm_direct,T4,5,1,0,0,wait,True
llm_direct,T4,5,1,1,0,wait,True
llm_direct,T4,5,1,2,0,wait,True
llm_direct,T4,5,1,3,0,wait,True
llm_direct,T4,5,1,4,0,wait,True
llm_direct,T4,5,1,5,0,wait,True
llm_direct,T4,5,1,6,0,wait,True
llm_direct,T4,5,1,7,0,gather_oak_log,True
llm_direct,T4,5,1,8,0,craft_oak_planks,True
llm_direct,T1,6,1,0,0,wait,True
llm_direct,T1,6,1,1,0,wait,True
llm_direct,T1,6,1,2,0,wait,True
llm_direct,T1,6,1,3,0,wait,True
llm_direct,T1,6,1,4,0,wait,True
llm_direct,T1,6,1,5,0,wait,True
llm_direct,T1,6,2,0,0,gather_oak_log,True
llm_direct,T1,6,2,1,0,wait,True
llm_direct,T1,6,2,2,0,wait,True
llm_direct,T1,6,2,3,0,wait,True
llm_direct,T1,6,2,4,0,craft_oak_planks,True
llm_direct,T2,6,1,0,0,gather_oak_log,True
llm_direct,T2,6,1,1,0,wait,True
llm_direct,T2,6,1,2,0,craft_oak_planks,True
llm_direct,T3,6,1,0,0,gather_oak_log,True
llm_direct,T3,6,1,1,0,craft_oak_planks,True
llm_direct,T3,6,2,0,0,gather_birch_log,True
llm_direct,T3,6,2,1,0,wait,True
llm_direct,T3,6,2,2,0,wait,True
llm_direct,T3,6,2,3,0,craft_birch_planks,True
llm_direct,T4,6,1,0,0,wait,True
llm_direct,T4,6,1,1,0,wait,True
llm_direct,T4,6,1,2,0,wait,True
llm_direct,T4,6,1,3,0,gather_oak_log,True
llm_direct,T4,6,1,4,0,wait,True
llm_direct,T4,6,1,5,0,wait,True
llm_direct,T4,6,1,6,0,wait,True
llm_direct,T4,6,1,7,0,craft_oak_planks,True
llm_direct,T1,7,1,0,0,wait,True
llm_direct,T1,7,1,1,0,gather_oak_log,True
llm_direct,T1,7,1,2,0,wait,True
llm_direct,T1,7,1,3,0,wait,True
llm_direct,T1,7,1,4,0,wait,True
llm_direct,T1,7,1,5,0,craft_oak_planks,True
llm_direct,T1,7,2,0,0,wait,True
llm_direct,T1,7,2,1,0,wait,True
llm_direct,T1,7,2,2,0,wait,True
llm_direct,T1,7,2,3,0,wait,True
llm_direct,T1,7,2,4,0,gather_oak_log,True
llm_direct,T1,7,2,5,0,wait,True
llm_direct,T1,7,2,6,0,craft_oak_planks,True
llm_direct,T2,7,1,0,0,gather_oak_log,True
llm_direct,T2,7,1,1,0,craft_oak_planks,True
llm_direct,T3,7,1,0,0,gather_oak_log,True
llm_direct,T3,7,1,1,0,craft_oak_planks,True
llm_direct,T3,7,2,0,0,gather_birch_log,True
llm_direct,T3,7,2,1,0,wait,True
llm_direct,T3,7,2,2,0,wait,True
llm_direct,T3,7,2,3,0,craft_birch_planks,True
llm_direct,T4,7,1,0,0,gather_oak_log,True
llm_direct,T4,7,1,1,0,wait,True
llm_direct,T4,7,1,2,0,wait,True
llm_direct,T4,7,1,3,0,eat_bread,True
llm_direct,T4,7,1,4,0,wait,True
llm_direct,T4,7,1,5,0,wait,True
llm_direct,T4,7,1,6,0,wait,True
llm_direct,T4,7,1,7,0,wait,True
llm_direct,T4,7,1,8,0,craft_oak_planks,True
llm_direct,T1,8,1,0,0,gather_oak_log,True
llm_direct,T1,8,1,1,0,wait,True
llm_direct,T1,8,1,2,0,craft_oak_planks,True
llm_direct,T1,8,2,0,0,wait,True
llm_direct,T1,8,2,1,0,wait,True
llm_direct,T1,8,2,2,0,gather_oak_log,True
llm_direct,T1,8,2,3,0,craft_oak_planks,True
llm_direct,T2,8,1,0,0,gather_oak_log,True
llm_direct,T2,8,1,1,0,craft_oak_planks,True
llm_direct,T3,8,1,0,0,wait,True
llm_direct,T3,8,1,1,0,gather_oak_log,True
llm_direct,T3,8,1,2,0,craft_oak_planks,True
llm_direct,T3,8,2,0,0,gather_birch_log,True
llm_direct,T3,8,2,1,0,craft_birch_planks,True
llm_direct,T4,8,1,0,0,wait,True
llm_direct,T4,8,1,1,0,wait,True
llm_direct,T4,8,1,2,0,wait,True
llm_direct,T4,8,1,3,0,gather_oak_log,True
llm_direct,T4,8,1,4,0,wait,True
llm_direct,T4,8,1,5,0,wait,True
llm_direct,T4,8,1,6,0,wait,True
llm_direct,T4,8,1,7,0,wait,True
llm_direct,T4,8,1,8,0,craft_oak_planks,True
llm_direct,T1,9,1,0,0,wait,True
llm_direct,T1,9,1,1,0,gather_oak_log,True
llm_direct,T1,9,1,2,0,craft_oak_planks,True
llm_direct,T1,9,2,0,0,wait,True
llm_direct,T1,9,2,1,0,gather_oak_log,True
llm_direct,T1,9,2,2,0,craft_oak_planks,True
llm_direct,T2,9,1,0,0,gather_oak_log,True
llm_direct,T2,9,1,1,0,wait,True
llm_direct,T2,9,1,2,0,wait,True
llm_direct,T2,9,1,3,0,craft_oak_planks,True
llm_direct,T3,9,1,0,0,gather_oak_log,True
llm_direct,T3,9,1,1,0,craft_oak_planks,True
llm_direct,T3,9,2,0,0,gather_birch_log,True
llm_direct,T3,9,2,1,0,craft_birch_planks,True
llm_direct,T4,9,1,0,0,gather_oak_log,True
llm_direct,T4,9,1,1,0,wait,True
llm_direct,T4,9,1,2,0,wait,True
llm_direct,T4,9,1,3,0,wait,True
llm_direct,T4,9,1,4,0,wait,True
llm_direct,T4,9,1,5,0,wait,True
llm_direct,T4,9,1,6,0,wait,True
llm_direct,T4,9,1,7,0,wait,True
llm_direct,T4,9,1,8,0,wait,True
llm_direct,T4,9,1,9,0,wait,True
llm_direct,T1,10,1,0,0,gather_oak_log,True
llm_direct,T1,10,1,1,0,wait,True
llm_direct,T1,10,1,2,0,craft_oak_planks,True
llm_direct,T1,10,2,0,0,wait,True
llm_direct,T1,10,2,1,0,wait,True
llm_direct,T1,10,2,2,0,wait,True
llm_direct,T1,10,2,3,0,wait,True
llm_direct,T1,10,2,4,0,gather_oak_log,True
llm_direct,T1,10,2,5,0,craft_oak_planks,True
llm_direct,T2,10,1,0,0,gather_oak_log,True
llm_direct,T2,10,1,1,0,craft_oak_planks,True
llm_direct,T3,10,1,0,0,wait,True
llm_direct,T3,10,1,1,0,wait,True
llm_direct,T3,10,1,2,0,gather_oak_log,True
llm_direct,T3,10,1,3,0,craft_oak_planks,True
llm_direct,T3,10,2,0,0,gather_birch_log,True
llm_direct,T3,10,2,1,0,craft_birch_planks,True
llm_direct,T4,10,1,0,0,gather_oak_log,True
llm_direct,T4,10,1,1,0,wait,True
llm_direct,T4,10,1,2,0,wait,True
llm_direct,T4,10,1,3,0,wait,True
llm_direct,T4,10,1,4,0,wait,True
llm_direct,T4,10,1,5,0,wait,True
llm_direct,T4,10,1,6,0,wait,True
llm_direct,T4,10,1,7,0,wait,True
llm_direct,T4,10,1,8,0,craft_oak_planks,True
llm_direct,T1,11,1,0,0,wait,True
llm_direct,T1,11,1,1,0,wait,True
llm_direct,T1,11,1,2,0,wait,True
llm_direct,T1,11,1,3,0,gather_oak_log,True
llm_direct,T1,11,1,4,0,wait,True
llm_direct,T1,11,1,5,0,craft_oak_planks,True
llm_direct,T1,11,2,0,0,wait,True
llm_direct,T1,11,2,1,0,wait,True
llm_direct,T1,11,2,2,0,wait,True
llm_direct,T1,11,2,3,0,gather_oak_log,True
llm_direct,T1,11,2,4,0,wait,True
llm_direct,T1,11,2,5,0,craft_oak_planks,True
llm_direct,T2,11,1,0,0,gather_oak_log,True
llm_direct,T2,11,1,1,0,craft_oak_planks,True
llm_direct,T3,11,1,0,0,gather_oak_log,True
llm_direct,T3,11,1,1,0,wait,True
llm_direct,T3,11,1,2,0,wait,True
llm_direct,T3,11,1,3,0,craft_oak_planks,True
llm_direct,T3,11,2,0,0,wait,True
llm_direct,T3,11,2,1,0,wait,True
llm_direct,T3,11,2,2,0,wait,True
llm_direct,T3,11,2,3,0,gather_birch_log,True
llm_direct,T3,11,2,4,0,craft_birch_planks,True
llm_direct,T4,11,1,0,0,wait,True
llm_direct,T4,11,1,1,0,gather_oak_log,True
llm_direct,T4,11,1,2,0,wait,True
llm_direct,T4,11,1,3,0,wait,True
llm_direct,T4,11,1,4,0,wait,True
llm_direct,T4,11,1,5,0,wait,True
llm_direct,T4,11,1,6,0,wait,True
llm_direct,T4,11,1,7,0,craft_oak_planks,True
llm_direct,T1,12,1,0,0,gather_oak_log,True
llm_direct,T1,12,1,1,0,craft_oak_planks,True
llm_direct,T1,12,2,0,0,gather_oak_log,True
llm_direct,T1,12,2,1,0,wait,True
llm_direct,T1,12,2,2,0,wait,True
llm_direct,T1,12,2,3,0,craft_oak_planks,True
llm_direct,T2,12,1,0,0,gather_oak_log,True
llm_direct,T2,12,1,1,0,wait,True
llm_direct,T2,12,1,2,0,craft_oak_planks,True
llm_direct,T3,12,1,0,0,wait,True
llm_direct,T3,12,1,1,0,wait,True
llm_direct,T3,12,1,2,0,wait,True
llm_direct,T3,12,1,3,0,wait,True
llm_direct,T3,12,1,4,0,wait,True
llm_direct,T3,12,2,0,0,wait,True
llm_direct,T3,12,2,1,0,wait,True
llm_direct,T3,12,2,2,0,gather_birch_log,True
llm_direct,T3,12,2,3,0,craft_birch_planks,True
llm_direct,T4,12,1,0,0,wait,True
llm_direct,T4,12,1,1,0,wait,True
llm_direct,T4,12,1,2,0,gather_oak_log,True
llm_direct,T4,12,1,3,0,wait,True
llm_direct,T4,12,1,4,0,craft_oak_planks,True
llm_direct,T1,13,1,0,0,wait,True
llm_direct,T1,13,1,1,0,gather_oak_log,True
llm_direct,T1,13,1,2,0,wait,True
llm_direct,T1,13,1,3,0,wait,True
llm_direct,T1,13,1,4,0,craft_oak_planks,True
llm_direct,T1,13,2,0,0,wait,True
llm_direct,T1,13,2,1,0,gather_oak_log,True
llm_direct,T1,13,2,2,0,wait,True
llm_direct,T1,13,2,3,0,craft_oak_planks,True
llm_direct,T2,13,1,0,0,gather_oak_log,True
llm_direct,T2,13,1,1,0,craft_oak_planks,True
llm_direct,T3,13,1,0,0,wait,True
llm_direct,T3,13,1,1,0,wait,True
llm_direct,T3,13,1,2,0,gather_oak_log,True
llm_direct,T3,13,1,3,0,wait,True
llm_direct,T3,13,1,4,0,craft_oak_planks,True
llm_direct,T3,13,2,0,0,gather_birch_log,True
llm_direct,T3,13,2,1,0,wait,True
llm_direct,T3,13,2,2,0,craft_birch_planks,True
llm_direct,T4,13,1,0,0,wait,True
llm_direct,T4,13,1,1,0,gather_oak_log,True
llm_direct,T4,13,1,2,0,wait,True
llm_direct,T4,13,1,3,0,wait,True
llm_direct,T4,13,1,4,0,wait,True
llm_direct,T4,13,1,5,0,craft_oak_planks,True
llm_direct,T1,14,1,0,0,wait,True
llm_direct,T1,14,1,1,0,gather_oak_log,True
llm_direct,T1,14,1,2,0,craft_oak_planks,True
llm_direct,T1,14,2,0,0,wait,True
llm_direct,T1,14,2,1,0,wait,True
llm_direct,T1,14,2,2,0,gather_oak_log,True
llm_direct,T1,14,2,3,0,craft_oak_planks,True
llm_direct,T2,14,1,0,0,gather_oak_log,True
llm_direct,T2,14,1,1,0,craft_oak_planks,True
llm_direct,T3,14,1,0,0,wait,True
llm_direct,T3,14,1,1,0,gather_oak_log,True
llm_direct,T3,14,1,2,0,craft_oak_planks,True
llm_direct,T3,14,2,0,0,gather_birch_log,True
llm_direct,T3,14,2,1,0,craft_birch_planks,True
llm_direct,T4,14,1,0,0,wait,True
llm_direct,T4,14,1,1,0,wait,True
llm_direct,T4,14,1,2,0,gather_oak_log,True
llm_direct,T4,14,1,3,0,wait,True
llm_direct,T4,14,1,4,0,wait,True
llm_direct,T4,14,1,5,0,wait,True
llm_direct,T4,14,1,6,0,wait,True
llm_direct,T4,14,1,7,0,craft_oak_planks,True
llm_direct,T1,15,1,0,0,wait,True
llm_direct,T1,15,1,1,0,gather_oak_log,True
llm_direct,T1,15,1,2,0,wait,True
llm_direct,T1,15,1,3,0,wait,True
llm_direct,T1,15,1,4,0,craft_oak_planks,True
llm_direct,T1,15,2,0,0,wait,True
llm_direct,T1,15,2,1,0,wait,True
llm_direct,T1,15,2,2,0,wait,True
llm_direct,T1,15,2,3,0,gather_oak_log,True
llm_direct,T1,15,2,4,0,craft_oak_planks,True
llm_direct,T2,15,1,0,0,gather_oak_log,True
llm_direct,T2,15,1,1,0,craft_oak_planks,True
llm_direct,T3,15,1,0,0,gather_oak_log,True
llm_direct,T3,15,1,1,0,craft_oak_planks,True
llm_direct,T3,15,2,0,0,gather_birch_log,True
llm_direct,T3,15,2,1,0,wait,True
llm_direct,T3,15,2,2,0,wait,True
llm_direct,T3,15,2,3,0,wait,True
llm_direct,T3,15,2,4,0,wait,True
llm_direct,T3,15,2,5,0,wait,True
llm_direct,T3,15,2,6,0,wait,True
llm_direct,T3,15,2,7,0,wait,True
llm_direct,T4,15,1,0,0,wait,True
llm_direct,T4,15,1,1,0,wait,True
llm_direct,T4,15,1,2,0,wait,True
llm_direct,T4,15,1,3,0,wait,True
llm_direct,T4,15,1,4,0,wait,True
llm_direct,T4,15,1,5,0,wait,True
llm_direct,T4,15,1,6,0,gather_oak_log,True
llm_direct,T4,15,1,7,0,craft_oak_planks,True
llm_direct,T1,16,1,0,0,gather_oak_log,True
llm_direct,T1,16,1,1,0,wait,True
llm_direct,T1,16,1,2,0,wait,True
llm_direct,T1,16,1,3,0,wait,True
llm_direct,T1,16,1,4,0,wait,True
llm_direct,T1,16,1,5,0,craft_oak_planks,True
llm_direct,T1,16,2,0,0,gather_oak_log,True
llm_direct,T1,16,2,1,0,wait,True
llm_direct,T1,16,2,2,0,wait,True
llm_direct,T1,16,2,3,0,craft_oak_planks,True
llm_direct,T2,16,1,0,0,gather_oak_log,True
llm_direct,T2,16,1,1,0,craft_oak_planks,True
llm_direct,T3,16,1,0,0,gather_oak_log,True
llm_direct,T3,16,1,1,0,wait,True
llm_direct,T3,16,1,2,0,wait,True
llm_direct,T3,16,1,3,0,wait,True
llm_direct,T3,16,1,4,0,craft_oak_planks,True
llm_direct,T3,16,2,0,0,gather_birch_log,True
llm_direct,T3,16,2,1,0,wait,True
llm_direct,T3,16,2,2,0,wait,True
llm_direct,T3,16,2,3,0,craft_birch_planks,True
llm_direct,T4,16,1,0,0,wait,True
llm_direct,T4,16,1,1,0,wait,True
llm_direct,T4,16,1,2,0,wait,True
llm_direct,T4,16,1,3,0,wait,True
llm_direct,T4,16,1,4,0,wait,True
llm_direct,T4,16,1,5,0,gather_oak_log,True
llm_direct,T4,16,1,6,0,wait,True
llm_direct,T4,16,1,7,0,craft_oak_planks,True
llm_direct,T1,17,1,0,0,wait,True
llm_direct,T1,17,1,1,0,wait,True
llm_direct,T1,17,1,2,0,wait,True
llm_direct,T1,17,1,3,0,gather_oak_log,True
llm_direct,T1,17,1,4,0,wait,True
llm_direct,T1,17,1,5,0,craft_oak_planks,True
llm_direct,T1,17,2,0,0,gather_oak_log,True
llm_direct,T1,17,2,1,0,craft_oak_planks,True
llm_direct,T2,17,1,0,0,gather_oak_log,True
llm_direct,T2,17,1,1,0,craft_oak_planks,True
llm_direct,T3,17,1,0,0,gather_oak_log,True
llm_direct,T3,17,1,1,0,wait,True
llm_direct,T3,17,1,2,0,craft_oak_planks,True
llm_direct,T3,17,2,0,0,gather_birch_log,True
llm_direct,T3,17,2,1,0,wait,True
llm_direct,T3,17,2,2,0,wait,True
llm_direct,T3,17,2,3,0,craft_birch_planks,True
llm_direct,T4,17,1,0,0,gather_oak_log,True
llm_direct,T4,17,1,1,0,wait,True
llm_direct,T4,17,1,2,0,wait,True
llm_direct,T4,17,1,3,0,wait,True
llm_direct,T4,17,1,4,0,wait,True
llm_direct,T4,17,1,5,0,craft_oak_planks,True
llm_direct,T1,18,1,0,0,gather_oak_log,True
llm_direct,T1,18,1,1,0,craft_oak_planks,True
llm_direct,T1,18,2,0,0,gather_oak_log,True
llm_direct,T1,18,2,1,0,wait,True
llm_direct,T1,18,2,2,0,craft_oak_planks,True
llm_direct,T2,18,1,0,0,gather_oak_log,True
llm_direct,T2,18,1,1,0,craft_oak_planks,True
llm_direct,T3,18,1,0,0,gather_oak_log,True
llm_direct,T3,18,1,1,0,wait,True
llm_direct,T3,18,1,2,0,wait,True
llm_direct,T3,18,1,3,0,wait,True
llm_direct,T3,18,1,4,0,craft_oak_planks,True
llm_direct,T3,18,2,0,0,wait,True
llm_direct,T3,18,2,1,0,gather_birch_log,True
llm_direct,T3,18,2,2,0,wait,True
llm_direct,T3,18,2,3,0,wait,True
llm_direct,T3,18,2,4,0,craft_birch_planks,True
llm_direct,T4,18,1,0,0,wait,True
llm_direct,T4,18,1,1,0,wait,True
llm_direct,T4,18,1,2,0,wait,True
llm_direct,T4,18,1,3,0,wait,True
llm_direct,T4,18,1,4,0,wait,True
llm_direct,T4,18,1,5,0,gather_oak_log,True
llm_direct,T4,18,1,6,0,wait,True
llm_direct,T4,18,1,7,0,wait,True
llm_direct,T4,18,1,8,0,wait,True
llm_direct,T4,18,1,9,0,wait,True
llm_direct,T1,19,1,0,0,gather_oak_log,True
llm_direct,T1,19,1,1,0,craft_oak_planks,True
llm_direct,T1,19,2,0,0,wait,True
llm_direct,T1,19,2,1,0,gather_oak_log,True
llm_direct,T1,19,2,2,0,wait,True
llm_direct,T1,19,2,3,0,craft_oak_planks,True
llm_direct,T2,19,1,0,0,gather_oak_log,True
llm_direct,T2,19,1,1,0,wait,True
llm_direct,T2,19,1,2,0,wait,True
llm_direct,T2,19,1,3,0,craft_oak_planks,True
llm_direct,T3,19,1,0,0,wait,True
llm_direct,T3,19,1,1,0,wait,True
llm_direct,T3,19,1,2,0,gather_oak_log,True
llm_direct,T3,19,1,3,0,wait,True
llm_direct,T3,19,1,4,0,craft_oak_planks,True
llm_direct,T3,19,2,0,0,wait,True
llm_direct,T3,19,2,1,0,gather_birch_log,True
llm_direct,T3,19,2,2,0,craft_birch_planks,True
llm_direct,T4,19,1,0,0,wait,True
llm_direct,T4,19,1,1,0,gather_oak_log,True
llm_direct,T4,19,1,2,0,wait,True
llm_direct,T4,19,1,3,0,wait,True
llm_direct,T4,19,1,4,0,craft_oak_planks,True
llm_direct,T1,20,1,0,0,wait,True
llm_direct,T1,20,1,1,0,wait,True
llm_direct,T1,20,1,2,0,gather_oak_log,True
llm_direct,T1,20,1,3,0,craft_oak_planks,True
llm_direct,T1,20,2,0,0,gather_oak_log,True
llm_direct,T1,20,2,1,0,wait,True
llm_direct,T1,20,2,2,0,craft_oak_planks,True
llm_direct,T2,20,1,0,0,gather_oak_log,True
llm_direct,T2,20,1,1,0,wait,True
llm_direct,T2,20,1,2,0,craft_oak_planks,True
llm_direct,T3,20,1,0,0,gather_oak_log,True
llm_direct,T3,20,1,1,0,craft_oak_planks,True
llm_direct,T3,20,2,0,0,gather_birch_log,True
llm_direct,T3,20,2,1,0,wait,True
llm_direct,T3,20,2,2,0,wait,True
llm_direct,T3,20,2,3,0,wait,True
llm_direct,T3,20,2,4,0,wait,True
llm_direct,T3,20,2,5,0,craft_birch_planks,True
llm_direct,T4,20,1,0,0,gather_oak_log,True
llm_direct,T4,20,1,1,0,wait,True
llm_direct,T4,20,1,2,0,wait,True
llm_direct,T4,20,1,3,0,wait,True
llm_direct,T4,20,1,4,0,wait,True
llm_direct,T4,20,1,5,0,wait,True
llm_direct,T4,20,1,6,0,craft_oak_planks,True
llm_history,T1,1,1,0,0,wait,True
llm_history,T1,1,1,1,0,gather_oak_log,True
llm_history,T1,1,1,2,0,craft_oak_planks,True
llm_history,T1,1,2,0,0,wait,True
llm_history,T1,1,2,1,0,gather_oak_log,True
llm_history,T1,1,2,2,0,craft_oak_planks,True
llm_history,T2,1,1,0,0,gather_oak_log,True
llm_history,T2,1,1,1,0,craft_oak_planks,True
llm_history,T3,1,1,0,0,gather_oak_log,True
llm_history,T3,1,1,1,0,wait,True
llm_history,T3,1,1,2,0,craft_oak_planks,True
llm_history,T3,1,2,0,0,gather_birch_log,True
llm_history,T3,1,2,1,0,craft_birch_planks,True
llm_history,T4,1,1,0,0,wait,True
llm_history,T4,1,1,1,0,gather_oak_log,True
llm_history,T4,1,1,2,0,craft_oak_planks,True
llm_history,T1,2,1,0,0,wait,True
llm_history,T1,2,1,1,0,gather_oak_log,True
llm_history,T1,2,1,2,0,craft_oak_planks,True
llm_history,T1,2,2,0,0,wait,True
llm_history,T1,2,2,1,0,gather_oak_log,True
llm_history,T1,2,2,2,0,craft_oak_planks,True
llm_history,T2,2,1,0,0,gather_oak_log,True
llm_history,T2,2,1,1,0,craft_oak_planks,True
llm_history,T3,2,1,0,0,gather_oak_log,True
llm_history,T3,2,1,1,0,wait,True
llm_history,T3,2,1,2,0,craft_oak_planks,True
llm_history,T3,2,2,0,0,gather_birch_log,True
llm_history,T3,2,2,1,0,wait,True
llm_history,T3,2,2,2,0,craft_birch_planks,True
llm_history,T4,2,1,0,0,gather_oak_log,True
llm_history,T4,2,1,1,0,craft_oak_planks,True
llm_history,T1,3,1,0,0,gather_oak_log,True
llm_history,T1,3,1,1,0,wait,True
llm_history,T1,3,1,2,0,wait,True
llm_history,T1,3,1,3,0,craft_oak_planks,True
llm_history,T1,3,2,0,0,wait,True
llm_history,T1,3,2,1,0,gather_oak_log,True
llm_history,T1,3,2,2,0,wait,True
llm_history,T1,3,2,3,0,craft_oak_planks,True
llm_history,T2,3,1,0,0,gather_oak_log,True
llm_history,T2,3,1,1,0,wait,True
llm_history,T2,3,1,2,0,craft_oak_planks,True
llm_history,T3,3,1,0,0,wait,True
llm_history,T3,3,1,1,0,gather_oak_log,True
llm_history,T3,3,1,2,0,craft_oak_planks,True
llm_history,T3,3,2,0,0,gather_birch_log,True
llm_history,T3,3,2,1,0,wait,True
llm_history,T3,3,2,2,0,craft_birch_planks,True
llm_history,T4,3,1,0,0,wait,True
llm_history,T4,3,1,1,0,wait,True
llm_history,T4,3,1,2,0,wait,True
llm_history,T4,3,1,3,0,wait,True
llm_history,T4,3,1,4,0,eat_bread,True
llm_history,T4,3,1,5,0,gather_oak_log,True
llm_history,T4,3,1,6,0,craft_oak_planks,True
llm_history,T1,4,1,0,0,wait,True
llm_history,T1,4,1,1,0,gather_oak_log,True
llm_history,T1,4,1,2,0,craft_oak_planks,True
llm_history,T1,4,2,0,0,wait,True
llm_history,T1,4,2,1,0,gather_oak_log,True
llm_history,T1,4,2,2,0,craft_oak_planks,True
llm_history,T2,4,1,0,0,gather_oak_log,True
llm_history,T2,4,1,1,0,wait,True
llm_history,T2,4,1,2,0,craft_oak_planks,True
llm_history,T3,4,1,0,0,gather_oak_log,True
llm_history,T3,4,1,1,0,craft_oak_planks,True
llm_history,T3,4,2,0,0,gather_birch_log,True
llm_history,T3,4,2,1,0,craft_birch_planks,True
llm_history,T4,4,1,0,0,wait,True
llm_history,T4,4,1,1,0,wait,True
llm_history,T4,4,1,2,0,wait,True
llm_history,T4,4,1,3,0,wait,True
llm_history,T4,4,1,4,0,wait,True
llm_history,T4,4,1,5,0,wait,True
llm_history,T4,4,1,6,0,gather_oak_log,True
llm_history,T4,4,1,7,0,craft_oak_planks,True
llm_history,T1,5,1,0,0,wait,True
llm_history,T1,5,1,1,0,gather_oak_log,True
llm_history,T1,5,1,2,0,craft_oak_planks,True
llm_history,T1,5,2,0,0,wait,True
llm_history,T1,5,2,1,0,wait,True
llm_history,T1,5,2,2,0,wait,True
llm_history,T1,5,2,3,0,wait,True
llm_history,T1,5,2,4,0,gather_oak_log,True
llm_history,T1,5,2,5,0,craft_oak_planks,True
llm_history,T2,5,1,0,0,wait,True
llm_history,T2,5,1,1,0,gather_oak_log,True
llm_history,T2,5,1,2,0,craft_oak_planks,True
llm_history,T3,5,1,0,0,gather_oak_log,True
llm_history,T3,5,1,1,0,craft_oak_planks,True
llm_history,T3,5,2,0,0,gather_birch_log,True
llm_history,T3,5,2,1,0,craft_birch_planks,True
llm_history,T4,5,1,0,0,gather_oak_log,True
llm_history,T4,5,1,1,0,craft_oak_planks,True
llm_history,T1,6,1,0,0,gather_oak_log,True
llm_history,T1,6,1,1,0,wait,True
llm_history,T1,6,1,2,0,wait,True
llm_history,T1,6,1,3,0,craft_oak_planks,True
llm_history,T1,6,2,0,0,wait,True
llm_history,T1,6,2,1,0,wait,True
llm_history,T1,6,2,2,0,wait,True
llm_history,T1,6,2,3,0,gather_oak_log,True
llm_history,T1,6,2,4,0,gather_oak_log,True
llm_history,T1,6,2,5,0,craft_oak_planks,True
llm_history,T2,6,1,0,0,gather_oak_log,True
llm_history,T2,6,1,1,0,craft_oak_planks,True
llm_history,T3,6,1,0,0,wait,True
llm_history,T3,6,1,1,0,wait,True
llm_history,T3,6,1,2,0,gather_oak_log,True
llm_history,T3,6,1,3,0,wait,True
llm_history,T3,6,1,4,0,craft_oak_planks,True
llm_history,T3,6,2,0,0,gather_birch_log,True
llm_history,T3,6,2,1,0,wait,True
llm_history,T3,6,2,2,0,craft_birch_planks,True
llm_history,T4,6,1,0,0,gather_oak_log,True
llm_history,T4,6,1,1,0,wait,True
llm_history,T4,6,1,2,0,craft_oak_planks,True
llm_history,T1,7,1,0,0,wait,True
llm_history,T1,7,1,1,0,gather_oak_log,True
llm_history,T1,7,1,2,0,craft_oak_planks,True
llm_history,T1,7,2,0,0,wait,True
llm_history,T1,7,2,1,0,wait,True
llm_history,T1,7,2,2,0,gather_oak_log,True
llm_history,T1,7,2,3,0,craft_oak_planks,True
llm_history,T2,7,1,0,0,gather_oak_log,True
llm_history,T2,7,1,1,0,craft_oak_planks,True
llm_history,T3,7,1,0,0,wait,True
llm_history,T3,7,1,1,0,wait,True
llm_history,T3,7,1,2,0,gather_oak_log,True
llm_history,T3,7,1,3,0,craft_oak_planks,True
llm_history,T3,7,2,0,0,gather_birch_log,True
llm_history,T3,7,2,1,0,craft_birch_planks,True
llm_history,T4,7,1,0,0,gather_oak_log,True
llm_history,T4,7,1,1,0,craft_oak_planks,True
llm_history,T1,8,1,0,0,gather_oak_log,True
llm_history,T1,8,1,1,0,craft_oak_planks,True
llm_history,T1,8,2,0,0,wait,True
llm_history,T1,8,2,1,0,gather_oak_log,True
llm_history,T1,8,2,2,0,craft_oak_planks,True
llm_history,T2,8,1,0,0,gather_oak_log,True
llm_history,T2,8,1,1,0,craft_oak_planks,True
llm_history,T3,8,1,0,0,gather_oak_log,True
llm_history,T3,8,1,1,0,craft_oak_planks,True
llm_history,T3,8,2,0,0,wait,True
llm_history,T3,8,2,1,0,gather_birch_log,True
llm_history,T3,8,2,2,0,wait,True
llm_history,T3,8,2,3,0,wait,True
llm_history,T3,8,2,4,0,craft_birch_planks,True
llm_history,T4,8,1,0,0,wait,True
llm_history,T4,8,1,1,0,gather_oak_log,True
llm_history,T4,8,1,2,0,craft_oak_planks,True
llm_history,T1,9,1,0,0,gather_oak_log,True
llm_history,T1,9,1,1,0,wait,True
llm_history,T1,9,1,2,0,craft_oak_planks,True
llm_history,T1,9,2,0,0,wait,True
llm_history,T1,9,2,1,0,gather_oak_log,True
llm_history,T1,9,2,2,0,wait,True
llm_history,T1,9,2,3,0,wait,True
llm_history,T1,9,2,4,0,craft_oak_planks,True
llm_history,T2,9,1,0,0,gather_oak_log,True
llm_history,T2,9,1,1,0,craft_oak_planks,True
llm_history,T3,9,1,0,0,gather_oak_log,True
llm_history,T3,9,1,1,0,craft_oak_planks,True
llm_history,T3,9,2,0,0,gather_birch_log,True
llm_history,T3,9,2,1,0,craft_birch_planks,True
llm_history,T4,9,1,0,0,wait,True
llm_history,T4,9,1,1,0,wait,True
llm_history,T4,9,1,2,0,wait,True
llm_history,T4,9,1,3,0,eat_bread,True
llm_history,T4,9,1,4,0,gather_oak_log,True
llm_history,T4,9,1,5,0,wait,True
llm_history,T4,9,1,6,0,craft_oak_planks,True
llm_history,T1,10,1,0,0,gather_oak_log,True
llm_history,T1,10,1,1,0,wait,True
llm_history,T1,10,1,2,0,craft_oak_planks,True
llm_history,T1,10,2,0,0,wait,True
llm_history,T1,10,2,1,0,wait,True
llm_history,T1,10,2,2,0,wait,True
llm_history,T1,10,2,3,0,gather_oak_log,True
llm_history,T1,10,2,4,0,wait,True
llm_history,T1,10,2,5,0,craft_oak_planks,True
llm_history,T2,10,1,0,0,gather_oak_log,True
llm_history,T2,10,1,1,0,craft_oak_planks,True
llm_history,T3,10,1,0,0,gather_oak_log,True
llm_history,T3,10,1,1,0,craft_oak_planks,True
llm_history,T3,10,2,0,0,gather_birch_log,True
llm_history,T3,10,2,1,0,craft_birch_planks,True
llm_history,T4,10,1,0,0,wait,True
llm_history,T4,10,1,1,0,wait,True
llm_history,T4,10,1,2,0,wait,True
llm_history,T4,10,1,3,0,eat_bread,True
llm_history,T4,10,1,4,0,wait,True
llm_history,T4,10,1,5,0,wait,True
llm_history,T4,10,1,6,0,gather_oak_log,True
llm_history,T4,10,1,7,0,craft_oak_planks,True
llm_history,T1,11,1,0,0,gather_oak_log,True
llm_history,T1,11,1,1,0,wait,True
llm_history,T1,11,1,2,0,craft_oak_planks,True
llm_history,T1,11,2,0,0,wait,True
llm_history,T1,11,2,1,0,wait,True
llm_history,T1,11,2,2,0,wait,True
llm_history,T1,11,2,3,0,gather_oak_log,True
llm_history,T1,11,2,4,0,craft_oak_planks,True
llm_history,T2,11,1,0,0,gather_oak_log,True
llm_history,T2,11,1,1,0,craft_oak_planks,True
llm_history,T3,11,1,0,0,wait,True
llm_history,T3,11,1,1,0,gather_oak_log,True
llm_history,T3,11,1,2,0,craft_oak_planks,True
llm_history,T3,11,2,0,0,gather_birch_log,True
llm_history,T3,11,2,1,0,craft_birch_planks,True
llm_history,T4,11,1,0,0,wait,True
llm_history,T4,11,1,1,0,wait,True
llm_history,T4,11,1,2,0,wait,True
llm_history,T4,11,1,3,0,eat_bread,True
llm_history,T4,11,1,4,0,gather_oak_log,True
llm_history,T4,11,1,5,0,craft_oak_planks,True
llm_history,T1,12,1,0,0,wait,True
llm_history,T1,12,1,1,0,wait,True
llm_history,T1,12,1,2,0,gather_oak_log,True
llm_history,T1,12,1,3,0,craft_oak_planks,True
llm_history,T1,12,2,0,0,wait,True
llm_history,T1,12,2,1,0,wait,True
llm_history,T1,12,2,2,0,gather_oak_log,True
llm_history,T1,12,2,3,0,craft_oak_planks,True
llm_history,T2,12,1,0,0,gather_oak_log,True
llm_history,T2,12,1,1,0,craft_oak_planks,True
llm_history,T3,12,1,0,0,gather_oak_log,True
llm_history,T3,12,1,1,0,wait,True
llm_history,T3,12,1,2,0,craft_oak_planks,True
llm_history,T3,12,2,0,0,gather_birch_log,True
llm_history,T3,12,2,1,0,craft_birch_planks,True
llm_history,T4,12,1,0,0,wait,True
llm_history,T4,12,1,1,0,wait,True
llm_history,T4,12,1,2,0,wait,True
llm_history,T4,12,1,3,0,eat_bread,True
llm_history,T4,12,1,4,0,wait,True
llm_history,T4,12,1,5,0,gather_oak_log,True
llm_history,T4,12,1,6,0,craft_oak_planks,True
llm_history,T1,13,1,0,0,gather_oak_log,True
llm_history,T1,13,1,1,0,wait,True
llm_history,T1,13,1,2,0,craft_oak_planks,True
llm_history,T1,13,2,0,0,wait,True
llm_history,T1,13,2,1,0,gather_oak_log,True
llm_history,T1,13,2,2,0,wait,True
llm_history,T1,13,2,3,0,craft_oak_planks,True
llm_history,T2,13,1,0,0,gather_oak_log,True
llm_history,T2,13,1,1,0,craft_oak_planks,True
llm_history,T3,13,1,0,0,wait,True
llm_history,T3,13,1,1,0,gather_oak_log,True
llm_history,T3,13,1,2,0,wait,True
llm_history,T3,13,1,3,0,craft_oak_planks,True
llm_history,T3,13,2,0,0,gather_birch_log,True
llm_history,T3,13,2,1,0,wait,True
llm_history,T3,13,2,2,0,craft_birch_planks,True
llm_history,T4,13,1,0,0,gather_oak_log,True
llm_history,T4,13,1,1,0,craft_oak_planks,True
llm_history,T1,14,1,0,0,wait,True
llm_history,T1,14,1,1,0,gather_oak_log,True
llm_history,T1,14,1,2,0,craft_oak_planks,True
llm_history,T1,14,2,0,0,wait,True
llm_history,T1,14,2,1,0,gather_oak_log,True
llm_history,T1,14,2,2,0,wait,True
llm_history,T1,14,2,3,0,craft_oak_planks,True
llm_history,T2,14,1,0,0,gather_oak_log,True
llm_history,T2,14,1,1,0,craft_oak_planks,True
llm_history,T3,14,1,0,0,gather_oak_log,True
llm_history,T3,14,1,1,0,craft_oak_planks,True
llm_history,T3,14,2,0,0,wait,True
llm_history,T3,14,2,1,0,gather_birch_log,True
llm_history,T3,14,2,2,0,wait,True
llm_history,T3,14,2,3,0,wait,True
llm_history,T3,14,2,4,0,wait,True
llm_history,T3,14,2,5,0,wait,True
llm_history,T3,14,2,6,0,craft_birch_planks,True
llm_history,T4,14,1,0,0,wait,True
llm_history,T4,14,1,1,0,wait,True
llm_history,T4,14,1,2,0,wait,True
llm_history,T4,14,1,3,0,eat_bread,True
llm_history,T4,14,1,4,0,gather_oak_log,True
llm_history,T4,14,1,5,0,craft_oak_planks,True
llm_history,T1,15,1,0,0,gather_oak_log,True
llm_history,T1,15,1,1,0,wait,True
llm_history,T1,15,1,2,0,craft_oak_planks,True
llm_history,T1,15,2,0,0,wait,True
llm_history,T1,15,2,1,0,gather_oak_log,True
llm_history,T1,15,2,2,0,wait,True
llm_history,T1,15,2,3,0,wait,True
llm_history,T1,15,2,4,0,craft_oak_planks,True
llm_history,T2,15,1,0,0,gather_oak_log,True
llm_history,T2,15,1,1,0,craft_oak_planks,True
llm_history,T3,15,1,0,0,wait,True
llm_history,T3,15,1,1,0,gather_oak_log,True
llm_history,T3,15,1,2,0,craft_oak_planks,True
llm_history,T3,15,2,0,0,gather_birch_log,True
llm_history,T3,15,2,1,0,wait,True
llm_history,T3,15,2,2,0,wait,True
llm_history,T3,15,2,3,0,craft_birch_planks,True
llm_history,T4,15,1,0,0,gather_oak_log,True
llm_history,T4,15,1,1,0,wait,True
llm_history,T4,15,1,2,0,wait,True
llm_history,T4,15,1,3,0,eat_bread,True
llm_history,T4,15,1,4,0,craft_oak_planks,True
llm_history,T1,16,1,0,0,wait,True
llm_history,T1,16,1,1,0,wait,True
llm_history,T1,16,1,2,0,gather_oak_log,True
llm_history,T1,16,1,3,0,craft_oak_planks,True
llm_history,T1,16,2,0,0,wait,True
llm_history,T1,16,2,1,0,wait,True
llm_history,T1,16,2,2,0,gather_oak_log,True
llm_history,T1,16,2,3,0,wait,True
llm_history,T1,16,2,4,0,craft_oak_planks,True
llm_history,T2,16,1,0,0,gather_oak_log,True
llm_history,T2,16,1,1,0,craft_oak_planks,True
llm_history,T3,16,1,0,0,gather_oak_log,True
llm_history,T3,16,1,1,0,craft_oak_planks,True
llm_history,T3,16,2,0,0,wait,True
llm_history,T3,16,2,1,0,wait,True
llm_history,T3,16,2,2,0,gather_birch_log,True
llm_history,T3,16,2,3,0,wait,True
llm_history,T3,16,2,4,0,wait,True
llm_history,T3,16,2,5,0,craft_birch_planks,True
llm_history,T4,16,1,0,0,wait,True
llm_history,T4,16,1,1,0,gather_oak_log,True
llm_history,T4,16,1,2,0,craft_oak_planks,True
llm_history,T1,17,1,0,0,gather_oak_log,True
llm_history,T1,17,1,1,0,wait,True
llm_history,T1,17,1,2,0,craft_oak_planks,True
llm_history,T1,17,2,0,0,wait,True
llm_history,T1,17,2,1,0,wait,True
llm_history,T1,17,2,2,0,wait,True
llm_history,T1,17,2,3,0,wait,True
llm_history,T1,17,2,4,0,gather_oak_log,True
llm_history,T1,17,2,5,0,gather_oak_log,True
llm_history,T1,17,2,6,0,craft_oak_planks,True
llm_history,T2,17,1,0,0,gather_oak_log,True
llm_history,T2,17,1,1,0,craft_oak_planks,True
llm_history,T3,17,1,0,0,gather_oak_log,True
llm_history,T3,17,1,1,0,wait,True
llm_history,T3,17,1,2,0,wait,True
llm_history,T3,17,1,3,0,craft_oak_planks,True
llm_history,T3,17,2,0,0,gather_birch_log,True
llm_history,T3,17,2,1,0,craft_birch_planks,True
llm_history,T4,17,1,0,0,wait,True
llm_history,T4,17,1,1,0,gather_oak_log,True
llm_history,T4,17,1,2,0,wait,True
llm_history,T4,17,1,3,0,eat_bread,True
llm_history,T4,17,1,4,0,wait,True
llm_history,T4,17,1,5,0,craft_oak_planks,True
llm_history,T1,18,1,0,0,wait,True
llm_history,T1,18,1,1,0,gather_oak_log,True
llm_history,T1,18,1,2,0,craft_oak_planks,True
llm_history,T1,18,2,0,0,wait,True
llm_history,T1,18,2,1,0,gather_oak_log,True
llm_history,T1,18,2,2,0,craft_oak_planks,True
llm_history,T2,18,1,0,0,gather_oak_log,True
llm_history,T2,18,1,1,0,craft_oak_planks,True
llm_history,T3,18,1,0,0,wait,True
llm_history,T3,18,1,1,0,gather_oak_log,True
llm_history,T3,18,1,2,0,craft_oak_planks,True
llm_history,T3,18,2,0,0,gather_birch_log,True
llm_history,T3,18,2,1,0,craft_birch_planks,True
llm_history,T4,18,1,0,0,gather_oak_log,True
llm_history,T4,18,1,1,0,craft_oak_planks,True
llm_history,T1,19,1,0,0,gather_oak_log,True
llm_history,T1,19,1,1,0,craft_oak_planks,True
llm_history,T1,19,2,0,0,wait,True
llm_history,T1,19,2,1,0,gather_oak_log,True
llm_history,T1,19,2,2,0,wait,True
llm_history,T1,19,2,3,0,craft_oak_planks,True
llm_history,T2,19,1,0,0,gather_oak_log,True
llm_history,T2,19,1,1,0,craft_oak_planks,True
llm_history,T3,19,1,0,0,gather_oak_log,True
llm_history,T3,19,1,1,0,wait,True
llm_history,T3,19,1,2,0,craft_oak_planks,True
llm_history,T3,19,2,0,0,gather_birch_log,True
llm_history,T3,19,2,1,0,craft_birch_planks,True
llm_history,T4,19,1,0,0,wait,True
llm_history,T4,19,1,1,0,wait,True
llm_history,T4,19,1,2,0,wait,True
llm_history,T4,19,1,3,0,eat_bread,True
llm_history,T4,19,1,4,0,wait,True
llm_history,T4,19,1,5,0,gather_oak_log,True
llm_history,T4,19,1,6,0,wait,True
llm_history,T4,19,1,7,0,craft_oak_planks,True
llm_history,T1,20,1,0,0,gather_oak_log,True
llm_history,T1,20,1,1,0,wait,True
llm_history,T1,20,1,2,0,wait,True
llm_history,T1,20,1,3,0,craft_oak_planks,True
llm_history,T1,20,2,0,0,wait,True
llm_history,T1,20,2,1,0,gather_oak_log,True
llm_history,T1,20,2,2,0,gather_oak_log,True
llm_history,T1,20,2,3,0,wait,True
llm_history,T1,20,2,4,0,wait,True
llm_history,T1,20,2,5,0,craft_oak_planks,True
llm_history,T2,20,1,0,0,gather_oak_log,True
llm_history,T2,20,1,1,0,wait,True
llm_history,T2,20,1,2,0,craft_oak_planks,True
llm_history,T3,20,1,0,0,gather_oak_log,True
llm_history,T3,20,1,1,0,wait,True
llm_history,T3,20,1,2,0,craft_oak_planks,True
llm_history,T3,20,2,0,0,gather_birch_log,True
llm_history,T3,20,2,1,0,wait,True
llm_history,T3,20,2,2,0,craft_birch_planks,True
llm_history,T4,20,1,0,0,gather_oak_log,True
llm_history,T4,20,1,1,0,craft_oak_planks,True
llm_rag,T1,1,1,0,0,gather_oak_log,True
llm_rag,T1,1,1,1,0,craft_oak_planks,True
llm_rag,T1,1,2,0,0,wait,True
llm_rag,T1,1,2,1,0,gather_oak_log,True
llm_rag,T1,1,2,2,0,wait,True
llm_rag,T1,1,2,3,0,wait,True
llm_rag,T1,1,2,4,0,wait,True
llm_rag,T1,1,2,5,0,craft_oak_planks,True
llm_rag,T2,1,1,0,0,gather_oak_log,True
llm_rag,T2,1,1,1,0,craft_oak_planks,True
llm_rag,T3,1,1,0,0,gather_oak_log,True
llm_rag,T3,1,1,1,0,wait,True
llm_rag,T3,1,1,2,0,wait,True
llm_rag,T3,1,1,3,0,craft_oak_planks,True
llm_rag,T3,1,2,0,0,gather_birch_log,True
llm_rag,T3,1,2,1,0,wait,True
llm_rag,T3,1,2,2,0,wait,True
llm_rag,T3,1,2,3,0,craft_birch_planks,True
llm_rag,T4,1,1,0,0,wait,True
llm_rag,T4,1,1,1,0,wait,True
llm_rag,T4,1,1,2,0,wait,True
llm_rag,T4,1,1,3,0,eat_bread,True
llm_rag,T4,1,1,4,0,wait,True
llm_rag,T4,1,1,5,0,gather_oak_log,True
llm_rag,T4,1,1,6,0,craft_oak_planks,True
llm_rag,T1,2,1,0,0,wait,True
llm_rag,T1,2,1,1,0,gather_oak_log,True
llm_rag,T1,2,1,2,0,craft_oak_planks,True
llm_rag,T1,2,2,0,0,gather_oak_log,True
llm_rag,T1,2,2,1,0,craft_oak_planks,True
llm_rag,T2,2,1,0,0,gather_oak_log,True
llm_rag,T2,2,1,1,0,craft_oak_planks,True
llm_rag,T3,2,1,0,0,gather_oak_log,True
llm_rag,T3,2,1,1,0,craft_oak_planks,True
llm_rag,T3,2,2,0,0,gather_birch_log,True
llm_rag,T3,2,2,1,0,wait,True
llm_rag,T3,2,2,2,0,craft_birch_planks,True
llm_rag,T4,2,1,0,0,wait,True
llm_rag,T4,2,1,1,0,wait,True
llm_rag,T4,2,1,2,0,wait,True
llm_rag,T4,2,1,3,0,wait,True
llm_rag,T4,2,1,4,0,gather_oak_log,True
llm_rag,T4,2,1,5,0,craft_oak_planks,True
llm_rag,T1,3,1,0,0,gather_oak_log,True
llm_rag,T1,3,1,1,0,craft_oak_planks,True
llm_rag,T1,3,2,0,0,wait,True
llm_rag,T1,3,2,1,0,gather_oak_log,True
llm_rag,T1,3,2,2,0,craft_oak_planks,True
llm_rag,T2,3,1,0,0,wait,True
llm_rag,T2,3,1,1,0,gather_oak_log,True
llm_rag,T2,3,1,2,0,wait,True
llm_rag,T2,3,1,3,0,craft_oak_planks,True
llm_rag,T3,3,1,0,0,wait,True
llm_rag,T3,3,1,1,0,wait,True
llm_rag,T3,3,1,2,0,gather_oak_log,True
llm_rag,T3,3,1,3,0,craft_oak_planks,True
llm_rag,T3,3,2,0,0,gather_birch_log,True
llm_rag,T3,3,2,1,0,wait,True
llm_rag,T3,3,2,2,0,wait,True
llm_rag,T3,3,2,3,0,craft_birch_planks,True
llm_rag,T4,3,1,0,0,gather_oak_log,True
llm_rag,T4,3,1,1,0,craft_oak_planks,True
llm_rag,T1,4,1,0,0,wait,True
llm_rag,T1,4,1,1,0,gather_oak_log,True
llm_rag,T1,4,1,2,0,wait,True
llm_rag,T1,4,1,3,0,craft_oak_planks,True
llm_rag,T1,4,2,0,0,gather_oak_log,True
llm_rag,T1,4,2,1,0,craft_oak_planks,True
llm_rag,T2,4,1,0,0,gather_oak_log,True
llm_rag,T2,4,1,1,0,craft_oak_planks,True
llm_rag,T3,4,1,0,0,gather_oak_log,True
llm_rag,T3,4,1,1,0,craft_oak_planks,True
llm_rag,T3,4,2,0,0,gather_birch_log,True
llm_rag,T3,4,2,1,0,craft_birch_planks,True
llm_rag,T4,4,1,0,0,wait,True
llm_rag,T4,4,1,1,0,wait,True
llm_rag,T4,4,1,2,0,gather_oak_log,True
llm_rag,T4,4,1,3,0,wait,True
llm_rag,T4,4,1,4,0,craft_oak_planks,True
llm_rag,T1,5,1,0,0,wait,True
llm_rag,T1,5,1,1,0,gather_oak_log,True
llm_rag,T1,5,1,2,0,wait,True
llm_rag,T1,5,1,3,0,craft_oak_planks,True
llm_rag,T1,5,2,0,0,wait,True
llm_rag,T1,5,2,1,0,wait,True
llm_rag,T1,5,2,2,0,gather_oak_log,True
llm_rag,T1,5,2,3,0,craft_oak_planks,True
llm_rag,T2,5,1,0,0,gather_oak_log,True
llm_rag,T2,5,1,1,0,craft_oak_planks,True
llm_rag,T3,5,1,0,0,gather_oak_log,True
llm_rag,T3,5,1,1,0,wait,True
llm_rag,T3,5,1,2,0,wait,True
llm_rag,T3,5,1,3,0,craft_oak_planks,True
llm_rag,T3,5,2,0,0,gather_birch_log,True
llm_rag,T3,5,2,1,0,wait,True
llm_rag,T3,5,2,2,0,craft_birch_planks,True
llm_rag,T4,5,1,0,0,wait,True
llm_rag,T4,5,1,1,0,wait,True
llm_rag,T4,5,1,2,0,wait,True
llm_rag,T4,5,1,3,0,wait,True
llm_rag,T4,5,1,4,0,wait,True
llm_rag,T4,5,1,5,0,gather_oak_log,True
llm_rag,T4,5,1,6,0,craft_oak_planks,True
llm_rag,T1,6,1,0,0,wait,True
llm_rag,T1,6,1,1,0,gather_oak_log,True
llm_rag,T1,6,1,2,0,wait,True
llm_rag,T1,6,1,3,0,craft_oak_planks,True
llm_rag,T1,6,2,0,0,gather_oak_log,True
llm_rag,T1,6,2,1,0,craft_oak_planks,True
llm_rag,T2,6,1,0,0,gather_oak_log,True
llm_rag,T2,6,1,1,0,craft_oak_planks,True
llm_rag,T3,6,1,0,0,gather_oak_log,True
llm_rag,T3,6,1,1,0,wait,True
llm_rag,T3,6,1,2,0,wait,True
llm_rag,T3,6,1,3,0,craft_oak_planks,True
llm_rag,T3,6,2,0,0,gather_birch_log,True
llm_rag,T3,6,2,1,0,craft_birch_planks,True
llm_rag,T4,6,1,0,0,wait,True
llm_rag,T4,6,1,1,0,gather_oak_log,True
llm_rag,T4,6,1,2,0,craft_oak_planks,True
llm_rag,T1,7,1,0,0,wait,True
llm_rag,T1,7,1,1,0,wait,True
llm_rag,T1,7,1,2,0,wait,True
llm_rag,T1,7,1,3,0,gather_oak_log,True
llm_rag,T1,7,1,4,0,craft_oak_planks,True
llm_rag,T1,7,2,0,0,wait,True
llm_rag,T1,7,2,1,0,wait,True
llm_rag,T1,7,2,2,0,gather_oak_log,True
llm_rag,T1,7,2,3,0,craft_oak_planks,True
llm_rag,T2,7,1,0,0,gather_oak_log,True
llm_rag,T2,7,1,1,0,wait,True
llm_rag,T2,7,1,2,0,wait,True
llm_rag,T2,7,1,3,0,craft_oak_planks,True
llm_rag,T3,7,1,0,0,wait,True
llm_rag,T3,7,1,1,0,gather_oak_log,True
llm_rag,T3,7,1,2,0,craft_oak_planks,True
llm_rag,T3,7,2,0,0,gather_birch_log,True
llm_rag,T3,7,2,1,0,craft_birch_planks,True
llm_rag,T4,7,1,0,0,wait,True
llm_rag,T4,7,1,1,0,wait,True
llm_rag,T4,7,1,2,0,eat_bread,True
llm_rag,T4,7,1,3,0,gather_oak_log,True
llm_rag,T4,7,1,4,0,craft_oak_planks,True
llm_rag,T1,8,1,0,0,wait,True
llm_rag,T1,8,1,1,0,gather_oak_log,True
llm_rag,T1,8,1,2,0,craft_oak_planks,True
llm_rag,T1,8,2,0,0,gather_oak_log,True
llm_rag,T1,8,2,1,0,wait,True
llm_rag,T1,8,2,2,0,craft_oak_planks,True
llm_rag,T2,8,1,0,0,gather_oak_log,True
llm_rag,T2,8,1,1,0,craft_oak_planks,True
llm_rag,T3,8,1,0,0,wait,True
llm_rag,T3,8,1,1,0,gather_oak_log,True
llm_rag,T3,8,1,2,0,wait,True
llm_rag,T3,8,1,3,0,craft_oak_planks,True
llm_rag,T3,8,2,0,0,gather_birch_log,True
llm_rag,T3,8,2,1,0,craft_birch_planks,True
llm_rag,T4,8,1,0,0,gather_oak_log,True
llm_rag,T4,8,1,1,0,wait,True
llm_rag,T4,8,1,2,0,wait,True
llm_rag,T4,8,1,3,0,eat_bread,True
llm_rag,T4,8,1,4,0,craft_oak_planks,True
llm_rag,T1,9,1,0,0,gather_oak_log,True
llm_rag,T1,9,1,1,0,craft_oak_planks,True
llm_rag,T1,9,2,0,0,wait,True
llm_rag,T1,9,2,1,0,gather_oak_log,True
llm_rag,T1,9,2,2,0,craft_oak_planks,True
llm_rag,T2,9,1,0,0,gather_oak_log,True
llm_rag,T2,9,1,1,0,craft_oak_planks,True
llm_rag,T3,9,1,0,0,wait,True
llm_rag,T3,9,1,1,0,gather_oak_log,True
llm_rag,T3,9,1,2,0,craft_oak_planks,True
llm_rag,T3,9,2,0,0,gather_birch_log,True
llm_rag,T3,9,2,1,0,wait,True
llm_rag,T3,9,2,2,0,craft_birch_planks,True
llm_rag,T4,9,1,0,0,gather_oak_log,True
llm_rag,T4,9,1,1,0,wait,True
llm_rag,T4,9,1,2,0,wait,True
llm_rag,T4,9,1,3,0,wait,True
llm_rag,T4,9,1,4,0,wait,True
llm_rag,T4,9,1,5,0,wait,True
llm_rag,T4,9,1,6,0,craft_oak_planks,True
llm_rag,T1,10,1,0,0,wait,True
llm_rag,T1,10,1,1,0,gather_oak_log,True
llm_rag,T1,10,1,2,0,craft_oak_planks,True
llm_rag,T1,10,2,0,0,gather_oak_log,True
llm_rag,T1,10,2,1,0,craft_oak_planks,True
llm_rag,T2,10,1,0,0,gather_oak_log,True
llm_rag,T2,10,1,1,0,craft_oak_planks,True
llm_rag,T3,10,1,0,0,wait,True
llm_rag,T3,10,1,1,0,gather_oak_log,True
llm_rag,T3,10,1,2,0,craft_oak_planks,True
llm_rag,T3,10,2,0,0,gather_birch_log,True
llm_rag,T3,10,2,1,0,craft_birch_planks,True
llm_rag,T4,10,1,0,0,wait,True
llm_rag,T4,10,1,1,0,gather_oak_log,True
llm_rag,T4,10,1,2,0,wait,True
llm_rag,T4,10,1,3,0,wait,True
llm_rag,T4,10,1,4,0,craft_oak_planks,True
llm_rag,T1,11,1,0,0,gather_oak_log,True
llm_rag,T1,11,1,1,0,craft_oak_planks,True
llm_rag,T1,11,2,0,0,gather_oak_log,True
llm_rag,T1,11,2,1,0,craft_oak_planks,True
llm_rag,T2,11,1,0,0,gather_oak_log,True
llm_rag,T2,11,1,1,0,craft_oak_planks,True
llm_rag,T3,11,1,0,0,gather_oak_log,True
llm_rag,T3,11,1,1,0,wait,True
llm_rag,T3,11,1,2,0,craft_oak_planks,True
llm_rag,T3,11,2,0,0,gather_birch_log,True
llm_rag,T3,11,2,1,0,wait,True
llm_rag,T3,11,2,2,0,craft_birch_planks,True
llm_rag,T4,11,1,0,0,wait,True
llm_rag,T4,11,1,1,0,wait,True
llm_rag,T4,11,1,2,0,wait,True
llm_rag,T4,11,1,3,0,eat_bread,True
llm_rag,T4,11,1,4,0,wait,True
llm_rag,T4,11,1,5,0,gather_oak_log,True
llm_rag,T4,11,1,6,0,wait,True
llm_rag,T4,11,1,7,0,craft_oak_planks,True
llm_rag,T1,12,1,0,0,wait,True
llm_rag,T1,12,1,1,0,gather_oak_log,True
llm_rag,T1,12,1,2,0,craft_oak_planks,True
llm_rag,T1,12,2,0,0,gather_oak_log,True
llm_rag,T1,12,2,1,0,craft_oak_planks,True
llm_rag,T2,12,1,0,0,gather_oak_log,True
llm_rag,T2,12,1,1,0,craft_oak_planks,True
llm_rag,T3,12,1,0,0,wait,True
llm_rag,T3,12,1,1,0,gather_oak_log,True
llm_rag,T3,12,1,2,0,wait,True
llm_rag,T3,12,1,3,0,craft_oak_planks,True
llm_rag,T3,12,2,0,0,gather_birch_log,True
llm_rag,T3,12,2,1,0,wait,True
llm_rag,T3,12,2,2,0,craft_birch_planks,True
llm_rag,T4,12,1,0,0,gather_oak_log,True
llm_rag,T4,12,1,1,0,wait,True
llm_rag,T4,12,1,2,0,wait,True
llm_rag,T4,12,1,3,0,wait,True
llm_rag,T4,12,1,4,0,craft_oak_planks,True
llm_rag,T1,13,1,0,0,gather_oak_log,True
llm_rag,T1,13,1,1,0,wait,True
llm_rag,T1,13,1,2,0,craft_oak_planks,True
llm_rag,T1,13,2,0,0,gather_oak_log,True
llm_rag,T1,13,2,1,0,craft_oak_planks,True
llm_rag,T2,13,1,0,0,gather_oak_log,True
llm_rag,T2,13,1,1,0,craft_oak_planks,True
llm_rag,T3,13,1,0,0,wait,True
llm_rag,T3,13,1,1,0,wait,True
llm_rag,T3,13,1,2,0,wait,True
llm_rag,T3,13,1,3,0,gather_oak_log,True
llm_rag,T3,13,1,4,0,wait,True
llm_rag,T3,13,2,0,0,gather_birch_log,True
llm_rag,T3,13,2,1,0,craft_birch_planks,True
llm_rag,T4,13,1,0,0,gather_oak_log,True
llm_rag,T4,13,1,1,0,wait,True
llm_rag,T4,13,1,2,0,wait,True
llm_rag,T4,13,1,3,0,wait,True
llm_rag,T4,13,1,4,0,wait,True
llm_rag,T4,13,1,5,0,craft_oak_planks,True
llm_rag,T1,14,1,0,0,gather_oak_log,True
llm_rag,T1,14,1,1,0,wait,True
llm_rag,T1,14,1,2,0,wait,True
llm_rag,T1,14,1,3,0,craft_oak_planks,True
llm_rag,T1,14,2,0,0,gather_oak_log,True
llm_rag,T1,14,2,1,0,craft_oak_planks,True
llm_rag,T2,14,1,0,0,gather_oak_log,True
llm_rag,T2,14,1,1,0,craft_oak_planks,True
llm_rag,T3,14,1,0,0,gather_oak_log,True
llm_rag,T3,14,1,1,0,craft_oak_planks,True
llm_rag,T3,14,2,0,0,gather_birch_log,True
llm_rag,T3,14,2,1,0,craft_birch_planks,True
llm_rag,T4,14,1,0,0,wait,True
llm_rag,T4,14,1,1,0,gather_oak_log,True
llm_rag,T4,14,1,2,0,craft_oak_planks,True
llm_rag,T1,15,1,0,0,wait,True
llm_rag,T1,15,1,1,0,gather_oak_log,True
llm_rag,T1,15,1,2,0,craft_oak_planks,True
llm_rag,T1,15,2,0,0,gather_oak_log,True
llm_rag,T1,15,2,1,0,craft_oak_planks,True
llm_rag,T2,15,1,0,0,gather_oak_log,True
llm_rag,T2,15,1,1,0,craft_oak_planks,True
llm_rag,T3,15,1,0,0,wait,True
llm_rag,T3,15,1,1,0,wait,True
llm_rag,T3,15,1,2,0,gather_oak_log,True
llm_rag,T3,15,1,3,0,craft_oak_planks,True
llm_rag,T3,15,2,0,0,gather_birch_log,True
llm_rag,T3,15,2,1,0,wait,True
llm_rag,T3,15,2,2,0,craft_birch_planks,True
llm_rag,T4,15,1,0,0,wait,True
llm_rag,T4,15,1,1,0,wait,True
llm_rag,T4,15,1,2,0,wait,True
llm_rag,T4,15,1,3,0,wait,True
llm_rag,T4,15,1,4,0,wait,True
llm_rag,T4,15,1,5,0,wait,True
llm_rag,T4,15,1,6,0,gather_oak_log,True
llm_rag,T4,15,1,7,0,craft_oak_planks,True
llm_rag,T1,16,1,0,0,gather_oak_log,True
llm_rag,T1,16,1,1,0,wait,True
llm_rag,T1,16,1,2,0,craft_oak_planks,True
llm_rag,T1,16,2,0,0,gather_oak_log,True
llm_rag,T1,16,2,1,0,craft_oak_planks,True
llm_rag,T2,16,1,0,0,gather_oak_log,True
llm_rag,T2,16,1,1,0,craft_oak_planks,True
llm_rag,T3,16,1,0,0,gather_oak_log,True
llm_rag,T3,16,1,1,0,craft_oak_planks,True
llm_rag,T3,16,2,0,0,gather_birch_log,True
llm_rag,T3,16,2,1,0,wait,True
llm_rag,T3,16,2,2,0,craft_birch_planks,True
llm_rag,T4,16,1,0,0,wait,True
llm_rag,T4,16,1,1,0,gather_oak_log,True
llm_rag,T4,16,1,2,0,craft_oak_planks,True
llm_rag,T1,17,1,0,0,gather_oak_log,True
llm_rag,T1,17,1,1,0,craft_oak_planks,True
llm_rag,T1,17,2,0,0,gather_oak_log,True
llm_rag,T1,17,2,1,0,craft_oak_planks,True
llm_rag,T2,17,1,0,0,gather_oak_log,True
llm_rag,T2,17,1,1,0,wait,True
llm_rag,T2,17,1,2,0,wait,True
llm_rag,T2,17,1,3,0,craft_oak_planks,True
llm_rag,T3,17,1,0,0,gather_oak_log,True
llm_rag,T3,17,1,1,0,wait,True
llm_rag,T3,17,1,2,0,craft_oak_planks,True
llm_rag,T3,17,2,0,0,gather_birch_log,True
llm_rag,T3,17,2,1,0,wait,True
llm_rag,T3,17,2,2,0,craft_birch_planks,True
llm_rag,T4,17,1,0,0,wait,True
llm_rag,T4,17,1,1,0,gather_oak_log,True
llm_rag,T4,17,1,2,0,craft_oak_planks,True
llm_rag,T1,18,1,0,0,wait,True
llm_rag,T1,18,1,1,0,gather_oak_log,True
llm_rag,T1,18,1,2,0,craft_oak_planks,True
llm_rag,T1,18,2,0,0,gather_oak_log,True
llm_rag,T1,18,2,1,0,craft_oak_planks,True
llm_rag,T2,18,1,0,0,gather_oak_log,True
llm_rag,T2,18,1,1,0,craft_oak_planks,True
llm_rag,T3,18,1,0,0,wait,True
llm_rag,T3,18,1,1,0,gather_oak_log,True
llm_rag,T3,18,1,2,0,craft_oak_planks,True
llm_rag,T3,18,2,0,0,gather_birch_log,True
llm_rag,T3,18,2,1,0,craft_birch_planks,True
llm_rag,T4,18,1,0,0,wait,True
llm_rag,T4,18,1,1,0,wait,True
llm_rag,T4,18,1,2,0,wait,True
llm_rag,T4,18,1,3,0,eat_bread,True
llm_rag,T4,18,1,4,0,gather_oak_log,True
llm_rag,T4,18,1,5,0,wait,True
llm_rag,T4,18,1,6,0,craft_oak_planks,True
llm_rag,T1,19,1,0,0,gather_oak_log,True
llm_rag,T1,19,1,1,0,wait,True
llm_rag,T1,19,1,2,0,craft_oak_planks,True
llm_rag,T1,19,2,0,0,gather_oak_log,True
llm_rag,T1,19,2,1,0,wait,True
llm_rag,T1,19,2,2,0,craft_oak_planks,True
llm_rag,T2,19,1,0,0,gather_oak_log,True
llm_rag,T2,19,1,1,0,craft_oak_planks,True
llm_rag,T3,19,1,0,0,gather_oak_log,True
llm_rag,T3,19,1,1,0,craft_oak_planks,True
llm_rag,T3,19,2,0,0,gather_birch_log,True
llm_rag,T3,19,2,1,0,craft_birch_planks,True
llm_rag,T4,19,1,0,0,gather_oak_log,True
llm_rag,T4,19,1,1,0,craft_oak_planks,True
llm_rag,T1,20,1,0,0,wait,True
llm_rag,T1,20,1,1,0,gather_oak_log,True
llm_rag,T1,20,1,2,0,craft_oak_planks,True
llm_rag,T1,20,2,0,0,wait,True
llm_rag,T1,20,2,1,0,gather_oak_log,True
llm_rag,T1,20,2,2,0,craft_oak_planks,True
llm_rag,T2,20,1,0,0,gather_oak_log,True
llm_rag,T2,20,1,1,0,craft_oak_planks,True
llm_rag,T3,20,1,0,0,gather_oak_log,True
llm_rag,T3,20,1,1,0,craft_oak_planks,True
llm_rag,T3,20,2,0,0,wait,True
llm_rag,T3,20,2,1,0,gather_birch_log,True
llm_rag,T3,20,2,2,0,craft_birch_planks,True
llm_rag,T4,20,1,0,0,wait,True
llm_rag,T4,20,1,1,0,wait,True
llm_rag,T4,20,1,2,0,wait,True
llm_rag,T4,20,1,3,0,eat_bread,True
llm_rag,T4,20,1,4,0,gather_oak_log,True
llm_rag,T4,20,1,5,0,craft_oak_planks,True
random_ctx,T1,1,1,0,0,gather_oak_log,True
random_ctx,T1,1,1,1,0,craft_oak_planks,True
random_ctx,T1,1,2,0,0,gather_oak_log,True
random_ctx,T1,1,2,1,0,craft_oak_planks,True
random_ctx,T2,1,1,0,0,gather_oak_log,True
random_ctx,T2,1,1,1,0,craft_oak_planks,True
random_ctx,T3,1,1,0,0,gather_oak_log,True
random_ctx,T3,1,1,1,0,craft_oak_planks,True
random_ctx,T3,1,2,0,0,gather_birch_log,True
random_ctx,T3,1,2,1,0,craft_birch_planks,True
random_ctx,T4,1,1,0,0,wait,True
random_ctx,T4,1,1,1,0,wait,True
random_ctx,T4,1,1,2,0,wait,True
random_ctx,T4,1,1,3,0,gather_oak_log,True
random_ctx,T4,1,1,4,0,craft_oak_planks,True
random_ctx,T1,2,1,0,0,gather_oak_log,True
random_ctx,T1,2,1,1,0,craft_oak_planks,True
random_ctx,T1,2,2,0,0,gather_oak_log,True
random_ctx,T1,2,2,1,0,craft_oak_planks,True
random_ctx,T2,2,1,0,0,gather_oak_log,True
random_ctx,T2,2,1,1,0,craft_oak_planks,True
random_ctx,T3,2,1,0,0,wait,True
random_ctx,T3,2,1,1,0,wait,True
random_ctx,T3,2,1,2,0,gather_oak_log,True
random_ctx,T3,2,1,3,0,craft_oak_planks,True
random_ctx,T3,2,2,0,0,gather_birch_log,True
random_ctx,T3,2,2,1,0,wait,True
random_ctx,T3,2,2,2,0,craft_birch_planks,True
random_ctx,T4,2,1,0,0,wait,True
random_ctx,T4,2,1,1,0,wait,True
random_ctx,T4,2,1,2,0,wait,True
random_ctx,T4,2,1,3,0,eat_bread,True
random_ctx,T4,2,1,4,0,wait,True
random_ctx,T4,2,1,5,0,wait,True
random_ctx,T4,2,1,6,0,wait,True
random_ctx,T4,2,1,7,0,wait,True
random_ctx,T4,2,1,8,0,gather_oak_log,True
random_ctx,T4,2,1,9,0,craft_oak_planks,True
random_ctx,T1,3,1,0,0,wait,True
random_ctx,T1,3,1,1,0,gather_oak_log,True
random_ctx,T1,3,1,2,0,craft_oak_planks,True
random_ctx,T1,3,2,0,0,gather_oak_log,True
random_ctx,T1,3,2,1,0,craft_oak_planks,True
random_ctx,T2,3,1,0,0,gather_oak_log,True
random_ctx,T2,3,1,1,0,wait,True
random_ctx,T2,3,1,2,0,craft_oak_planks,True
random_ctx,T3,3,1,0,0,wait,True
random_ctx,T3,3,1,1,0,gather_oak_log,True
random_ctx,T3,3,1,2,0,wait,True
random_ctx,T3,3,1,3,0,craft_oak_planks,True
random_ctx,T3,3,2,0,0,gather_birch_log,True
random_ctx,T3,3,2,1,0,craft_birch_planks,True
random_ctx,T4,3,1,0,0,wait,True
random_ctx,T4,3,1,1,0,wait,True
random_ctx,T4,3,1,2,0,gather_oak_log,True
random_ctx,T4,3,1,3,0,wait,True
random_ctx,T4,3,1,4,0,wait,True
random_ctx,T4,3,1,5,0,craft_oak_planks,True
random_ctx,T1,4,1,0,0,gather_oak_log,True
random_ctx,T1,4,1,1,0,craft_oak_planks,True
random_ctx,T1,4,2,0,0,gather_oak_log,True
random_ctx,T1,4,2,1,0,craft_oak_planks,True
random_ctx,T2,4,1,0,0,gather_oak_log,True
random_ctx,T2,4,1,1,0,craft_oak_planks,True
random_ctx,T3,4,1,0,0,gather_oak_log,True
random_ctx,T3,4,1,1,0,wait,True
random_ctx,T3,4,1,2,0,craft_oak_planks,True
random_ctx,T3,4,2,0,0,gather_birch_log,True
random_ctx,T3,4,2,1,0,wait,True
random_ctx,T3,4,2,2,0,craft_birch_planks,True
random_ctx,T4,4,1,0,0,gather_oak_log,True
random_ctx,T4,4,1,1,0,craft_oak_planks,True
random_ctx,T1,5,1,0,0,gather_oak_log,True
random_ctx,T1,5,1,1,0,wait,True
random_ctx,T1,5,1,2,0,craft_oak_planks,True
random_ctx,T1,5,2,0,0,wait,True
random_ctx,T1,5,2,1,0,gather_oak_log,True
random_ctx,T1,5,2,2,0,craft_oak_planks,True
random_ctx,T2,5,1,0,0,gather_oak_log,True
random_ctx,T2,5,1,1,0,craft_oak_planks,True
random_ctx,T3,5,1,0,0,wait,True
random_ctx,T3,5,1,1,0,gather_oak_log,True
random_ctx,T3,5,1,2,0,wait,True
random_ctx,T3,5,1,3,0,craft_oak_planks,True
random_ctx,T3,5,2,0,0,gather_birch_log,True
random_ctx,T3,5,2,1,0,craft_birch_planks,True
random_ctx,T4,5,1,0,0,wait,True
random_ctx,T4,5,1,1,0,wait,True
random_ctx,T4,5,1,2,0,wait,True
random_ctx,T4,5,1,3,0,wait,True
random_ctx,T4,5,1,4,0,wait,True
random_ctx,T4,5,1,5,0,wait,True
random_ctx,T4,5,1,6,0,gather_oak_log,True
random_ctx,T4,5,1,7,0,craft_oak_planks,True
random_ctx,T1,6,1,0,0,wait,True
random_ctx,T1,6,1,1,0,gather_oak_log,True
random_ctx,T1,6,1,2,0,wait,True
random_ctx,T1,6,1,3,0,wait,True
random_ctx,T1,6,1,4,0,craft_oak_planks,True
random_ctx,T1,6,2,0,0,gather_oak_log,True
random_ctx,T1,6,2,1,0,craft_oak_planks,True
random_ctx,T2,6,1,0,0,gather_oak_log,True
random_ctx,T2,6,1,1,0,craft_oak_planks,True
random_ctx,T3,6,1,0,0,gather_oak_log,True
random_ctx,T3,6,1,1,0,craft_oak_planks,True
random_ctx,T3,6,2,0,0,wait,True
random_ctx,T3,6,2,1,0,wait,True
random_ctx,T3,6,2,2,0,gather_birch_log,True
random_ctx,T3,6,2,3,0,wait,True
random_ctx,T3,6,2,4,0,wait,True
random_ctx,T3,6,2,5,0,wait,True
random_ctx,T3,6,2,6,0,wait,True
random_ctx,T3,6,2,7,0,craft_birch_planks,True
random_ctx,T4,6,1,0,0,wait,True
random_ctx,T4,6,1,1,0,wait,True
random_ctx,T4,6,1,2,0,wait,True
random_ctx,T4,6,1,3,0,eat_bread,True
random_ctx,T4,6,1,4,0,wait,True
random_ctx,T4,6,1,5,0,gather_oak_log,True
random_ctx,T4,6,1,6,0,craft_oak_planks,True
random_ctx,T1,7,1,0,0,gather_oak_log,True
random_ctx,T1,7,1,1,0,craft_oak_planks,True
random_ctx,T1,7,2,0,0,gather_oak_log,True
random_ctx,T1,7,2,1,0,wait,True
random_ctx,T1,7,2,2,0,craft_oak_planks,True
random_ctx,T2,7,1,0,0,gather_oak_log,True
random_ctx,T2,7,1,1,0,craft_oak_planks,True
random_ctx,T3,7,1,0,0,gather_oak_log,True
random_ctx,T3,7,1,1,0,wait,True
random_ctx,T3,7,1,2,0,wait,True
random_ctx,T3,7,1,3,0,craft_oak_planks,True
random_ctx,T3,7,2,0,0,gather_birch_log,True
random_ctx,T3,7,2,1,0,craft_birch_planks,True
random_ctx,T4,7,1,0,0,wait,True
random_ctx,T4,7,1,1,0,wait,True
random_ctx,T4,7,1,2,0,wait,True
random_ctx,T4,7,1,3,0,eat_bread,True
random_ctx,T4,7,1,4,0,gather_oak_log,True
random_ctx,T4,7,1,5,0,wait,True
random_ctx,T4,7,1,6,0,craft_oak_planks,True
random_ctx,T1,8,1,0,0,gather_oak_log,True
random_ctx,T1,8,1,1,0,wait,True
random_ctx,T1,8,1,2,0,craft_oak_planks,True
random_ctx,T1,8,2,0,0,gather_oak_log,True
random_ctx,T1,8,2,1,0,craft_oak_planks,True
random_ctx,T2,8,1,0,0,gather_oak_log,True
random_ctx,T2,8,1,1,0,craft_oak_planks,True
random_ctx,T3,8,1,0,0,wait,True
random_ctx,T3,8,1,1,0,wait,True
random_ctx,T3,8,1,2,0,gather_oak_log,True
random_ctx,T3,8,1,3,0,craft_oak_planks,True
random_ctx,T3,8,2,0,0,gather_birch_log,True
random_ctx,T3,8,2,1,0,craft_birch_planks,True
random_ctx,T4,8,1,0,0,wait,True
random_ctx,T4,8,1,1,0,wait,True
random_ctx,T4,8,1,2,0,wait,True
random_ctx,T4,8,1,3,0,wait,True
random_ctx,T4,8,1,4,0,gather_oak_log,True
random_ctx,T4,8,1,5,0,wait,True
random_ctx,T4,8,1,6,0,craft_oak_planks,True
random_ctx,T1,9,1,0,0,wait,True
random_ctx,T1,9,1,1,0,wait,True
random_ctx,T1,9,1,2,0,gather_oak_log,True
random_ctx,T1,9,1,3,0,craft_oak_planks,True
random_ctx,T1,9,2,0,0,wait,True
random_ctx,T1,9,2,1,0,gather_oak_log,True
random_ctx,T1,9,2,2,0,craft_oak_planks,True
random_ctx,T2,9,1,0,0,gather_oak_log,True
random_ctx,T2,9,1,1,0,craft_oak_planks,True
random_ctx,T3,9,1,0,0,wait,True
random_ctx,T3,9,1,1,0,gather_oak_log,True
random_ctx,T3,9,1,2,0,wait,True
random_ctx,T3,9,1,3,0,craft_oak_planks,True
random_ctx,T3,9,2,0,0,gather_birch_log,True
random_ctx,T3,9,2,1,0,craft_birch_planks,True
random_ctx,T4,9,1,0,0,gather_oak_log,True
random_ctx,T4,9,1,1,0,wait,True
random_ctx,T4,9,1,2,0,craft_oak_planks,True
random_ctx,T1,10,1,0,0,gather_oak_log,True
random_ctx,T1,10,1,1,0,craft_oak_planks,True
random_ctx,T1,10,2,0,0,gather_oak_log,True
random_ctx,T1,10,2,1,0,craft_oak_planks,True
random_ctx,T2,10,1,0,0,gather_oak_log,True
random_ctx,T2,10,1,1,0,craft_oak_planks,True
random_ctx,T3,10,1,0,0,wait,True
random_ctx,T3,10,1,1,0,gather_oak_log,True
random_ctx,T3,10,1,2,0,craft_oak_planks,True
random_ctx,T3,10,2,0,0,wait,True
random_ctx,T3,10,2,1,0,gather_birch_log,True
random_ctx,T3,10,2,2,0,craft_birch_planks,True
random_ctx,T4,10,1,0,0,gather_oak_log,True
random_ctx,T4,10,1,1,0,craft_oak_planks,True
random_ctx,T1,11,1,0,0,gather_oak_log,True
random_ctx,T1,11,1,1,0,wait,True
random_ctx,T1,11,1,2,0,craft_oak_planks,True
random_ctx,T1,11,2,0,0,gather_oak_log,True
random_ctx,T1,11,2,1,0,craft_oak_planks,True
random_ctx,T2,11,1,0,0,gather_oak_log,True
random_ctx,T2,11,1,1,0,craft_oak_planks,True
random_ctx,T3,11,1,0,0,wait,True
random_ctx,T3,11,1,1,0,gather_oak_log,True
random_ctx,T3,11,1,2,0,craft_oak_planks,True
random_ctx,T3,11,2,0,0,gather_birch_log,True
random_ctx,T3,11,2,1,0,wait,True
random_ctx,T3,11,2,2,0,craft_birch_planks,True
random_ctx,T4,11,1,0,0,wait,True
random_ctx,T4,11,1,1,0,wait,True
random_ctx,T4,11,1,2,0,wait,True
random_ctx,T4,11,1,3,0,wait,True
random_ctx,T4,11,1,4,0,gather_oak_log,True
random_ctx,T4,11,1,5,0,wait,True
random_ctx,T4,11,1,6,0,wait,True
random_ctx,T4,11,1,7,0,wait,True
random_ctx,T4,11,1,8,0,craft_oak_planks,True
random_ctx,T1,12,1,0,0,wait,True
random_ctx,T1,12,1,1,0,gather_oak_log,True
random_ctx,T1,12,1,2,0,craft_oak_planks,True
random_ctx,T1,12,2,0,0,wait,True
random_ctx,T1,12,2,1,0,gather_oak_log,True
random_ctx,T1,12,2,2,0,craft_oak_planks,True
random_ctx,T2,12,1,0,0,gather_oak_log,True
random_ctx,T2,12,1,1,0,wait,True
random_ctx,T2,12,1,2,0,wait,True
random_ctx,T2,12,1,3,0,craft_oak_planks,True
random_ctx,T3,12,1,0,0,wait,True
random_ctx,T3,12,1,1,0,wait,True
random_ctx,T3,12,1,2,0,wait,True
random_ctx,T3,12,1,3,0,gather_oak_log,True
random_ctx,T3,12,1,4,0,craft_oak_planks,True
random_ctx,T3,12,2,0,0,gather_birch_log,True
random_ctx,T3,12,2,1,0,craft_birch_planks,True
random_ctx,T4,12,1,0,0,wait,True
random_ctx,T4,12,1,1,0,wait,True
random_ctx,T4,12,1,2,0,wait,True
random_ctx,T4,12,1,3,0,wait,True
random_ctx,T4,12,1,4,0,gather_oak_log,True
random_ctx,T4,12,1,5,0,craft_oak_planks,True
random_ctx,T1,13,1,0,0,wait,True
random_ctx,T1,13,1,1,0,gather_oak_log,True
random_ctx,T1,13,1,2,0,wait,True
random_ctx,T1,13,1,3,0,wait,True
random_ctx,T1,13,1,4,0,craft_oak_planks,True
random_ctx,T1,13,2,0,0,gather_oak_log,True
random_ctx,T1,13,2,1,0,craft_oak_planks,True
random_ctx,T2,13,1,0,0,gather_oak_log,True
random_ctx,T2,13,1,1,0,craft_oak_planks,True
random_ctx,T3,13,1,0,0,wait,True
random_ctx,T3,13,1,1,0,gather_oak_log,True
random_ctx,T3,13,1,2,0,craft_oak_planks,True
random_ctx,T3,13,2,0,0,gather_birch_log,True
random_ctx,T3,13,2,1,0,wait,True
random_ctx,T3,13,2,2,0,craft_birch_planks,True
random_ctx,T4,13,1,0,0,wait,True
random_ctx,T4,13,1,1,0,gather_oak_log,True
random_ctx,T4,13,1,2,0,wait,True
random_ctx,T4,13,1,3,0,eat_bread,True
random_ctx,T4,13,1,4,0,craft_oak_planks,True
random_ctx,T1,14,1,0,0,wait,True
random_ctx,T1,14,1,1,0,gather_oak_log,True
random_ctx,T1,14,1,2,0,craft_oak_planks,True
random_ctx,T1,14,2,0,0,wait,True
random_ctx,T1,14,2,1,0,gather_oak_log,True
random_ctx,T1,14,2,2,0,craft_oak_planks,True
random_ctx,T2,14,1,0,0,gather_oak_log,True
random_ctx,T2,14,1,1,0,craft_oak_planks,True
random_ctx,T3,14,1,0,0,wait,True
random_ctx,T3,14,1,1,0,wait,True
random_ctx,T3,14,1,2,0,wait,True
random_ctx,T3,14,1,3,0,wait,True
random_ctx,T3,14,1,4,0,gather_oak_log,True
random_ctx,T3,14,2,0,0,gather_birch_log,True
random_ctx,T3,14,2,1,0,wait,True
random_ctx,T3,14,2,2,0,wait,True
random_ctx,T3,14,2,3,0,craft_birch_planks,True
random_ctx,T4,14,1,0,0,wait,True
random_ctx,T4,14,1,1,0,wait,True
random_ctx,T4,14,1,2,0,wait,True
random_ctx,T4,14,1,3,0,wait,True
random_ctx,T4,14,1,4,0,wait,True
random_ctx,T4,14,1,5,0,gather_oak_log,True
random_ctx,T4,14,1,6,0,wait,True
random_ctx,T4,14,1,7,0,craft_oak_planks,True
random_ctx,T1,15,1,0,0,wait,True
random_ctx,T1,15,1,1,0,gather_oak_log,True
random_ctx,T1,15,1,2,0,wait,True
random_ctx,T1,15,1,3,0,craft_oak_planks,True
random_ctx,T1,15,2,0,0,gather_oak_log,True
random_ctx,T1,15,2,1,0,wait,True
random_ctx,T1,15,2,2,0,craft_oak_planks,True
random_ctx,T2,15,1,0,0,gather_oak_log,True
random_ctx,T2,15,1,1,0,wait,True
random_ctx,T2,15,1,2,0,craft_oak_planks,True
random_ctx,T3,15,1,0,0,gather_oak_log,True
random_ctx,T3,15,1,1,0,wait,True
random_ctx,T3,15,1,2,0,craft_oak_planks,True
random_ctx,T3,15,2,0,0,wait,True
random_ctx,T3,15,2,1,0,gather_birch_log,True
random_ctx,T3,15,2,2,0,craft_birch_planks,True
random_ctx,T4,15,1,0,0,wait,True
random_ctx,T4,15,1,1,0,wait,True
random_ctx,T4,15,1,2,0,wait,True
random_ctx,T4,15,1,3,0,wait,True
random_ctx,T4,15,1,4,0,wait,True
random_ctx,T4,15,1,5,0,wait,True
random_ctx,T4,15,1,6,0,wait,True
random_ctx,T4,15,1,7,0,gather_oak_log,True
random_ctx,T4,15,1,8,0,wait,True
random_ctx,T4,15,1,9,0,craft_oak_planks,True
random_ctx,T1,16,1,0,0,wait,True
random_ctx,T1,16,1,1,0,gather_oak_log,True
random_ctx,T1,16,1,2,0,craft_oak_planks,True
random_ctx,T1,16,2,0,0,wait,True
random_ctx,T1,16,2,1,0,gather_oak_log,True
random_ctx,T1,16,2,2,0,wait,True
random_ctx,T1,16,2,3,0,craft_oak_planks,True
random_ctx,T2,16,1,0,0,gather_oak_log,True
random_ctx,T2,16,1,1,0,craft_oak_planks,True
random_ctx,T3,16,1,0,0,gather_oak_log,True
random_ctx,T3,16,1,1,0,craft_oak_planks,True
random_ctx,T3,16,2,0,0,wait,True
random_ctx,T3,16,2,1,0,wait,True
random_ctx,T3,16,2,2,0,wait,True
random_ctx,T3,16,2,3,0,gather_birch_log,True
random_ctx,T3,16,2,4,0,wait,True
random_ctx,T3,16,2,5,0,craft_birch_planks,True
random_ctx,T4,16,1,0,0,wait,True
random_ctx,T4,16,1,1,0,gather_oak_log,True
random_ctx,T4,16,1,2,0,wait,True
random_ctx,T4,16,1,3,0,wait,True
random_ctx,T4,16,1,4,0,wait,True
random_ctx,T4,16,1,5,0,craft_oak_planks,True
random_ctx,T1,17,1,0,0,gather_oak_log,True
random_ctx,T1,17,1,1,0,craft_oak_planks,True
random_ctx,T1,17,2,0,0,wait,True
random_ctx,T1,17,2,1,0,gather_oak_log,True
random_ctx,T1,17,2,2,0,craft_oak_planks,True
random_ctx,T2,17,1,0,0,gather_oak_log,True
random_ctx,T2,17,1,1,0,craft_oak_planks,True
random_ctx,T3,17,1,0,0,wait,True
random_ctx,T3,17,1,1,0,wait,True
random_ctx,T3,17,1,2,0,gather_oak_log,True
random_ctx,T3,17,1,3,0,craft_oak_planks,True
random_ctx,T3,17,2,0,0,gather_birch_log,True
random_ctx,T3,17,2,1,0,wait,True
random_ctx,T3,17,2,2,0,wait,True
random_ctx,T3,17,2,3,0,craft_birch_planks,True
random_ctx,T4,17,1,0,0,gather_oak_log,True
random_ctx,T4,17,1,1,0,wait,True
random_ctx,T4,17,1,2,0,wait,True
random_ctx,T4,17,1,3,0,eat_bread,True
random_ctx,T4,17,1,4,0,wait,True
random_ctx,T4,17,1,5,0,craft_oak_planks,True
random_ctx,T1,18,1,0,0,gather_oak_log,True
random_ctx,T1,18,1,1,0,craft_oak_planks,True
random_ctx,T1,18,2,0,0,gather_oak_log,True
random_ctx,T1,18,2,1,0,wait,True
random_ctx,T1,18,2,2,0,craft_oak_planks,True
random_ctx,T2,18,1,0,0,gather_oak_log,True
random_ctx,T2,18,1,1,0,craft_oak_planks,True
random_ctx,T3,18,1,0,0,gather_oak_log,True
random_ctx,T3,18,1,1,0,craft_oak_planks,True
random_ctx,T3,18,2,0,0,gather_birch_log,True
random_ctx,T3,18,2,1,0,craft_birch_planks,True
random_ctx,T4,18,1,0,0,gather_oak_log,True
random_ctx,T4,18,1,1,0,wait,True
random_ctx,T4,18,1,2,0,wait,True
random_ctx,T4,18,1,3,0,wait,True
random_ctx,T4,18,1,4,0,wait,True
random_ctx,T4,18,1,5,0,wait,True
random_ctx,T4,18,1,6,0,craft_oak_planks,True
random_ctx,T1,19,1,0,0,wait,True
random_ctx,T1,19,1,1,0,gather_oak_log,True
random_ctx,T1,19,1,2,0,craft_oak_planks,True
random_ctx,T1,19,2,0,0,gather_oak_log,True
random_ctx,T1,19,2,1,0,craft_oak_planks,True
random_ctx,T2,19,1,0,0,gather_oak_log,True
random_ctx,T2,19,1,1,0,craft_oak_planks,True
random_ctx,T3,19,1,0,0,gather_oak_log,True
random_ctx,T3,19,1,1,0,craft_oak_planks,True
random_ctx,T3,19,2,0,0,gather_birch_log,True
random_ctx,T3,19,2,1,0,craft_birch_planks,True
random_ctx,T4,19,1,0,0,wait,True
random_ctx,T4,19,1,1,0,wait,True
random_ctx,T4,19,1,2,0,wait,True
random_ctx,T4,19,1,3,0,eat_bread,True
random_ctx,T4,19,1,4,0,gather_oak_log,True
random_ctx,T4,19,1,5,0,wait,True
random_ctx,T4,19,1,6,0,wait,True
random_ctx,T4,19,1,7,0,craft_oak_planks,True
random_ctx,T1,20,1,0,0,wait,True
random_ctx,T1,20,1,1,0,gather_oak_log,True
random_ctx,T1,20,1,2,0,craft_oak_planks,True
random_ctx,T1,20,2,0,0,wait,True
random_ctx,T1,20,2,1,0,gather_oak_log,True
random_ctx,T1,20,2,2,0,craft_oak_planks,True
random_ctx,T2,20,1,0,0,gather_oak_log,True
random_ctx,T2,20,1,1,0,craft_oak_planks,True
random_ctx,T3,20,1,0,0,wait,True
random_ctx,T3,20,1,1,0,gather_oak_log,True
random_ctx,T3,20,1,2,0,craft_oak_planks,True
random_ctx,T3,20,2,0,0,gather_birch_log,True
random_ctx,T3,20,2,1,0,craft_birch_planks,True
random_ctx,T4,20,1,0,0,wait,True
random_ctx,T4,20,1,1,0,wait,True
random_ctx,T4,20,1,2,0,wait,True
random_ctx,T4,20,1,3,0,eat_bread,True
random_ctx,T4,20,1,4,0,gather_oak_log,True
random_ctx,T4,20,1,5,0,wait,True
random_ctx,T4,20,1,6,0,wait,True
random_ctx,T4,20,1,7,0,wait,True
random_ctx,T4,20,1,8,0,craft_oak_planks,True
D-noact,T2,1,1,0,0,gather_oak_log,True
D-noact,T2,1,1,1,5,craft_oak_planks,True
D-noact,T3,1,1,0,0,wait,True
D-noact,T3,1,1,1,7,gather_oak_log,True
D-noact,T3,1,1,2,8,craft_oak_planks,True
D-noact,T3,1,2,0,8,wait,True
D-noact,T3,1,2,1,8,gather_birch_log,True
D-noact,T3,1,2,2,8,wait,True
D-noact,T3,1,2,3,8,wait,True
D-noact,T3,1,2,4,8,craft_birch_planks,True
D-noact,T2,2,1,0,0,gather_oak_log,True
D-noact,T2,2,1,1,5,wait,True
D-noact,T2,2,1,2,7,craft_oak_planks,True
D-noact,T3,2,1,0,0,wait,True
D-noact,T3,2,1,1,7,gather_oak_log,True
D-noact,T3,2,1,2,8,craft_oak_planks,True
D-noact,T3,2,2,0,8,gather_birch_log,True
D-noact,T3,2,2,1,8,wait,True
D-noact,T3,2,2,2,8,craft_birch_planks,True
D-noact,T2,3,1,0,0,gather_oak_log,True
D-noact,T2,3,1,1,5,craft_oak_planks,True
D-noact,T3,3,1,0,0,gather_oak_log,True
D-noact,T3,3,1,1,7,craft_oak_planks,True
D-noact,T3,3,2,0,8,wait,True
D-noact,T3,3,2,1,8,wait,True
D-noact,T3,3,2,2,8,wait,True
D-noact,T3,3,2,3,8,gather_birch_log,True
D-noact,T3,3,2,4,8,wait,True
D-noact,T3,3,2,5,8,craft_birch_planks,True
D-noact,T2,4,1,0,0,gather_oak_log,True
D-noact,T2,4,1,1,5,craft_oak_planks,True
D-noact,T3,4,1,0,0,gather_oak_log,True
D-noact,T3,4,1,1,7,craft_oak_planks,True
D-noact,T3,4,2,0,8,wait,True
D-noact,T3,4,2,1,8,gather_birch_log,True
D-noact,T3,4,2,2,8,craft_birch_planks,True
D-noact,T2,5,1,0,0,gather_oak_log,True
D-noact,T2,5,1,1,5,wait,True
D-noact,T2,5,1,2,7,craft_oak_planks,True
D-noact,T3,5,1,0,0,gather_oak_log,True
D-noact,T3,5,1,1,7,craft_oak_planks,True
D-noact,T3,5,2,0,8,wait,True
D-noact,T3,5,2,1,8,gather_birch_log,True
D-noact,T3,5,2,2,8,craft_birch_planks,True
D-noact,T2,6,1,0,0,gather_oak_log,True
D-noact,T2,6,1,1,5,craft_oak_planks,True
D-noact,T3,6,1,0,0,wait,True
D-noact,T3,6,1,1,7,wait,True
D-noact,T3,6,1,2,7,gather_oak_log,True
D-noact,T3,6,1,3,8,craft_oak_planks,True
D-noact,T3,6,2,0,8,wait,True
D-noact,T3,6,2,1,8,gather_birch_log,True
D-noact,T3,6,2,2,8,wait,True
D-noact,T3,6,2,3,8,craft_birch_planks,True
D-noact,T2,7,1,0,0,gather_oak_log,True
D-noact,T2,7,1,1,5,craft_oak_planks,True
D-noact,T3,7,1,0,0,gather_oak_log,True
D-noact,T3,7,1,1,7,wait,True
D-noact,T3,7,1,2,8,craft_oak_planks,True
D-noact,T3,7,2,0,8,wait,True
D-noact,T3,7,2,1,8,wait,True
D-noact,T3,7,2,2,8,gather_birch_log,True
D-noact,T3,7,2,3,8,wait,True
D-noact,T3,7,2,4,8,wait,True
D-noact,T3,7,2,5,8,wait,True
D-noact,T3,7,2,6,8,wait,True
D-noact,T3,7,2,7,8,wait,True
D-noact,T2,8,1,0,0,gather_oak_log,True
D-noact,T2,8,1,1,5,wait,True
D-noact,T2,8,1,2,7,craft_oak_planks,True
D-noact,T3,8,1,0,0,gather_oak_log,True
D-noact,T3,8,1,1,7,wait,True
D-noact,T3,8,1,2,8,wait,True
D-noact,T3,8,1,3,8,wait,True
D-noact,T3,8,1,4,8,craft_oak_planks,True
D-noact,T3,8,2,0,8,wait,True
D-noact,T3,8,2,1,8,gather_birch_log,True
D-noact,T3,8,2,2,8,wait,True
D-noact,T3,8,2,3,8,wait,True
D-noact,T3,8,2,4,8,craft_birch_planks,True
D-noact,T2,9,1,0,0,gather_oak_log,True
D-noact,T2,9,1,1,5,wait,True
D-noact,T2,9,1,2,7,craft_oak_planks,True
D-noact,T3,9,1,0,0,wait,True
D-noact,T3,9,1,1,7,wait,True
D-noact,T3,9,1,2,7,wait,True
D-noact,T3,9,1,3,7,wait,True
D-noact,T3,9,1,4,7,wait,True
D-noact,T3,9,2,0,7,wait,True
D-noact,T3,9,2,1,7,gather_birch_log,True
D-noact,T3,9,2,2,8,wait,True
D-noact,T3,9,2,3,8,wait,True
D-noact,T3,9,2,4,8,wait,True
D-noact,T3,9,2,5,8,craft_birch_planks,True
D-noact,T2,10,1,0,0,gather_oak_log,True
D-noact,T2,10,1,1,5,wait,True
D-noact,T2,10,1,2,7,craft_oak_planks,True
D-noact,T3,10,1,0,0,wait,True
D-noact,T3,10,1,1,7,wait,True
D-noact,T3,10,1,2,7,wait,True
D-noact,T3,10,1,3,7,wait,True
D-noact,T3,10,1,4,7,wait,True
D-noact,T3,10,2,0,7,gather_birch_log,True
D-noact,T3,10,2,1,8,wait,True
D-noact,T3,10,2,2,8,craft_birch_planks,True
D-noact,T2,11,1,0,0,gather_oak_log,True
D-noact,T2,11,1,1,5,craft_oak_planks,True
D-noact,T3,11,1,0,0,wait,True
D-noact,T3,11,1,1,7,wait,True
D-noact,T3,11,1,2,7,gather_oak_log,True
D-noact,T3,11,1,3,8,wait,True
D-noact,T3,11,1,4,8,craft_oak_planks,True
D-noact,T3,11,2,0,8,gather_birch_log,True
D-noact,T3,11,2,1,8,craft_birch_planks,True
D-noact,T2,12,1,0,0,gather_oak_log,True
D-noact,T2,12,1,1,5,wait,True
D-noact,T2,12,1,2,7,craft_oak_planks,True
D-noact,T3,12,1,0,0,gather_oak_log,True
D-noact,T3,12,1,1,7,craft_oak_planks,True
D-noact,T3,12,2,0,8,wait,True
D-noact,T3,12,2,1,8,wait,True
D-noact,T3,12,2,2,8,wait,True
D-noact,T3,12,2,3,8,wait,True
D-noact,T3,12,2,4,8,gather_birch_log,True
D-noact,T3,12,2,5,8,wait,True
D-noact,T3,12,2,6,8,craft_birch_planks,True
D-noact,T2,13,1,0,0,gather_oak_log,True
D-noact,T2,13,1,1,5,craft_oak_planks,True
D-noact,T3,13,1,0,0,gather_oak_log,True
D-noact,T3,13,1,1,7,wait,True
D-noact,T3,13,1,2,8,craft_oak_planks,True
D-noact,T3,13,2,0,8,wait,True
D-noact,T3,13,2,1,8,gather_birch_log,True
D-noact,T3,13,2,2,8,wait,True
D-noact,T3,13,2,3,8,wait,True
D-noact,T3,13,2,4,8,craft_birch_planks,True
D-noact,T2,14,1,0,0,gather_oak_log,True
D-noact,T2,14,1,1,5,craft_oak_planks,True
D-noact,T3,14,1,0,0,gather_oak_log,True
D-noact,T3,14,1,1,7,craft_oak_planks,True
D-noact,T3,14,2,0,8,wait,True
D-noact,T3,14,2,1,8,wait,True
D-noact,T3,14,2,2,8,gather_birch_log,True
D-noact,T3,14,2,3,8,wait,True
D-noact,T3,14,2,4,8,wait,True
D-noact,T3,14,2,5,8,craft_birch_planks,True
D-noact,T2,15,1,0,0,gather_oak_log,True
D-noact,T2,15,1,1,5,craft_oak_planks,True
D-noact,T3,15,1,0,0,gather_oak_log,True
D-noact,T3,15,1,1,7,wait,True
D-noact,T3,15,1,2,8,craft_oak_planks,True
D-noact,T3,15,2,0,8,wait,True
D-noact,T3,15,2,1,8,gather_birch_log,True
D-noact,T3,15,2,2,8,wait,True
D-noact,T3,15,2,3,8,craft_birch_planks,True
D-noact,T2,16,1,0,0,gather_oak_log,True
D-noact,T2,16,1,1,5,craft_oak_planks,True
D-noact,T2,17,1,0,0,gather_oak_log,True
D-noact,T2,17,1,1,5,craft_oak_planks,True
D-noact,T2,18,1,0,0,gather_oak_log,True
D-noact,T2,18,1,1,5,wait,True
D-noact,T2,18,1,2,7,craft_oak_planks,True
D-noact,T3,16,1,0,0,wait,True
D-noact,T3,16,1,1,7,wait,True
D-noact,T3,16,1,2,7,gather_oak_log,True
D-noact,T3,16,1,3,8,craft_oak_planks,True
D-noact,T3,16,2,0,8,gather_birch_log,True
D-noact,T3,16,2,1,8,craft_birch_planks,True
D-noact,T2,19,1,0,0,gather_oak_log,True
D-noact,T2,19,1,1,5,wait,True
D-noact,T2,19,1,2,7,craft_oak_planks,True
D-noact,T2,20,1,0,0,wait,True
D-noact,T2,20,1,1,5,gather_oak_log,True
D-noact,T2,20,1,2,7,craft_oak_planks,True
D-noact,T3,17,1,0,0,wait,True
D-noact,T3,17,1,1,7,wait,True
D-noact,T3,17,1,2,7,wait,True
D-noact,T3,17,1,3,7,gather_oak_log,True
D-noact,T3,17,1,4,8,wait,True
D-noact,T3,17,2,0,8,wait,True
D-noact,T3,17,2,1,8,wait,True
D-noact,T3,17,2,2,8,wait,True
D-noact,T3,17,2,3,8,gather_birch_log,True
D-noact,T3,17,2,4,8,wait,True
D-noact,T3,17,2,5,8,wait,True
D-noact,T3,17,2,6,8,wait,True
D-noact,T3,17,2,7,8,wait,True
D-noact,T3,18,1,0,0,wait,True
D-noact,T3,18,1,1,7,wait,True
D-noact,T3,18,1,2,7,gather_oak_log,True
D-noact,T3,18,1,3,8,craft_oak_planks,True
D-noact,T3,18,2,0,8,wait,True
D-noact,T3,18,2,1,8,gather_birch_log,True
D-noact,T3,18,2,2,8,wait,True
D-noact,T3,18,2,3,8,wait,True
D-noact,T3,18,2,4,8,wait,True
D-noact,T3,18,2,5,8,wait,True
D-noact,T3,18,2,6,8,craft_birch_planks,True
D-noact,T3,19,1,0,0,wait,True
D-noact,T3,19,1,1,7,gather_oak_log,True
D-noact,T3,19,1,2,8,craft_oak_planks,True
D-noact,T3,19,2,0,8,wait,True
D-noact,T3,19,2,1,8,wait,True
D-noact,T3,19,2,2,8,gather_birch_log,True
D-noact,T3,19,2,3,8,craft_birch_planks,True
D-noact,T3,20,1,0,0,wait,True
D-noact,T3,20,1,1,7,wait,True
D-noact,T3,20,1,2,7,gather_oak_log,True
D-noact,T3,20,1,3,8,craft_oak_planks,True
D-noact,T3,20,2,0,8,wait,True
D-noact,T3,20,2,1,8,gather_birch_log,True
D-noact,T3,20,2,2,8,wait,True
D-noact,T3,20,2,3,8,craft_birch_planks,True
D-nodemand,T2,1,1,0,0,gather_oak_log,True
D-nodemand,T2,1,1,1,5,craft_oak_planks,True
D-nodemand,T3,1,1,0,0,gather_oak_log,True
D-nodemand,T3,1,1,1,7,craft_oak_planks,True
D-nodemand,T3,1,2,0,8,wait,True
D-nodemand,T3,1,2,1,8,wait,True
D-nodemand,T3,1,2,2,8,gather_birch_log,True
D-nodemand,T3,1,2,3,8,craft_birch_planks,True
D-nodemand,T2,2,1,0,0,gather_oak_log,True
D-nodemand,T2,2,1,1,5,wait,True
D-nodemand,T2,2,1,2,7,craft_oak_planks,True
D-nodemand,T3,2,1,0,0,gather_oak_log,True
D-nodemand,T3,2,1,1,7,wait,True
D-nodemand,T3,2,1,2,8,craft_oak_planks,True
D-nodemand,T3,2,2,0,8,wait,True
D-nodemand,T3,2,2,1,8,gather_birch_log,True
D-nodemand,T3,2,2,2,8,craft_birch_planks,True
D-nodemand,T2,3,1,0,0,gather_oak_log,True
D-nodemand,T2,3,1,1,5,craft_oak_planks,True
D-nodemand,T3,3,1,0,0,gather_oak_log,True
D-nodemand,T3,3,1,1,7,craft_oak_planks,True
D-nodemand,T3,3,2,0,8,wait,True
D-nodemand,T3,3,2,1,8,gather_birch_log,True
D-nodemand,T3,3,2,2,8,craft_birch_planks,True
D-nodemand,T2,4,1,0,0,gather_oak_log,True
D-nodemand,T2,4,1,1,5,craft_oak_planks,True
D-nodemand,T3,4,1,0,0,gather_oak_log,True
D-nodemand,T3,4,1,1,7,craft_oak_planks,True
D-nodemand,T3,4,2,0,8,gather_birch_log,True
D-nodemand,T3,4,2,1,8,craft_birch_planks,True
D-nodemand,T2,5,1,0,0,gather_oak_log,True
D-nodemand,T2,5,1,1,5,craft_oak_planks,True
D-nodemand,T3,5,1,0,0,wait,True
D-nodemand,T3,5,1,1,7,wait,True
D-nodemand,T3,5,1,2,7,gather_oak_log,True
D-nodemand,T3,5,1,3,8,wait,True
D-nodemand,T3,5,1,4,8,craft_oak_planks,True
D-nodemand,T3,5,2,0,8,gather_birch_log,True
D-nodemand,T3,5,2,1,8,wait,True
D-nodemand,T3,5,2,2,8,wait,True
D-nodemand,T3,5,2,3,8,craft_birch_planks,True
D-nodemand,T2,6,1,0,0,gather_oak_log,True
D-nodemand,T2,6,1,1,5,craft_oak_planks,True
D-nodemand,T3,6,1,0,0,wait,True
D-nodemand,T3,6,1,1,7,wait,True
D-nodemand,T3,6,1,2,7,gather_oak_log,True
D-nodemand,T3,6,1,3,8,craft_oak_planks,True
D-nodemand,T3,6,2,0,8,gather_birch_log,True
D-nodemand,T3,6,2,1,8,craft_birch_planks,True
D-nodemand,T2,7,1,0,0,gather_oak_log,True
D-nodemand,T2,7,1,1,5,craft_oak_planks,True
D-nodemand,T3,7,1,0,0,wait,True
D-nodemand,T3,7,1,1,7,gather_oak_log,True
D-nodemand,T3,7,1,2,8,craft_oak_planks,True
D-nodemand,T3,7,2,0,8,wait,True
D-nodemand,T3,7,2,1,8,gather_birch_log,True
D-nodemand,T3,7,2,2,8,craft_birch_planks,True
D-nodemand,T2,8,1,0,0,gather_oak_log,True
D-nodemand,T2,8,1,1,5,craft_oak_planks,True
D-nodemand,T3,8,1,0,0,gather_oak_log,True
D-nodemand,T3,8,1,1,7,craft_oak_planks,True
D-nodemand,T3,8,2,0,8,wait,True
D-nodemand,T3,8,2,1,8,gather_birch_log,True
D-nodemand,T3,8,2,2,8,wait,True
D-nodemand,T3,8,2,3,8,wait,True
D-nodemand,T3,8,2,4,8,wait,True
D-nodemand,T3,8,2,5,8,wait,True
D-nodemand,T3,8,2,6,8,craft_birch_planks,True
D-nodemand,T2,9,1,0,0,gather_oak_log,True
D-nodemand,T2,9,1,1,5,craft_oak_planks,True
D-nodemand,T3,9,1,0,0,wait,True
D-nodemand,T3,9,1,1,7,wait,True
D-nodemand,T3,9,1,2,7,wait,True
D-nodemand,T3,9,1,3,7,wait,True
D-nodemand,T3,9,1,4,7,wait,True
D-nodemand,T3,9,2,0,7,wait,True
D-nodemand,T3,9,2,1,7,gather_birch_log,True
D-nodemand,T3,9,2,2,8,craft_birch_planks,True
D-nodemand,T2,10,1,0,0,gather_oak_log,True
D-nodemand,T2,10,1,1,5,craft_oak_planks,True
D-nodemand,T3,10,1,0,0,gather_oak_log,True
D-nodemand,T3,10,1,1,7,wait,True
D-nodemand,T3,10,1,2,8,craft_oak_planks,True
D-nodemand,T3,10,2,0,8,gather_birch_log,True
D-nodemand,T3,10,2,1,8,wait,True
D-nodemand,T3,10,2,2,8,craft_birch_planks,True
D-nodemand,T2,11,1,0,0,gather_oak_log,True
D-nodemand,T2,11,1,1,5,craft_oak_planks,True
D-nodemand,T3,11,1,0,0,gather_oak_log,True
D-nodemand,T3,11,1,1,7,craft_oak_planks,True
D-nodemand,T3,11,2,0,8,wait,True
D-nodemand,T3,11,2,1,8,wait,True
D-nodemand,T3,11,2,2,8,gather_birch_log,True
D-nodemand,T3,11,2,3,8,wait,True
D-nodemand,T3,11,2,4,8,wait,True
D-nodemand,T3,11,2,5,8,craft_birch_planks,True
D-nodemand,T2,12,1,0,0,gather_oak_log,True
D-nodemand,T2,12,1,1,5,craft_oak_planks,True
D-nodemand,T3,12,1,0,0,wait,True
D-nodemand,T3,12,1,1,7,gather_oak_log,True
D-nodemand,T3,12,1,2,8,craft_oak_planks,True
D-nodemand,T3,12,2,0,8,wait,True
D-nodemand,T3,12,2,1,8,gather_birch_log,True
D-nodemand,T3,12,2,2,8,craft_birch_planks,True
D-nodemand,T2,13,1,0,0,gather_oak_log,True
D-nodemand,T2,13,1,1,5,craft_oak_planks,True
D-nodemand,T3,13,1,0,0,gather_oak_log,True
D-nodemand,T3,13,1,1,7,craft_oak_planks,True
D-nodemand,T3,13,2,0,8,gather_birch_log,True
D-nodemand,T3,13,2,1,8,craft_birch_planks,True
D-nodemand,T2,14,1,0,0,gather_oak_log,True
D-nodemand,T2,14,1,1,5,wait,True
D-nodemand,T2,14,1,2,7,craft_oak_planks,True
D-nodemand,T3,14,1,0,0,wait,True
D-nodemand,T3,14,1,1,7,wait,True
D-nodemand,T3,14,1,2,7,gather_oak_log,True
D-nodemand,T3,14,1,3,8,craft_oak_planks,True
D-nodemand,T3,14,2,0,8,wait,True
D-nodemand,T3,14,2,1,8,wait,True
D-nodemand,T3,14,2,2,8,wait,True
D-nodemand,T3,14,2,3,8,wait,True
D-nodemand,T3,14,2,4,8,wait,True
D-nodemand,T3,14,2,5,8,gather_birch_log,True
D-nodemand,T3,14,2,6,8,craft_birch_planks,True
D-nodemand,T2,15,1,0,0,gather_oak_log,True
D-nodemand,T2,15,1,1,5,craft_oak_planks,True
D-nodemand,T3,15,1,0,0,wait,True
D-nodemand,T3,15,1,1,7,gather_oak_log,True
D-nodemand,T3,15,1,2,8,craft_oak_planks,True
D-nodemand,T3,15,2,0,8,wait,True
D-nodemand,T3,15,2,1,8,gather_birch_log,True
D-nodemand,T3,15,2,2,8,craft_birch_planks,True
D-nodemand,T2,16,1,0,0,gather_oak_log,True
D-nodemand,T2,16,1,1,5,craft_oak_planks,True
D-nodemand,T3,16,1,0,0,gather_oak_log,True
D-nodemand,T3,16,1,1,7,wait,True
D-nodemand,T3,16,1,2,8,craft_oak_planks,True
D-nodemand,T3,16,2,0,8,gather_birch_log,True
D-nodemand,T3,16,2,1,8,craft_birch_planks,True
D-nodemand,T2,17,1,0,0,gather_oak_log,True
D-nodemand,T2,17,1,1,5,wait,True
D-nodemand,T2,17,1,2,7,craft_oak_planks,True
D-nodemand,T3,17,1,0,0,wait,True
D-nodemand,T3,17,1,1,7,wait,True
D-nodemand,T3,17,1,2,7,wait,True
D-nodemand,T3,17,1,3,7,gather_oak_log,True
D-nodemand,T3,17,1,4,8,craft_oak_planks,True
D-nodemand,T3,17,2,0,8,gather_birch_log,True
D-nodemand,T3,17,2,1,8,craft_birch_planks,True
D-nodemand,T2,18,1,0,0,gather_oak_log,True
D-nodemand,T2,18,1,1,5,wait,True
D-nodemand,T2,18,1,2,7,craft_oak_planks,True
D-nodemand,T2,19,1,0,0,gather_oak_log,True
D-nodemand,T2,19,1,1,5,wait,True
D-nodemand,T2,19,1,2,7,craft_oak_planks,True
D-nodemand,T2,20,1,0,0,gather_oak_log,True
D-nodemand,T2,20,1,1,5,craft_oak_planks,True
D-nodemand,T3,18,1,0,0,gather_oak_log,True
D-nodemand,T3,18,1,1,7,craft_oak_planks,True
D-nodemand,T3,18,2,0,8,wait,True
D-nodemand,T3,18,2,1,8,wait,True
D-nodemand,T3,18,2,2,8,gather_birch_log,True
D-nodemand,T3,18,2,3,8,craft_birch_planks,True
D-nodemand,T3,19,1,0,0,wait,True
D-nodemand,T3,19,1,1,7,wait,True
D-nodemand,T3,19,1,2,7,gather_oak_log,True
D-nodemand,T3,19,1,3,8,craft_oak_planks,True
D-nodemand,T3,19,2,0,8,wait,True
D-nodemand,T3,19,2,1,8,wait,True
D-nodemand,T3,19,2,2,8,gather_birch_log,True
D-nodemand,T3,19,2,3,8,craft_birch_planks,True
D-nodemand,T3,20,1,0,0,gather_oak_log,True
D-nodemand,T3,20,1,1,7,craft_oak_planks,True
D-nodemand,T3,20,2,0,8,gather_birch_log,True
D-nodemand,T3,20,2,1,8,wait,True
D-nodemand,T3,20,2,2,8,craft_birch_planks,True
D-flat,T2,1,1,0,0,gather_oak_log,True
D-flat,T2,1,1,1,0,craft_oak_planks,True
D-flat,T3,1,1,0,0,gather_oak_log,True
D-flat,T3,1,1,1,0,craft_oak_planks,True
D-flat,T3,1,2,0,0,wait,True
D-flat,T3,1,2,1,0,wait,True
D-flat,T3,1,2,2,0,gather_birch_log,True
D-flat,T3,1,2,3,0,craft_birch_planks,True
D-flat,T2,2,1,0,0,gather_oak_log,True
D-flat,T2,2,1,1,0,craft_oak_planks,True
D-flat,T3,2,1,0,0,wait,True
D-flat,T3,2,1,1,0,wait,True
D-flat,T3,2,1,2,0,wait,True
D-flat,T3,2,1,3,0,gather_oak_log,True
D-flat,T3,2,1,4,0,craft_oak_planks,True
D-flat,T3,2,2,0,0,wait,True
D-flat,T3,2,2,1,0,wait,True
D-flat,T3,2,2,2,0,wait,True
D-flat,T3,2,2,3,0,wait,True
D-flat,T3,2,2,4,0,wait,True
D-flat,T3,2,2,5,0,wait,True
D-flat,T3,2,2,6,0,gather_birch_log,True
D-flat,T3,2,2,7,0,wait,True
D-flat,T2,3,1,0,0,gather_oak_log,True
D-flat,T2,3,1,1,0,wait,True
D-flat,T2,3,1,2,0,craft_oak_planks,True
D-flat,T3,3,1,0,0,wait,True
D-flat,T3,3,1,1,0,wait,True
D-flat,T3,3,1,2,0,wait,True
D-flat,T3,3,1,3,0,gather_oak_log,True
D-flat,T3,3,1,4,0,wait,True
D-flat,T3,3,2,0,0,gather_birch_log,True
D-flat,T3,3,2,1,0,craft_birch_planks,True
D-flat,T2,4,1,0,0,gather_oak_log,True
D-flat,T2,4,1,1,0,wait,True
D-flat,T2,4,1,2,0,craft_oak_planks,True
D-flat,T3,4,1,0,0,wait,True
D-flat,T3,4,1,1,0,wait,True
D-flat,T3,4,1,2,0,wait,True
D-flat,T3,4,1,3,0,gather_oak_log,True
D-flat,T3,4,1,4,0,craft_oak_planks,True
D-flat,T3,4,2,0,0,wait,True
D-flat,T3,4,2,1,0,wait,True
D-flat,T3,4,2,2,0,wait,True
D-flat,T3,4,2,3,0,wait,True
D-flat,T3,4,2,4,0,wait,True
D-flat,T3,4,2,5,0,wait,True
D-flat,T3,4,2,6,0,wait,True
D-flat,T3,4,2,7,0,wait,True
D-flat,T2,5,1,0,0,gather_oak_log,True
D-flat,T2,5,1,1,0,craft_oak_planks,True
D-flat,T3,5,1,0,0,gather_oak_log,True
D-flat,T3,5,1,1,0,craft_oak_planks,True
D-flat,T3,5,2,0,0,gather_birch_log,True
D-flat,T3,5,2,1,0,craft_birch_planks,True
D-flat,T2,6,1,0,0,gather_oak_log,True
D-flat,T2,6,1,1,0,craft_oak_planks,True
D-flat,T3,6,1,0,0,wait,True
D-flat,T3,6,1,1,0,wait,True
D-flat,T3,6,1,2,0,gather_oak_log,True
D-flat,T3,6,1,3,0,craft_oak_planks,True
D-flat,T3,6,2,0,0,wait,True
D-flat,T3,6,2,1,0,wait,True
D-flat,T3,6,2,2,0,wait,True
D-flat,T3,6,2,3,0,gather_birch_log,True
D-flat,T3,6,2,4,0,craft_birch_planks,True
D-flat,T2,7,1,0,0,gather_oak_log,True
D-flat,T2,7,1,1,0,wait,True
D-flat,T2,7,1,2,0,craft_oak_planks,True
D-flat,T3,7,1,0,0,gather_oak_log,True
D-flat,T3,7,1,1,0,craft_oak_planks,True
D-flat,T3,7,2,0,0,wait,True
D-flat,T3,7,2,1,0,gather_birch_log,True
D-flat,T3,7,2,2,0,craft_birch_planks,True
D-flat,T2,8,1,0,0,gather_oak_log,True
D-flat,T2,8,1,1,0,craft_oak_planks,True
D-flat,T3,8,1,0,0,gather_oak_log,True
D-flat,T3,8,1,1,0,craft_oak_planks,True
D-flat,T3,8,2,0,0,wait,True
D-flat,T3,8,2,1,0,gather_birch_log,True
D-flat,T3,8,2,2,0,wait,True
D-flat,T3,8,2,3,0,craft_birch_planks,True
D-flat,T2,9,1,0,0,gather_oak_log,True
D-flat,T2,9,1,1,0,craft_oak_planks,True
D-flat,T3,9,1,0,0,wait,True
D-flat,T3,9,1,1,0,wait,True
D-flat,T3,9,1,2,0,gather_oak_log,True
D-flat,T3,9,1,3,0,wait,True
D-flat,T3,9,1,4,0,craft_oak_planks,True
D-flat,T3,9,2,0,0,wait,True
D-flat,T3,9,2,1,0,wait,True
D-flat,T3,9,2,2,0,gather_birch_log,True
D-flat,T3,9,2,3,0,wait,True
D-flat,T3,9,2,4,0,wait,True
D-flat,T3,9,2,5,0,wait,True
D-flat,T3,9,2,6,0,craft_birch_planks,True
D-flat,T2,10,1,0,0,wait,True
D-flat,T2,10,1,1,0,gather_oak_log,True
D-flat,T2,10,1,2,0,craft_oak_planks,True
D-flat,T3,10,1,0,0,wait,True
D-flat,T3,10,1,1,0,wait,True
D-flat,T3,10,1,2,0,wait,True
D-flat,T3,10,1,3,0,wait,True
D-flat,T3,10,1,4,0,wait,True
D-flat,T3,10,2,0,0,wait,True
D-flat,T3,10,2,1,0,gather_birch_log,True
D-flat,T3,10,2,2,0,craft_birch_planks,True
D-flat,T2,11,1,0,0,gather_oak_log,True
D-flat,T2,11,1,1,0,wait,True
D-flat,T2,11,1,2,0,craft_oak_planks,True
D-flat,T3,11,1,0,0,wait,True
D-flat,T3,11,1,1,0,gather_oak_log,True
D-flat,T3,11,1,2,0,craft_oak_planks,True
D-flat,T3,11,2,0,0,wait,True
D-flat,T3,11,2,1,0,wait,True
D-flat,T3,11,2,2,0,gather_birch_log,True
D-flat,T3,11,2,3,0,wait,True
D-flat,T3,11,2,4,0,craft_birch_planks,True
D-flat,T2,12,1,0,0,gather_oak_log,True
D-flat,T2,12,1,1,0,wait,True
D-flat,T2,12,1,2,0,wait,True
D-flat,T2,12,1,3,0,craft_oak_planks,True
D-flat,T3,12,1,0,0,gather_oak_log,True
D-flat,T3,12,1,1,0,wait,True
D-flat,T3,12,1,2,0,craft_oak_planks,True
D-flat,T3,12,2,0,0,wait,True
D-flat,T3,12,2,1,0,wait,True
D-flat,T3,12,2,2,0,wait,True
D-flat,T3,12,2,3,0,wait,True
D-flat,T3,12,2,4,0,gather_birch_log,True
D-flat,T3,12,2,5,0,wait,True
D-flat,T3,12,2,6,0,wait,True
D-flat,T3,12,2,7,0,wait,True
D-flat,T2,13,1,0,0,gather_oak_log,True
D-flat,T2,13,1,1,0,wait,True
D-flat,T2,13,1,2,0,wait,True
D-flat,T2,13,1,3,0,craft_oak_planks,True
D-flat,T3,13,1,0,0,gather_oak_log,True
D-flat,T3,13,1,1,0,wait,True
D-flat,T3,13,1,2,0,craft_oak_planks,True
D-flat,T3,13,2,0,0,gather_birch_log,True
D-flat,T3,13,2,1,0,craft_birch_planks,True
D-flat,T2,14,1,0,0,gather_oak_log,True
D-flat,T2,14,1,1,0,craft_oak_planks,True
D-flat,T3,14,1,0,0,wait,True
D-flat,T3,14,1,1,0,gather_oak_log,True
D-flat,T3,14,1,2,0,wait,True
D-flat,T3,14,1,3,0,craft_oak_planks,True
D-flat,T3,14,2,0,0,wait,True
D-flat,T3,14,2,1,0,wait,True
D-flat,T3,14,2,2,0,wait,True
D-flat,T3,14,2,3,0,gather_birch_log,True
D-flat,T3,14,2,4,0,craft_birch_planks,True
D-flat,T2,15,1,0,0,gather_oak_log,True
D-flat,T2,15,1,1,0,craft_oak_planks,True
D-flat,T3,15,1,0,0,wait,True
D-flat,T3,15,1,1,0,wait,True
D-flat,T3,15,1,2,0,gather_oak_log,True
D-flat,T3,15,1,3,0,craft_oak_planks,True
D-flat,T3,15,2,0,0,gather_birch_log,True
D-flat,T3,15,2,1,0,craft_birch_planks,True
D-flat,T2,16,1,0,0,gather_oak_log,True
D-flat,T2,16,1,1,0,craft_oak_planks,True
D-flat,T2,17,1,0,0,gather_oak_log,True
D-flat,T2,17,1,1,0,wait,True
D-flat,T2,17,1,2,0,craft_oak_planks,True
D-flat,T2,18,1,0,0,gather_oak_log,True
D-flat,T2,18,1,1,0,craft_oak_planks,True
D-flat,T2,19,1,0,0,gather_oak_log,True
D-flat,T2,19,1,1,0,craft_oak_planks,True
D-flat,T2,20,1,0,0,gather_oak_log,True
D-flat,T2,20,1,1,0,craft_oak_planks,True
D-flat,T3,16,1,0,0,wait,True
D-flat,T3,16,1,1,0,gather_oak_log,True
D-flat,T3,16,1,2,0,craft_oak_planks,True
D-flat,T3,16,2,0,0,wait,True
D-flat,T3,16,2,1,0,wait,True
D-flat,T3,16,2,2,0,wait,True
D-flat,T3,16,2,3,0,wait,True
D-flat,T3,16,2,4,0,wait,True
D-flat,T3,16,2,5,0,gather_birch_log,True
D-flat,T3,16,2,6,0,wait,True
D-flat,T3,16,2,7,0,wait,True
D-flat,T3,17,1,0,0,gather_oak_log,True
D-flat,T3,17,1,1,0,craft_oak_planks,True
D-flat,T3,17,2,0,0,wait,True
D-flat,T3,17,2,1,0,wait,True
D-flat,T3,17,2,2,0,gather_birch_log,True
D-flat,T3,17,2,3,0,craft_birch_planks,True
D-flat,T3,18,1,0,0,gather_oak_log,True
D-flat,T3,18,1,1,0,craft_oak_planks,True
D-flat,T3,18,2,0,0,wait,True
D-flat,T3,18,2,1,0,wait,True
D-flat,T3,18,2,2,0,gather_birch_log,True
D-flat,T3,18,2,3,0,wait,True
D-flat,T3,18,2,4,0,craft_birch_planks,True
D-flat,T3,19,1,0,0,wait,True
D-flat,T3,19,1,1,0,gather_oak_log,True
D-flat,T3,19,1,2,0,wait,True
D-flat,T3,19,1,3,0,craft_oak_planks,True
D-flat,T3,19,2,0,0,gather_birch_log,True
D-flat,T3,19,2,1,0,craft_birch_planks,True
D-flat,T3,20,1,0,0,gather_oak_log,True
D-flat,T3,20,1,1,0,craft_oak_planks,True
D-flat,T3,20,2,0,0,wait,True
D-flat,T3,20,2,1,0,wait,True
D-flat,T3,20,2,2,0,gather_birch_log,True
D-flat,T3,20,2,3,0,craft_birch_planks,True
